energy_cm-1,relative_intensity_3pt_smoothed
-20.1034,0.005210484099632533
-19.9824,0.008338709257944792
-19.8614,0.010510503510050603
-19.7404,0.02669468490738503
-19.6194,0.02767187417735667
-19.4985,0.02377653312172171
-19.3775,0.01855813578792659
-19.2565,0.023212140328442037
-19.1355,0.028834318760930254
-19.0145,0.02620912315022205
-18.8935,0.015599109531213032
-18.7726,0.017878152686408202
-18.6516,0.02225298181446812
-18.5306,0.038660716041441875
-18.4096,0.05353786585624999
-18.2886,0.04067861454017924
-18.1676,0.031844685890592486
-18.0467,0.003117964912814869
-17.9257,0.0023655416236116884
-17.8047,-0.006300892879231053
-17.6837,-0.004523277594985782
-17.5627,0.016454262140867613
-17.4417,0.03397471761330514
-17.3208,0.04668306244382238
-17.1998,0.022651934095921714
-17.0788,0.012132288342394692
-16.9578,0.005702515996150889
-16.8368,0.026136008989687733
-16.7158,0.08252399501926135
-16.5949,0.1876939297406299
-16.4739,0.2737755737015477
-16.3529,0.3085634355932515
-16.2319,0.31867910202077676
-16.1109,0.2964954204734239
-15.9899,0.3574513962497296
-15.869,0.42453929594734574
-15.748,0.4639313835378087
-15.627,0.5054130961963826
-15.506,0.43211291915560873
-15.385,0.42307646562928763
-15.264,0.2886167809407455
-15.1431,0.2351516169322278
-15.0221,0.32716886048793725
-14.9011,0.43104735222233426
-14.7801,0.5235809224135142
-14.6591,0.47931021495452186
-14.5381,0.4705402185765313
-14.4172,0.453727735901598
-14.2962,0.3983032931740664
-14.1752,0.329633698135014
-14.0542,0.2754759358390534
-13.9332,0.28234173690256664
-13.8122,0.2922229717857521
-13.6913,0.3163411298512565
-13.5703,0.35264638214546007
-13.4493,0.3451709131713641
-13.3283,0.3663109834421522
-13.2073,0.3180177364280898
-13.0863,0.3424378343301788
-12.9654,0.3601699014191806
-12.8444,0.3784464592796704
-12.7234,0.40994636444772603
-12.6024,0.41471468271261225
-12.4814,0.46825770247888804
-12.3604,0.5040267895485683
-12.2395,0.4941906712008388
-12.1185,0.4597689747937326
-11.9975,0.43099033411926496
-11.8765,0.530733479101767
-11.7555,0.5746968073668245
-11.6345,0.6193069116946499
-11.5136,0.5549589970776537
-11.3926,0.5520665434802879
-11.2716,0.4990175854581715
-11.1506,0.48237981240401834
-11.0296,0.4942077187493855
-10.9086,0.500829224477679
-10.7877,0.5289971664595587
-10.6667,0.5147272582530751
-10.5457,0.5740524893226842
-10.4247,0.5446181920020197
-10.3037,0.5965991012849569
-10.1828,0.5657194890112294
-10.0618,0.6253815479237513
-9.94078,0.614539307048075
-9.8198,0.6684062302367373
-9.69882,0.7209038784679471
-9.57783,0.7403315026644923
-9.45685,0.7423007720398637
-9.33587,0.7163567818795502
-9.21488,0.731631861122899
-9.0939,0.7480682352314312
-8.97292,0.8102370766895467
-8.85194,0.8242615001969585
-8.73095,0.8620505235421094
-8.60997,0.8426543778421831
-8.48899,0.9153008805098468
-8.368,0.9072765597634719
-8.24702,0.9746450621101663
-8.12604,0.9270418047121645
-8.00505,0.9964834475439794
-7.88407,1.083973211085759
-7.76309,1.1538731554552473
-7.6421,1.1984103121334777
-7.52112,1.1197890798002885
-7.40014,1.1499129702823963
-7.27915,1.1846952025185336
-7.15817,1.2145636969361353
-7.03719,1.2423267001718392
-6.9162,1.2896299207154198
-6.79522,1.3117113328296772
-6.67424,1.301013797889339
-6.55326,1.282789413456494
-6.43227,1.3351161104566964
-6.31129,1.4274082873604557
-6.19031,1.47628995231761
-6.06932,1.5099407030757899
-5.94834,1.6580750986537667
-5.82736,1.6749057865247292
-5.70637,1.7246073989215163
-5.58539,1.6736035123976114
-5.46441,1.761678997991085
-5.34342,1.8611406601952585
-5.22244,1.995952991265946
-5.10146,2.0636010734088055
-4.98047,2.1220595753939326
-4.85949,2.114072838545284
-4.73851,2.160251872375867
-4.61752,2.219048470858682
-4.49654,2.2787180624089345
-4.37556,2.4887287952283357
-4.25457,2.658663516596859
-4.13359,2.9517830308543185
-4.01261,3.238778114182735
-3.89163,3.72422093496051
-3.77064,4.292585410596947
-3.64966,5.249833806224402
-3.52868,6.57266489816191
-3.40769,8.25478298708573
-3.28671,9.675880906301598
-3.16573,10.807241069146126
-3.04474,12.257060539571562
-2.92376,14.425603863814985
-2.80278,17.697313877243694
-2.68179,21.768054384692917
-2.56081,27.663271112159862
-2.43983,35.66212361391536
-2.31884,45.83541868462066
-2.19786,58.111065016654265
-2.07688,71.67160490538055
-1.95589,86.8120164443032
-1.83491,103.41807312906721
-1.71393,123.12322348685957
-1.59295,144.61726429821505
-1.47196,169.57576342886935
-1.35098,195.00392648653033
-1.23,223.27971205342556
-1.10901,252.7859738162341
-0.988029,284.2033529911391
-0.867046,317.17531001165264
-0.746063,348.2871098965856
-0.62508,377.5259154454278
-0.504097,399.55143538772944
-0.383113,413.4602368705331
-0.26213,415.0162974564106
-0.141147,403.6410550640575
-0.0201639,379.18085181287597
0.100819,344.78558307056323
0.221802,303.3863488305857
0.342786,258.4472743903638
0.463769,211.35877366754772
0.584752,166.5096072054517
0.705735,125.89675655720079
0.826718,92.13076437084554
0.947701,64.33343609437014
1.06868,43.17298805624961
1.18967,27.559423789687482
1.31065,17.344001451341057
1.43163,10.44806983690808
1.55262,6.356911916664605
1.6736,3.863751551723372
1.79458,2.7909850025975724
1.91557,2.6579586202871868
2.03655,2.933098124737943
2.15753,3.3662565105777222
2.27852,3.407408499860125
2.3995,3.009249127641255
2.52048,2.3333098632199807
2.64147,2.143273306932622
2.76245,2.249650009863786
2.88343,2.4583595786289996
3.00442,2.7343633541456125
3.1254,2.9583364256793474
3.24638,3.108886102077231
3.36736,3.3818609643171795
3.48835,3.6565009359500587
3.60933,4.140500661920626
3.73031,4.320372121818767
3.8513,4.91574387889929
3.97228,5.268160317366679
4.09326,5.56568364951382
4.21425,5.6258337440603166
4.33523,5.915285260197923
4.45621,6.2429708596341325
4.5772,6.284217998024703
4.69818,5.989691862784835
4.81916,5.738466500853486
4.94015,5.597709253504497
5.06113,5.565073109403077
5.18211,5.318506089225757
5.3031,5.006022938546996
5.42408,4.940573038675574
5.54506,4.869104164803329
5.66605,5.010776429409194
5.78703,4.908361101014734
5.90801,5.119735637717867
6.02899,5.357729723249303
6.14998,5.65367595892857
6.27096,5.609380084530468
6.39194,5.412408744076175
6.51293,5.140470214206015
6.63391,5.066958806145109
6.75489,4.989128421482638
6.87588,4.727171825968475
6.99686,4.599606209557665
7.11784,4.738990931021337
7.23883,5.056781023208135
7.35981,5.308800880192683
7.48079,5.395847248890403
7.60178,5.692347728124744
7.72276,6.059302950320113
7.84374,6.404873410454857
7.96473,6.432760821149489
8.08571,6.362156218343097
8.20669,6.0207041287735334
8.32767,5.453169036196623
8.44866,4.682672173897047
8.56964,3.974375076515741
8.69062,3.564392634697835
8.81161,3.0081905938128974
8.93259,2.53011548564422
9.05357,2.043842488897685
9.17456,1.8356015294901977
9.29554,1.6719268265298552
9.41652,1.5287258329194349
9.53751,1.4157648117030865
9.65849,1.235043353105318
9.77947,1.173470779391718
9.90046,0.925563742607707
10.0214,0.9504460273027192
10.1424,0.779468630290528
10.2634,0.8778726308664974
10.3844,0.7565860626855009
10.5054,0.8402982480511875
10.6264,0.7666179503232846
10.7473,0.7288247245591899
10.8683,0.664869458595231
10.9893,0.5424855040333705
11.1103,0.48168760264210014
11.2313,0.45887877559590284
11.3523,0.5351265134258564
11.4732,0.6971305566286261
11.5942,0.7216243157986214
11.7152,0.696047442613987
11.8362,0.5444273387492206
11.9572,0.5530304039460237
12.0782,0.5510655748623666
12.1991,0.5888786233573298
12.3201,0.5019599130464014
12.4411,0.5638266560860857
12.5621,0.531399047113398
12.6831,0.599674875497392
12.8041,0.5727897020754558
12.925,0.6133263937917108
13.046,0.6125231767369307
13.167,0.4954096898583099
13.288,0.5075380295127159
13.409,0.4752166703774819
13.53,0.5380808932344543
13.6509,0.49223408837322286
13.7719,0.46692046105451834
13.8929,0.4145075748205012
14.0139,0.35550006248124766
14.1349,0.3948291534330116
14.2559,0.5257162666280994
14.3768,0.6273862603419151
14.4978,0.5969615400961512
14.6188,0.5282515939061436
14.7398,0.45949090152511335
14.8608,0.41258326339873885
14.9817,0.34978294902608537
15.1027,0.3287289886981888
15.2237,0.3563778922950154
15.3447,0.3849773354824344
15.4657,0.4136708177050923
15.5867,0.3980295729771458
15.7076,0.3602547427072966
15.8286,0.32780469440326604
15.9496,0.3409919643406516
16.0706,0.3352781018133517
16.1916,0.34736552735124543
16.3126,0.2845342102275142
16.4335,0.28206945187136084
16.5545,0.2671875763175138
16.6755,0.29184300968047017
16.7965,0.32614521466590285
16.9175,0.3177331613037457
17.0385,0.3222231684272423
17.1594,0.25939240633997535
17.2804,0.22703362188886198
17.4014,0.20949462819851652
17.5224,0.27105752841945274
17.6434,0.3042246045444482
17.7644,0.31526792720205166
17.8853,0.3201375792671362
18.0063,0.3078011802295377
18.1273,0.2872683991416281
18.2483,0.25320145032613933
18.3693,0.23108277147784956
18.4903,0.22886262562061008
18.6112,0.26342125745255385
18.7322,0.32797033314240076
18.8532,0.387841085765503
18.9742,0.38404297124023046
19.0952,0.35823504430459635
19.2162,0.28188327678304664
19.3371,0.25625185144306295
19.4581,0.2624056993047137
19.5791,0.33496569557486866
19.7001,0.36152022584592314
19.8211,0.30570536254030356
19.9421,0.2379122572984123
20.063,0.19949889722183628
20.184,0.2429039380947215
20.305,0.2740299865586026
20.426,0.31609057053308237
20.547,0.3479665525511696
20.668,0.3406014565425478
20.7889,0.3391961835058387
20.9099,0.30986631233138784
21.0309,0.289638008389614
21.1519,0.2690462348546407
21.2729,0.27547109909272155
21.3939,0.3200786661109959
21.5148,0.3460439062388001
21.6358,0.3505910821181206
21.7568,0.3044998233398224
21.8778,0.2584283080014691
21.9988,0.24222631786272264
22.1198,0.2502959137264006
22.2407,0.2887335368255593
22.3617,0.2898053122381417
22.4827,0.2821734815629573
22.6037,0.28060534496943496
22.7247,0.31273101410553816
22.8457,0.3178398075958167
22.9666,0.3226310409375866
23.0876,0.3071337885266668
23.2086,0.3466530191129185
23.3296,0.3328245234774081
23.4506,0.3240075313690751
23.5716,0.3360088469640774
23.6925,0.32512719849943517
23.8135,0.3273697836880175
23.9345,0.2439353544272563
24.0555,0.303310142324036
24.1563,0.2836790576178596
24.2571,0.348223851597839
24.3784,0.2845108194050897
24.5003,0.28760435478438257
24.6228,0.2777937681140114
24.7459,0.29064230722632095
24.8696,0.2971288598028637
24.994,0.30503836729205003
25.119,0.3080189131053941
25.2446,0.3060866725912844
25.3708,0.2949251271667831
25.4976,0.2908257864232372
25.6251,0.3121032678644036
25.7533,0.3007019466873203
25.882,0.3000968776502991
26.0114,0.2703584996381162
26.1415,0.2742845897138739
26.2722,0.26549883822938924
26.4036,0.2895895616353721
26.5356,0.30680251104839723
26.6682,0.3345650385385604
26.8016,0.3346894459974893
26.9356,0.31271483875714967
27.0703,0.2877604786127006
27.2056,0.295301917635126
27.3417,0.31062917030612003
27.4784,0.3285425757371042
27.6158,0.33304645877220856
27.7538,0.3376865636138392
27.8926,0.3190872124038915
28.0321,0.30298679393811373
28.1722,0.31629038366023393
28.3131,0.3185311451575764
28.4547,0.32775926070411604
28.5969,0.341393493577118
28.7399,0.3603898544408943
28.8836,0.3642923158214571
29.028,0.3377568153720361
29.1732,0.31750543777153173
29.319,0.3164720391659102
29.4656,0.3281776789072823
29.613,0.35382218724963893
29.761,0.3681008967486281
29.9098,0.3694963377108267
30.0594,0.3611519195063918
30.2097,0.346184568337041
30.3607,0.33478816319721294
30.5125,0.32753732540931557
30.6651,0.32843553299041595
30.8184,0.3478779845896504
30.9725,0.37183177257079564
31.1274,0.3694153816779608
31.283,0.36324305903114107
31.4394,0.3510733295146825
31.5966,0.358818546210433
31.7546,0.3647916107665656
31.9134,0.3766224508761012
32.0729,0.37685128448124383
32.2333,0.36565120366793463
32.3945,0.36406823967172286
32.5564,0.36517775756387827
32.7192,0.3523681502949939
32.8828,0.32498304760056146
33.0472,0.3093114344489249
33.2125,0.30163726242060596
33.3785,0.2978559575711096
33.5454,0.28867660594250577
33.7132,0.27115592845548253
33.8817,0.2626873406648892
34.0511,0.2675930701001539
34.2214,0.2634185615611558
34.3925,0.25589464583281796
34.5645,0.24280419011299273
34.7373,0.25501229643641216
34.911,0.25217455357624263
35.0855,0.2491077392381601
35.2609,0.23995344354137366
35.4373,0.2471119866943487
35.6144,0.24592991760721558
35.7925,0.2600446534764629
35.9715,0.265353577257587
36.1513,0.25134382257101767
36.3321,0.23919708742236623
36.5137,0.22700904170258546
36.6963,0.24862985284238934
36.8798,0.2684268934513943
37.0642,0.2700677398217413
37.2495,0.2516019938178452
37.4358,0.23958077620105128
37.6229,0.22979849639035993
37.8111,0.23553638406747207
38.0001,0.24239378029309727
38.1901,0.26242108174386747
38.3811,0.25800624241582315
38.573,0.24341195504141205
38.7658,0.2196913616662004
38.9597,0.22512382070609513
39.1545,0.23413237968553846
39.3502,0.25501697460089695
39.547,0.257694153341034
39.7447,0.24933403553375155
39.9434,0.26245533542280775
40.1432,0.2608981409767246
40.3439,0.26259425312073215
40.5456,0.2553875010862856
40.7483,0.2709380369977792
40.9521,0.2835689225251558
41.1568,0.2765213866650428
41.3626,0.26506115233181915
41.5694,0.2558129761816409
41.7773,0.24065540608687874
41.9862,0.2560201633646754
42.1961,0.2699438873992767
42.4071,0.30131105956143867
42.6191,0.3122855576974677
42.8322,0.3112187776130641
43.0464,0.30247782550034163
43.2616,0.2787843496209577
43.4779,0.271043811089692
43.6953,0.2719631893473596
43.9138,0.26524780316567426
44.1333,0.2512799140866986
44.354,0.24200763349578452
44.5758,0.23694800037805908
44.7987,0.2518426417705853
45.0226,0.2436494313572132
45.2478,0.2434115585867947
45.474,0.2270940415725483
45.7014,0.2324372983235361
45.9299,0.2329508656348697
46.1595,0.24177539038093254
46.3903,0.24270238056725357
46.6223,0.2429693531065866
46.8554,0.2480566587566041
47.0897,0.24272323408012694
47.3251,0.25376520879203135
47.5617,0.2577422829315821
47.7995,0.28519763738421144
48.0385,0.29181890523973447
48.2787,0.3010563771152439
48.5201,0.29637868837588716
48.7627,0.30947509091497283
49.0065,0.31990604977059545
49.2516,0.3294116042583666
49.4978,0.31618484744109154
49.7453,0.29759612121488915
49.994,0.2955006206893489
50.244,0.29920437901568875
50.4952,0.2959013570165806
50.7477,0.26138704881085817
51.0015,0.2502519072638732
51.2565,0.2490541385738925
51.5127,0.2614244741267373
51.7703,0.2584241848734485
52.0292,0.25131305769271023
52.2893,0.24840989982067563
52.5507,0.23519440231453373
52.8135,0.23094099930668013
53.0776,0.2247544042936352
53.343,0.21953024250970368
53.6097,0.23705575674305876
53.8777,0.25589932399730286
54.1471,0.2773537034887372
54.4178,0.27187438351307003
54.6899,0.26803479983482115
54.9634,0.2891676546315731
55.2382,0.2974997034519462
55.5144,0.31792512462947353
55.792,0.32349214036650165
56.0709,0.3133801688960103
56.3513,0.3046374723829714
56.633,0.2991784508837132
56.9162,0.327863211104789
57.2008,0.3215696526359792
57.4868,0.3172204661925704
57.7742,0.3021986421587937
58.0631,0.3000535055151594
58.3534,0.3067413777463997
58.6452,0.3190945864597744
58.9384,0.33709901787090546
59.2331,0.3497146002500518
59.5293,0.3432606362430564
59.8269,0.3405913073043432
60.126,0.3410108355804381
60.4267,0.3564762130401218
60.7288,0.36776581330603186
61.0324,0.3443657931344209
61.3376,0.34289320210368335
61.6443,0.3475022249033126
61.9525,0.37232171118693436
62.2623,0.3767122082014725
62.5736,0.38638062624605685
62.8865,0.3846261559823733
63.2009,0.3950151699394788
63.5169,0.3853775167732019
63.8345,0.38768686491934845
64.1537,0.3612397738495997
64.4744,0.36156756252723643
64.7968,0.35956245365445516
65.1208,0.38827171477088407
65.4464,0.4053042773330085
65.7736,0.43459854688282007
66.1025,0.44099478709752715
66.433,0.4517156335693665
66.7652,0.4453639548536511
67.099,0.45912711476821993
67.4345,0.4681380524753675
67.7716,0.4637129053272717
68.1105,0.4470411164669487
68.4511,0.4428552693258939
68.7933,0.44171831677421686
69.1373,0.4445652573815092
69.483,0.4477357049565708
69.8304,0.46850366292350065
70.1795,0.499813032002451
70.5304,0.5230679497841066
70.8831,0.5430659928841153
71.2375,0.5501755342463842
71.5937,0.5422711806672236
71.9517,0.5501262945829075
72.3114,0.563341712798126
72.673,0.5914881669397446
73.0363,0.6042410019074225
73.4015,0.6209705938509571
73.7685,0.613267718508341
74.1374,0.6186653688328312
74.5081,0.5775703897244038
74.8806,0.5722785134918265
75.255,0.5289785330925426
75.6313,0.5185067394113315
76.0094,0.4831682020561088
76.3895,0.46756462051681186
76.7714,0.44960641571406545
77.1553,0.4486797426914383
77.5411,0.443622646883264
77.9288,0.43711976037648587
78.3184,0.4271559043510418
78.71,0.4374557160192404
79.1035,0.4572173928763765
79.4991,0.4755877518993348
79.8966,0.47181136308709376
80.296,0.4725390158918039
80.6975,0.4674700264451087
81.101,0.48046612596600125
81.5065,0.46881939938076955
81.9141,0.469139100384212
82.3236,0.4644805207574123
82.7352,0.4674383100757197
83.1489,0.45459127749095607
83.5647,0.44227160883821026
83.9825,0.4393589360553589
84.4024,0.4417026964622926
84.8244,0.44426736138202166
85.2485,0.44106258083709643
85.6748,0.43270936134015614
86.1031,0.42161925703770375
86.5337,0.4302538007311257
86.9663,0.4416543289989743
87.4012,0.46387093213775304
87.8382,0.485285824749298
88.2774,0.513946321947791
88.7187,0.5352751046164445
89.1623,0.5546302569089353
89.6082,0.5844985927446902
90.0562,0.5962468910028906
90.5065,0.5981858712454955
90.959,0.5718661213988441
91.4138,0.5871315271495292
91.8709,0.5969860409915043
92.3302,0.6169618033420172
92.7919,0.6241336673701356
93.2558,0.6197675919600272
93.7221,0.6375850553736093
94.1907,0.6596322138089266
94.6617,0.7031912376551961
95.135,0.7326814350769089
95.6107,0.7308382382698593
96.0887,0.6961207074272759
96.5692,0.6392873522096477
97.052,0.5982497004388911
97.5373,0.5780933926556305
98.0249,0.5569863074090073
98.5151,0.5524237490905332
99.0076,0.5432099059102186
99.5027,0.5520843046471459
100.0,0.5464179373830061
100.5,0.5636781441864211
101.003,0.5776789389986381
101.508,0.5854562685183952
102.015,0.5891635949362912
102.525,0.6121284665198832
103.038,0.6129542814878528
103.553,0.6095267727388924
104.071,0.5930873062843448
104.591,0.5831979837269652
105.114,0.5779497967932212
105.64,0.5779122128954951
106.168,0.6091692499649533
106.699,0.608723793556883
107.232,0.6028938491176189
107.768,0.5885822338853884
108.307,0.584668592484616
108.849,0.5631798007323945
109.393,0.5376344853353023
109.94,0.5069394623314196
110.49,0.510726158963712
111.042,0.5119652382248221
111.597,0.5217178632301346
112.155,0.49667073270522233
112.716,0.45058098045447015
113.28,0.404882291038286
113.846,0.3815700459189596
114.415,0.3932811567340513
114.987,0.42058712708685775
115.562,0.4482361099746077
116.14,0.482739634614738
116.721,0.5129067386501386
117.305,0.5534186123073469
117.891,0.5576202383421727
118.481,0.5610721686955628
119.073,0.5401476111547739
119.668,0.5500052966336879
120.267,0.5571221327609163
120.868,0.5774297276261628
121.472,0.5969813628270195
122.08,0.6018372182714198
122.69,0.6096421410325453
123.304,0.5818934101630664
123.92,0.5806927077089172
124.54,0.5676013797889339
125.162,0.5634695297667641
125.788,0.5552377839645841
126.417,0.5418775805231044
127.049,0.546348795697738
127.684,0.5278083576439305
128.323,0.5328730653807582
128.964,0.5354860184728822
129.609,0.5588095229033418
130.257,0.5926641306257703
130.909,0.6178124363690338
131.563,0.6506722601655721
132.221,0.6507417983054578
132.882,0.6599458887021852
133.546,0.6414897369000294
134.214,0.6462533770004306
134.885,0.6465979753538437
135.56,0.665626052587009
136.238,0.6503136273187045
136.919,0.6221696311957134
137.603,0.5983718877519627
138.291,0.5755698004342604
138.983,0.5690968066056317
139.678,0.5654741628940044
140.376,0.5674091785904357
141.078,0.5701077658799105
141.783,0.5779472594836701
142.492,0.6058494975809925
143.205,0.6464816555691091
143.921,0.6527320004846261
144.64,0.6431766512969139
145.364,0.5975522574760238
146.09,0.592057396479356
146.821,0.5778738360885343
147.555,0.6151857659471491
148.293,0.6157661755069703
149.034,0.6534983472599911
149.779,0.6877718489311266
150.528,0.737206568079504
151.281,0.7468959189278851
152.037,0.7581552300610286
152.797,0.7693289069968212
153.561,0.7693899610078953
154.329,0.7679080136481878
155.101,0.7766847259673967
155.876,0.7972432766054349
156.656,0.7958659932647115
157.439,0.764503261394264
158.226,0.721878839662969
159.017,0.6620197428056172
159.812,0.6372167490340779
160.612,0.6148146844252961
161.415,0.617078678163216
162.222,0.5888687912828191
163.033,0.5917893138670942
163.848,0.5697151172268727
164.667,0.5631724266765114
165.491,0.5864019713626557
166.318,0.6110355204307336
167.15,0.6331428606769667
167.985,0.6288961973976084
168.825,0.6470146491566933
169.669,0.654190398440062
170.518,0.6499178863196515
171.37,0.6419266298883648
172.227,0.6382040003222382
173.088,0.6378406100199623
173.954,0.5925418640217751
174.823,0.5425099256378003
175.698,0.48250873944558514
176.576,0.44036236269190776
177.459,0.42479319341339805
178.346,0.4187565375366402
179.238,0.4296719639346819
180.134,0.4217896532322467
181.035,0.4266781765371178
181.94,0.431782371153835
182.85,0.474591223573128
183.764,0.5071852641941852
184.683,0.5580196267237054
185.606,0.5763737311073517
186.534,0.6308921085232667
187.467,0.6796264509446086
188.404,0.7195851911196702
189.346,0.7309429022888435
190.293,0.720267965261695
191.244,0.6957218740822078
192.201,0.6204585330671697
193.162,0.5433303488229738
194.128,0.47255955224098345
195.098,0.4532599828858471
196.074,0.44210168838920805
197.054,0.44451839644573676
198.039,0.4370155721030426
199.029,0.44214831145221
200.025,0.46643638996671666
201.025,0.49612029511447375
202.03,0.5304466045406422
203.04,0.5620464162722736
204.055,0.6033165490306527
205.075,0.6516868668223306
206.101,0.6494250139393443
207.131,0.6297682389739627
208.167,0.5850264324222489
209.208,0.5562019615940139
210.254,0.5197282953783541
211.305,0.49103925344741073
212.362,0.4733698261879525
213.424,0.4594169230935131
214.491,0.46394633780597566
215.563,0.45570499780205553
216.641,0.4753693054051671
217.724,0.4708851658100075
218.813,0.4804225952490147
219.907,0.4967382092810977
221.006,0.5253944247697233
222.111,0.5965562841862816
223.222,0.6581785733088992
224.338,0.7020258989529158
225.46,0.7050333243893172
226.587,0.6636516293016119
227.72,0.6359709300444727
228.859,0.6199623304680765
230.003,0.6586264877355972
231.153,0.6767313014558447
232.309,0.6625641542861818
233.47,0.626643225098051
234.638,0.6091517266708659
235.811,0.6280819589044658
236.99,0.6407006336296277
238.175,0.6512242042838665
239.366,0.6389826371907417
240.562,0.617797529675421
241.765,0.5883407137324902
242.974,0.5426325886964127
244.189,0.5533388456383331
245.41,0.606877345821971
246.637,0.7332394053053874
247.87,0.7794187562996637
249.109,0.7492752809594582
250.355,0.6393352439274254
251.607,0.5328717967259826
252.865,0.45165029784842486
254.129,0.4164739104317041
255.4,0.41975631679070935
256.677,0.45138403892740314
257.96,0.4829234309753481
259.25,0.5087241424369462
260.546,0.51557123084252
261.849,0.5136940975202239
263.158,0.49102069937131804
264.474,0.48436319556376783
265.796,0.4880181106812485
267.125,0.5248140945008255
268.461,0.5364520197935517
269.803,0.5384139151130403
271.152,0.5013656275749727
272.508,0.49716899686832566
273.871,0.5261188266465712
275.24,0.6184721368523279
276.616,0.7225371129096407
277.999,0.7772867026584027
279.389,0.7704281963598487
280.786,0.7444852369815402
282.19,0.753000209962365
283.601,0.7684437031271704
285.019,0.7617060361959893
286.444,0.746103723311468
287.876,0.7308716197486413
289.316,0.7384261417734397
290.762,0.7363721104008756
292.216,0.7655011376661698
293.677,0.7848035614945512
295.146,0.7554323797489712
296.621,0.673196432796502
298.104,0.5503701934635099
299.595,0.4554413554815084
301.093,0.4209884977414773
302.598,0.4107900198734769
304.111,0.43283575107217176
305.632,0.4305196631975301
307.16,0.448592998421159
308.696,0.4695091511240598
310.239,0.49307980536298424
311.791,0.5338141693514573
313.35,0.5712908657490486
314.916,0.6058849406237848
316.491,0.6592513002125631
318.073,0.7235424425283528
319.664,0.8225954393129473
321.262,0.9308870180459798
322.868,0.9666711703911199
324.483,0.8762098209103487
326.105,0.6852572165841089
327.736,0.5226136127926073
329.374,0.4682077491971001
331.021,0.4973808622158451
332.676,0.5608346923797617
334.34,0.582976444886782
336.011,0.5456281204942932
337.691,0.4951301893530685
339.38,0.5026389605150231
341.077,0.5721317459924782
342.782,0.6698635181192445
344.496,0.7428639754692912
346.218,0.7950940961247037
347.95,0.7991228679463589
349.689,0.7512894289975154
351.438,0.6925204237560683
353.195,0.6199302176440701
354.961,0.597819388597204
356.736,0.5927970222135108
358.519,0.588365690373384
360.312,0.5579615064767998
362.114,0.5107071291420785
363.924,0.5227187525571323
365.744,0.5584084694124162
367.572,0.5800418878090522
369.41,0.5557206656885337
371.257,0.49146940670725087
373.114,0.4291434899297355
374.979,0.38118762579505006
376.854,0.3593158588824547
378.738,0.3681793947628662
380.632,0.38552214341761637
382.535,0.4419190021015266
384.448,0.49312159167965447
386.37,0.60153424765283
388.302,0.7224875560824702
390.244,0.8235777745638524
392.195,0.8692857410180829
394.156,0.8837618056255959
396.127,0.9056789269464177
398.107,0.9471090687883648
400.098,0.9718240496348496
402.098,0.9699727651536056
404.109,0.8984451367070672
406.129,0.809451303637931
408.16,0.7237045131759313
410.201,0.6531260763742861
412.252,0.586680203213122
414.313,0.5293269374102822
416.384,0.47434676965606126
418.466,0.44711620497147747
420.559,0.43392877645224504
422.662,0.4477440305035354
424.775,0.46307913297595327
426.899,0.4771140228852635
429.033,0.46547268808282793
431.178,0.4374869566430887
433.334,0.41804807313541037
435.501,0.40776253383343697
437.678,0.39770289437243767
439.867,0.38759147793841064
442.066,0.38697562533579705
444.276,0.39622966901431234
446.498,0.4098359914822518
448.73,0.4471551368149026
450.974,0.5009817009235172
453.229,0.586129844913297
455.495,0.6852807659883804
457.773,0.7567499570243194
460.061,0.8171606808362717
462.362,0.8581183280652441
464.673,0.8746139324936106
466.997,0.810124245705445
469.332,0.7290139127025962
471.679,0.6575011909496704
474.037,0.600078862752486
476.407,0.5377834729805078
478.789,0.48643514668503685
481.183,0.4362213942135387
483.589,0.3903882273911447
486.007,0.3509001581378178
488.437,0.3440607609518209
490.879,0.3576434547245655
493.334,0.3618756870558518
495.8,0.3699207027332533
498.279,0.3644698481991129
500.771,0.35251166686647983
503.274,0.3269221071340898
505.791,0.3010525711509172
508.32,0.316558704145266
510.861,0.3321439694812407
513.416,0.35907996838512296
515.983,0.3648482244859252
518.563,0.3822389441493765
521.155,0.40342214868253373
523.761,0.44014431265235754
526.38,0.4632534144257465
529.012,0.4657509199332941
531.657,0.4471349969203404
534.315,0.46962388509032493
536.987,0.5410458980267977
539.672,0.68045139371242
542.37,0.7769218851195041
545.082,0.7373092498254012
547.807,0.58855281695278
550.546,0.4954488595745058
553.299,0.5020356358783182
556.066,0.5617069718288863
558.846,0.5533753194631307
561.64,0.5194377734347496
564.448,0.46396449542745105
567.271,0.4430450125057644
570.107,0.43368337104409654
572.958,0.44282394941112213
575.822,0.4610584037912479
578.702,0.5166246900517801
581.595,0.5649889024423507
584.503,0.5775431136467291
587.426,0.5548045383587286
590.363,0.5787475427742816
593.314,0.6723175722007291
596.281,0.8442365489291603
599.262,1.0600897541537344
602.259,1.2201701202621296
605.27,1.2276022171010856
608.296,1.1014232403599682
611.338,0.8978805060410169
614.395,0.6983368094474183
617.467,0.5208179905396413
620.554,0.42951599868821094
623.657,0.4153136463485261
626.775,0.42671782199885433
629.909,0.442662433800008
633.058,0.47133553825533325
636.224,0.529701507732768
639.405,0.6045689491669061
642.602,0.6843846199712903
645.815,0.7236475822928777
649.044,0.6950556717431887
652.289,0.6042691501852553
655.551,0.5241927708244924
658.828,0.48836215399819727
662.122,0.558750689038125
665.433,0.6448426328900019
668.76,0.7142234595835133
672.104,0.6799033348493758
675.464,0.6001368244175447
678.842,0.5539452626210534
682.236,0.5688073947349558
685.647,0.6091389608321868
689.075,0.6243439468991858
692.521,0.6195860157452744
695.983,0.6202800491984322
699.463,0.6688151335290868
702.961,0.7138892483410753
706.475,0.7512471669353042
710.008,0.7503649761207454
713.558,0.7367677721090052
717.126,0.7267479366915893
720.711,0.7322612724734264
724.315,0.7716155779388546
727.936,0.8412291234927587
731.576,0.8558517970177731
735.234,0.8201768282742552
738.91,0.7236835010812109
742.605,0.6328758881376337
746.318,0.5701460633959476
750.049,0.5429945517620662
753.8,0.5359640634504999
757.569,0.5218557501460539
761.356,0.5163208472330322
765.163,0.5233728233848597
768.989,0.590150211897064
772.834,0.6873410613438987
776.698,0.7975106455993856
780.582,0.9293860408646389
784.485,1.0311462676493666
788.407,1.0633349730696307
792.349,0.9656222307644977
796.311,0.8283132663864208
800.292,0.7339358967771727
804.294,0.696377292855634
808.315,0.7159838766664572
812.357,0.7691876898621163
816.419,0.8218234628820158
820.501,0.8311288077880179
824.603,0.8084823685530929
828.726,0.7822060701325045
832.87,0.7652128358684227
837.034,0.7694629086574905
841.219,0.7857805049626603
845.425,0.8140644495655809
849.653,0.8299626761765029
853.901,0.7922542124096005
858.17,0.7209053057045697
862.461,0.6616495334839227
866.773,0.682088354827517
871.107,0.7558622158451176
875.463,0.7928354941695798
879.84,0.7764665966369231
884.239,0.7491882195254851
888.661,0.7726385101425778
893.104,0.7970096062539606
897.569,0.792178013832143
902.057,0.7586044924334258
906.568,0.7345603920904449
911.1,0.7638481597845316
915.656,0.8211850916571358
920.234,0.8386679473736626
924.835,0.7990557878251007
929.46,0.7484713502863671
934.107,0.8205586933617004
938.777,0.9491722979080517
943.471,1.0093321452381359
948.189,0.9049607890525241
952.93,0.7665623673859303
957.694,0.6807001293393544
962.483,0.650412661682122
967.295,0.6449880524436511
972.132,0.6668328604422656
976.992,0.6306294969847248
981.877,0.5675346961222932
986.787,0.4957258227701965
991.72,0.5249346959954277
996.679,0.5869317933133013
1001.66,0.636051648204568
1006.67,0.6504468360701389
1011.7,0.6274383544786367
1016.76,0.6155646972704258
1021.85,0.625287588179436
1026.96,0.6742831149026973
1032.09,0.6895348826145453
1037.25,0.6985661187981018
1042.44,0.6597120597688638
1047.65,0.6472740097673731
1052.89,0.6356497225134841
1058.15,0.6374409044747356
1063.44,0.634155247187868
1068.76,0.6696613262643889
1074.1,0.718213775307284
1079.47,0.7929890013974232
1084.87,0.8632681942538818
1090.3,0.9658225989281134
1095.75,1.0890941360873292
1101.23,1.1115739850920376
1106.73,0.9878910866218451
1112.27,0.7910469288088029
1117.83,0.6674271459136947
1123.42,0.7367546098157088
1129.03,0.8789176059469461
1134.68,1.0654699604750604
1140.35,1.0995106639948795
1146.05,0.9820996775713888
1151.78,0.7726144849927655
1157.54,0.6342738664093834
1163.33,0.6134043367694848
1169.15,0.6355959632673697
1174.99,0.6364595207149124
1180.87,0.6414703106237786
1186.77,0.6654561321380068
1192.71,0.7003781542722267
1198.67,0.7513615044469522
1204.66,0.8484821814265135
1210.69,0.9213667154464428
1216.74,0.9595483081537076
1222.82,0.8791680066832732
1228.94,0.8333706793582889
1235.08,0.8359975083620208
1241.26,0.9073593394875776
1247.46,0.9893649463073583
1253.7,1.052203558196049
1259.97,1.0555924522652782
1266.27,1.0008109082743566
1272.6,0.905499729459369
1278.96,0.8026293504550982
1285.36,0.7736353556324783
1291.79,0.7383463751044261
1298.24,0.7746905592420548
1304.74,0.7567033339613174
1311.26,0.8051754612987346
1317.82,0.8750817489421004
1324.41,0.9994828645971102
1331.03,1.0992230758154438
1337.68,1.1506268264664223
1344.37,1.1140119431160571
1351.09,1.0243511147986675
1357.85,0.9146660773765234
1364.64,0.8656161570797596
1371.46,0.854243777089744
1378.32,0.8680664844878409
1385.21,0.8623639605625976
1392.14,0.8319617589391001
1399.1,0.8170665625101096
1406.09,0.8226226360996984
1413.12,0.8623067125158503
1420.19,0.8952028515553391
1427.29,0.9000297658126717
1434.43,0.8942552457289151
1441.6,0.935530215233626
1448.81,0.9930974872389189
1456.05,0.9958640268498098
1463.33,0.9717530049674178
1470.65,0.9607498828080149
1478.0,0.9487570513418243
1485.39,0.8512675922771908
1492.82,0.7066059805654774
1500.28,0.6957967247139659
1507.78,0.74884631706347
1515.32,0.796482797358407
1522.9,0.7772467400329723
1530.51,0.7613217130899165
1538.16,0.7504203211853294
1545.86,0.7139939123600594
1553.58,0.6812603197136899
1561.35,0.6738556575342551
1569.16,0.672906148725668
1577.0,0.6687735850851869
1584.89,0.6938777257840762
1592.81,0.7432745438710335
1600.78,0.8289715396330923
1608.78,0.8867908774841053
1616.83,0.8697790891439308
1624.91,0.8442611291154368
1633.03,0.8290141981499207
1641.2,0.8159575996544184
1649.41,0.7860401827370338
1657.65,0.7302273017045011
1665.94,0.7262151016858518
1674.27,0.7317464365073172
1682.64,0.7418187625160721
1691.06,0.7230249899617689
1699.51,0.6747736878462238
1708.01,0.6667792597779981
1716.55,0.6747294435109259
1725.13,0.7136772244117089
1733.76,0.7294200408126239
1742.43,0.7811694205990205
1751.14,0.7910646106847372
1759.89,0.7532115202734204
1768.69,0.7046838892895724
1777.54,0.6747141403626957
1786.42,0.6805147471602748
1795.36,0.6738371827490861
1804.33,0.6660259167140825
1813.35,0.6315529983704129
1822.42,0.6206348760809731
1831.53,0.5959384493105813
1840.69,0.5726377013751583
1849.89,0.5021177019841125
1859.14,0.4743642929501488
1868.44,0.49686792923189926
1877.78,0.5234716198755068
1887.17,0.5283006749877733
1896.61,0.5261153378459383
1906.09,0.5510596280431064
1915.62,0.5908496371330179
1925.2,0.6428406163632362
1934.82,0.668249709953802
1944.5,0.655334725047622
1954.22,0.6290880814324128
1963.99,0.5904195631641012
1973.81,0.5622741398044877
1983.68,0.5479726738104617
1993.6,0.5699748742921699
2003.57,0.6071888005693722
2013.59,0.6151178136257328
2023.65,0.5881463716790583
2033.77,0.5643910488793655
2043.94,0.5506898944669525
2054.16,0.5439219384030046
2064.43,0.5425207092033926
2074.75,0.5336784232904718
2085.13,0.5591404039269939
2095.55,0.5559232539980068
2106.03,0.5329500568674503
2116.56,0.5139306223449434
2127.14,0.5229433044524073
2137.78,0.5732435633214144
2148.47,0.5807570919387772
2159.21,0.572653083814312
2170.01,0.5508081172338505
2180.86,0.5694650336542395
2191.76,0.6162828351643193
2202.72,0.5929698764266815
2213.73,0.5679730956381746
2224.8,0.5726549867964754
2235.93,0.6199394946821162
2247.11,0.6155320294099549
2258.34,0.5656497922894967
2269.63,0.554524562107946
2280.98,0.5814989378187891
2292.39,0.6392281218898135
2303.85,0.6401570943492213
2315.37,0.6457455186355872
2326.94,0.6289223634023544
2338.58,0.6303277157299871
2350.27,0.6518414841231026
2362.02,0.6560787117825677
2373.83,0.6712268462574367
2385.7,0.6249250700773181
2397.63,0.620271644360544
2409.62,0.640134734308802
2421.67,0.649554733890146
2433.77,0.6257164727845006
2445.94,0.6474432958889876
2458.17,0.7029746941431918
2470.46,0.7172204186180163
2482.82,0.7033851039630872
2495.23,0.6954905031675138
2507.71,0.6736602846988181
2520.25,0.6562771769640203
2532.85,0.6087125342457498
2545.51,0.6076641496555919
2558.24,0.5770918690012452
2571.03,0.5727196088991058
2583.88,0.580528813370099
2596.8,0.6156041048593919
2609.79,0.664585359216428
2622.84,0.6665584345561262
2635.95,0.6496297431037512
2649.13,0.6529781195110858
2662.38,0.6676379011882855
2675.69,0.7060179590770028
2689.07,0.6775093832878838
2702.51,0.6771384603478778
2716.02,0.6495591741818604
2729.61,0.6571588920330382
2743.25,0.6493351773230496
2756.97,0.6010238519784353
2770.75,0.5905569743344795
2784.61,0.5947011144497876
2798.53,0.6514547029984021
2812.52,0.6813588783315667
2826.59,0.7271875255713227
2840.72,0.7397985883678311
2854.92,0.7385034504238257
2869.2,0.7047384414449216
2883.54,0.6353080579242397
2897.96,0.6037256901957724
2912.45,0.6412536085299272
2927.01,0.7347816930578575
2941.65,0.8262028591672675
2956.36,0.8380413112054567
2971.14,0.8985588398913269
2985.99,0.9109185504604265
3000.92,0.8905648082777186
3015.93,0.8645142511162575
3031.01,0.8810470429877327
3046.16,0.9888793686920105
3061.39,0.9896011539683838
3076.7,0.9562760510329068
3092.08,0.929421801071125
3107.54,0.8991317168134182
3123.08,0.8612661777271161
3138.7,0.7806090716428381
3154.39,0.7831888811289505
3170.16,0.8027751664633646
3186.01,0.7983251219652985
3201.94,0.7698521478008187
3217.95,0.7358024844066471
3234.04,0.7391326239015829
3250.21,0.7365256969196428
3266.47,0.7370743108191513
3282.8,0.6575511442314586
3299.21,0.6072158387742765
3315.71,0.5552356431096505
3332.29,0.6058236487399404
3348.95,0.671468207828488
3365.69,0.7109066409637209
3382.52,0.7022950123471826
3399.43,0.6352939441398615
3416.43,0.6391615175140963
3433.51,0.666843802589705
3450.68,0.6913247959210211
3467.93,0.6901128341557388
3485.27,0.6820736067157509
3502.7,0.6784661075705072
3520.21,0.6156074350781777
3537.81,0.556851750711874
3555.5,0.5535254964721883
3573.28,0.6031225241409146
3591.15,0.6268132248379769
3609.1,0.6221929427272144
3627.15,0.6192689313423065
3645.28,0.6126503593781816
3663.51,0.6256796817960092
3681.83,0.6406652698777587
3700.24,0.6917636711824433
3718.74,0.7011454525386733
3737.33,0.6717680068101388
3756.02,0.6286954327793752
3774.8,0.6237058928379998
3793.67,0.6790961532484223
3812.64,0.7003265358810459
3831.7,0.7342762927116417
3850.86,0.7086849092880119
3870.12,0.6324986219237501
3889.47,0.5385091435121312
3908.92,0.5313306983373645
3928.46,0.6226218273322791
3948.1,0.6600067841314123
3967.84,0.6504431886876592
3987.68,0.6575169698434417
4007.62,0.6789072822687099
4027.66,0.6567885241294966
4047.8,0.5980738331706283
4068.04,0.5340311886090024
4088.38,0.533652970904037
4108.82,0.5550978354846545
4129.36,0.6001143057952784
4150.01,0.6679962961623827
4170.76,0.6421904307907587
4191.61,0.6042262537956564
4212.57,0.5509123055072938
4233.63,0.6136980303500282
4254.8,0.6719612387906422
4276.08,0.6668852717426813
4297.46,0.6534400684312386
4318.94,0.6683790334499862
4340.54,0.7273709254773155
4362.24,0.7348295847756352
4384.05,0.7080888794162665
4405.97,0.6610822862173978
4428.0,0.631286898031238
4450.14,0.5916495239690118
4472.39,0.5593198392868131
4494.75,0.5453614651186541
4517.23,0.5948769817180503
4539.81,0.639365057314651
4562.51,0.6434287964335577
4585.33,0.6134328022110116
4608.25,0.5829344206973415
4631.29,0.6187191280789459
4654.45,0.6979418613576002
4677.72,0.7750206473564722
4701.11,0.7828886064017587
4724.62,0.8016787315735823
4748.24,0.7985752055379318
4771.98,0.8101887092262284
4795.84,0.7557416143505152
4819.82,0.6893858949693397
4843.92,0.6087356871954038
4868.14,0.5545323326184463
4892.48,0.5273129479540721
4916.94,0.5902125345629134
4941.53,0.675328089983146
4966.23,0.7066988302368642
4991.07,0.654678354783114
5016.02,0.6136844716021143
5041.1,0.6252014782365444
5066.31,0.6471873447880172
5091.64,0.6239388495711629
5117.1,0.6254790757596229
5142.68,0.6495670239832841
5168.4,0.6551881161301208
5194.24,0.7233854464998766
5220.21,0.7543538646078937
5246.31,0.7885292834066933
5272.54,0.7362241535376755
5298.9,0.7149843352851587
5325.4,0.7172798868106208
5352.03,0.751197847980904
5378.79,0.8009704257541992
5405.68,0.8137432420345923
5432.71,0.7779877930037494
5459.87,0.7073527424827446
5487.17,0.677505577323557
5514.61,0.6727314708212573
5542.18,0.6969409720306025
5569.89,0.6969661072533433
5597.74,0.6557938194945299
5625.73,0.6439808198427756
5653.86,0.6236570496291404
5682.13,0.6612561712125739
5710.54,0.6785909114840534
5739.09,0.7206215234894604
5767.79,0.7155028186337475
5796.62,0.6839152177043311
5825.61,0.5838660890481473
5854.74,0.5401222380592626
5884.01,0.5281112489715967
5913.43,0.6122772955832417
5943.0,0.681696657665561
5972.71,0.7488943673630948
6002.57,0.7216775200082717
6032.59,0.6880546796551543
6062.75,0.6203042329300914
6093.06,0.6083424042149785
6123.53,0.6028285926876007
6154.15,0.6689351799872245
6184.92,0.7073488572274945
6215.84,0.7299408235979936
6246.92,0.6900069014819791
6278.16,0.7002436768660167
6309.55,0.635022848472508
6341.09,0.5791806297982902
6372.8,0.5158869672997888
6404.66,0.5423564184099569
6436.69,0.593184437665599
6468.87,0.5913012782331191
6501.22,0.5920407453854268
6533.72,0.5427849858513276
6566.39,0.5627264945229002
6599.22,0.5747537382498781
6632.22,0.5519022526868522
6665.38,0.5381048390933432
6698.71,0.537953869175051
6732.2,0.5425800188141504
6765.86,0.5994888589909246
6799.69,0.6396372630549332
6833.69,0.7246177860324914
6867.86,0.7398291946642916
6902.2,0.7249353461810002
6936.71,0.7049847983441518
6971.39,0.7108847566688425
7006.25,0.7752256143936496
7041.28,0.8520149092309224
7076.49,0.8206819114567772
7111.87,0.7591299533832802
7147.43,0.6961526616694355
7183.16,0.7313885965696844
7219.08,0.7547983695248823
7255.18,0.7517424973342393
7291.45,0.725343139400421
7327.91,0.7178294522012112
7364.55,0.720968421279654
7401.37,0.6989195184440202
7438.38,0.6632922035455094
7475.57,0.6925618136181209
7512.95,0.7609608600971915
7550.51,0.809150473874275
7588.26,0.7713682695485428
7626.21,0.6856017356465984
7664.34,0.6009162541952828
7702.66,0.5477491526971917
7741.17,0.5318470408310196
7779.88,0.49980050403654225
7818.78,0.49656638584993196
7857.87,0.5149117682319964
7897.16,0.5836420921893365
7936.65,0.5921626155348045
7976.33,0.6040359555793217
8016.21,0.6819021797392026
8050.87,0.7876355954082308
