energy_cm-1,intensity_al_subtracted,uncertainty_al_subtracted
-20.1034,0.0004938659999999999,0.0010542509820654473
-19.9824,0.0003265379999999999,0.0010069972504587886
-19.8614,0.0012829160000000003,0.0011775034837496492
-19.7404,0.0010416700000000002,0.001167496819572336
-19.6194,0.004408766,0.0016323980461565247
-19.4985,0.0015293979999999995,0.0013458797171172468
-19.3775,5.912600000000006e-05,0.0011528593783939826
-19.2565,0.0030924999999999998,0.0016109686099275552
-19.1355,0.002703304,0.0015474260192398731
-19.0145,0.0014772399999999999,0.0013731791559610275
-18.8935,0.002430332,0.0014616824743340531
-18.7726,2.7080000000000073e-05,0.0011079416476616809
-18.6516,0.0020520959999999998,0.0013429595919047304
-18.5306,0.00353382,0.0015184792052401772
-18.4096,0.004165696,0.0016440621858009508
-18.2886,0.005804644000000001,0.0018824002874240537
-18.1676,0.00029025800000000027,0.0012868915554941683
-18.0467,0.0019374639999999999,0.0015297041636096046
-17.9257,-0.0014412600000000006,0.0011714345000267833
-17.8047,0.0001004699999999992,0.0014581866861101838
-17.6837,-0.0002485200000000012,0.0013690077324372569
-17.5627,-0.0009928820000000014,0.0013159789911104205
-17.4417,0.005391754,0.001999641255723396
-17.3208,0.0041707639999999995,0.001901424253145794
-17.1998,0.0022126159999999997,0.0017031684920227475
-17.0788,-0.0006697540000000007,0.001407330707054685
-16.9578,0.0015173339999999995,0.0016940575704641918
-16.8368,0.0005907979999999983,0.0016155028979707837
-16.7158,0.004484302000000001,0.002091838996465072
-16.5949,0.015740396,0.0029978709255089686
-16.4739,0.027118408000000004,0.0036700144296430226
-16.3529,0.026197163999999995,0.0035821038732100664
-16.2319,0.024515136,0.003511704565054777
-16.1109,0.029669940000000002,0.003760691929653712
-15.9899,0.020601648,0.0032515596054162313
-15.869,0.039890408,0.0042664213168385695
-15.748,0.046591902,0.004631250712780296
-15.627,0.030537738000000002,0.0038528641669682566
-15.506,0.050353576,0.004767806072608658
-15.385,0.028102982,0.003757338792157556
-15.264,0.028258422,0.0038256463867738745
-15.1431,0.016438045999999998,0.0031684073571376517
-15.0221,0.014617159999999999,0.003153279650136347
-14.9011,0.051468454000000004,0.0049854690290852275
-14.7801,0.042639908,0.004654917745541806
-14.6591,0.037957428,0.004451654626023901
-14.5381,0.040301802,0.00460118564550182
-14.4172,0.040427802,0.00460534942177681
-14.2962,0.03371671999999999,0.004371654760479606
-14.1752,0.02632178,0.004076284054690987
-14.0542,0.02310688,0.003965961859360727
-13.9332,0.020056199999999996,0.003953980313342999
-13.8122,0.028053579999999998,0.00444337535410368
-13.6913,0.025599279999999995,0.004374703219595131
-13.5703,0.026139659999999995,0.004451761768252205
-13.4493,0.03721106,0.0049165709749190035
-13.3283,0.023713699999999997,0.004282341006351082
-13.2073,0.03147194,0.004640861708156794
-13.0863,0.025029779999999998,0.0044036898797381275
-12.9654,0.02987332,0.00462074368138593
-12.8444,0.03594459999999999,0.004896119400304694
-12.7234,0.029639779999999994,0.004659867325016883
-12.6024,0.03781872,0.004965883365551793
-12.4814,0.03714734,0.004896158061362807
-12.3604,0.04314524,0.005168866234295099
-12.2395,0.04684096,0.005376090455840936
-12.1185,0.034666319999999994,0.004879849141914942
-11.9975,0.03446286,0.004911994341106675
-11.8765,0.03958196,0.005134991134360409
-11.7555,0.05982509999999999,0.005887155612379547
-11.6345,0.045551980000000006,0.0054335948766440064
-11.5136,0.05083421999999999,0.005707650759215038
-11.3926,0.04359426000000001,0.005504128938071491
-11.2716,0.0448224,0.0055723681199217265
-11.1506,0.03745338,0.005322824685515013
-11.0296,0.03939762,0.005361814985750627
-10.9086,0.04780582,0.005672752283106324
-10.7877,0.03912356,0.005426034883725684
-10.6667,0.04650258,0.005723320179415791
-10.5457,0.04420643999999999,0.005650904584625367
-10.4247,0.0540875,0.006048102988861879
-10.3037,0.03907819999999999,0.005567164403117263
-10.1828,0.05731788,0.006189099478577478
-10.0618,0.04629856,0.005851334908448841
-9.94078,0.054127100000000004,0.006143483799565194
-9.8198,0.05458307999999999,0.006233488807691884
-9.69882,0.059885719999999996,0.006416962550501911
-9.57783,0.06736887999999999,0.006660628437888725
-9.45685,0.05948342000000001,0.0064023726779305805
-9.33587,0.06038244,0.006487784594965526
-9.21488,0.060824880000000005,0.0064670046986081585
-9.0939,0.06333633999999999,0.006584326554234382
-8.97292,0.06452828,0.0066579228715971175
-8.85194,0.07650608,0.007039260761253841
-8.73095,0.0668738,0.0067425348976158815
-8.60997,0.07406002,0.006997046416291663
-8.48899,0.07161367999999999,0.006984297037747177
-8.368,0.08519784000000001,0.007411613083933619
-8.24702,0.072036,0.007111653114418897
-8.12604,0.08860642,0.007610907257144578
-8.00505,0.0731906,0.007242003040300384
-7.88407,0.08955165999999998,0.007635221832449402
-7.76309,0.11067446,0.008194603237882845
-7.6421,0.09082186,0.00772224370687898
-7.52112,0.10078552,0.008007289842073908
-7.40014,0.09084337999999999,0.007815904394058054
-7.27915,0.09842018,0.008112661719455582
-7.15817,0.10955883999999999,0.0084576224021693
-7.03719,0.09837728000000001,0.008176962051994372
-6.9162,0.10542299999999999,0.008451229823311398
-6.79522,0.1214904,0.008823399459471162
-6.67424,0.10394699999999998,0.008457313335539604
-6.55326,0.1027247,0.008367903753868826
-6.43227,0.11689355999999998,0.008749728774689648
-6.31129,0.11714565999999998,0.00875807501237184
-6.19031,0.12600408,0.00904821095035433
-6.06932,0.12922325999999998,0.009197247278908402
-5.94834,0.12563358,0.009193709913525007
-5.82736,0.16336886,0.010089609579822007
-5.70637,0.13346855999999996,0.009588163136909175
-5.58539,0.13817009999999996,0.00976999024129482
-5.46441,0.15050386,0.0101669324743661
-5.34342,0.15568433999999998,0.01044854232398893
-5.22244,0.16325788,0.010710794901008422
-5.10146,0.18450834,0.011268751525868693
-4.98047,0.1727476,0.011232194393000328
-4.85949,0.17800319999999997,0.011552953105857739
-4.73851,0.18249379999999998,0.011888154500772944
-4.61752,0.18439560000000002,0.01225257119182582
-4.49654,0.19283379999999997,0.012779790575776741
-4.37556,0.19754460000000001,0.013306866441953192
-4.25457,0.23736780000000002,0.014460715238700472
-4.13359,0.23569739999999995,0.015226893916020431
-4.01261,0.27147980000000005,0.016583531050420597
-3.89163,0.3097582,0.018213008811201074
-3.77064,0.3581434,0.0201104542365508
-3.64966,0.41484160000000014,0.022248218847844874
-3.52868,0.5512104,0.02519481549820915
-3.40769,0.6918085999999999,0.02827292383508292
-3.28671,0.8391318000000001,0.03142195379789742
-3.16573,0.909662,0.03427118996328549
-3.04474,0.9771779999999999,0.037418480328570265
-2.92376,1.204828,0.041244638931279304
-2.80278,1.456646,0.044711871475504136
-2.68179,1.8024199999999997,0.048064648213817195
-2.56081,2.2316139999999995,0.05119778902831644
-2.43983,2.9436299999999997,0.05486907317557679
-2.31884,3.820015999999999,0.05880070733065037
-2.19786,4.797682,0.06287284237904948
-2.07688,6.039985999999999,0.0676010917439859
-1.95589,7.240467999999999,0.07197794954950022
-1.83491,8.616634,0.07657740731329313
-1.71393,10.228625999999998,0.08141810830768792
-1.59295,12.210809999999999,0.08679701794276114
-1.47196,14.038197999999998,0.0914470465584406
-1.35098,16.52405,0.0971805190412667
-1.23,18.624699999999997,0.1017061908858276
-1.10901,21.170360000000002,0.10690607583395062
-0.988029,23.966582000000002,0.1122476579916677
-0.867046,26.549284000000004,0.11697016252240056
-0.746063,29.487064,0.12207367329168234
-0.62508,31.814087999999998,0.12599160140988921
-0.504097,33.924354,0.12940663473547562
-0.383113,35.042686,0.13118404552068516
-0.26213,35.322384,0.13166848725777328
-0.141147,34.316848,0.13016043934149576
-0.0201639,32.173443999999996,0.12677457543052237
0.100819,29.152648,0.12187883090533155
0.221802,25.641134,0.11592891508742934
0.342786,21.73108,0.10894837203363252
0.463769,17.817410000000002,0.10143792312546625
0.584752,13.763734,0.0929792091846559
0.705735,10.41852,0.08524747255846357
0.826718,7.5733999999999995,0.07800617095894401
0.947701,5.246746,0.07128044632243824
1.06868,3.4070420000000006,0.06516796778501537
1.18967,2.2359799999999996,0.06052547913002259
1.31065,1.3084479999999994,0.056287634241730215
1.43163,0.8303479999999999,0.05320923995179785
1.55262,0.4965799999999998,0.050457825933490234
1.6736,0.2765120000000003,0.048030845904002153
1.79458,0.20148399999999977,0.04617533868193714
1.91557,0.22599000000000036,0.04480323639964416
2.03655,0.24295800000000023,0.043671260720299795
2.15753,0.27088399999999924,0.04289655010866958
2.27852,0.33524799999999955,0.04256647673185085
2.3995,0.25333799999999984,0.041816954575564204
2.52048,0.17045399999999944,0.04115743118009189
2.64147,0.16475199999999957,0.04100654493926549
2.76245,0.2054039999999997,0.04101391429420996
2.88343,0.19728599999999963,0.04091896389599327
3.00442,0.21739599999999992,0.04088537427618341
3.1254,0.2750219999999999,0.04092190642909492
3.24638,0.2537799999999999,0.04055155495093129
3.36736,0.2553700000000001,0.04028338529439153
3.48835,0.3438759999999994,0.04028098334625906
3.60933,0.32305399999999995,0.03962650104221164
3.73031,0.3774519999999999,0.03936171537295091
3.8513,0.389246,0.038566981471414116
3.97228,0.4732280000000002,0.038146426560562656
4.09326,0.46634399999999987,0.037206346581254116
4.21425,0.4642919999999999,0.036205260459391805
4.33523,0.48839999999999995,0.03520822051586816
4.45621,0.5393539999999999,0.03452144907217541
4.5772,0.5469459999999999,0.03355907151811563
4.69818,0.4988039999999998,0.03220740626691942
4.81916,0.4650639999999999,0.03102184898313445
4.94015,0.48357799999999984,0.030315442210959085
5.06113,0.4632999999999996,0.029280027410629246
5.18211,0.4568319999999999,0.028289397821120194
5.3031,0.4213849999999999,0.027142191916814676
5.42408,0.38448060000000006,0.02592749076480792
5.54506,0.4403231999999999,0.02551910361039353
5.66605,0.403358,0.024406184228035317
5.78703,0.4202154000000001,0.023868467599039534
5.90801,0.4144903999999999,0.023138982957969435
6.02899,0.4566741999999999,0.022983214311771104
6.14998,0.48024600000000006,0.022733504887693847
6.27096,0.4891386000000001,0.022430343051473824
6.39194,0.44550120000000004,0.021700311023881664
6.51293,0.4305627999999999,0.02133154739247015
6.63391,0.420546,0.02109802690525349
6.75489,0.426959,0.021132223070439132
6.87588,0.41093120000000005,0.020970504114264873
6.99686,0.3544712,0.020413264075693528
7.11784,0.3947824,0.020858693650399107
7.23883,0.44608899999999996,0.02126805818036052
7.35981,0.43462919999999994,0.020937984483259127
7.48079,0.4583508,0.020953363404370193
7.60178,0.46804520000000005,0.020782237441854045
7.72276,0.5094172,0.0209387911382773
7.84374,0.55091,0.021226321496773764
7.96473,0.5552104,0.021117003412473086
8.08571,0.5164513999999999,0.02064890631032065
8.20669,0.5331009999999998,0.020727847848061795
8.32767,0.469084,0.019992025932546204
8.44866,0.3732988,0.01886520388889556
8.56964,0.3387542,0.018387923656563294
8.69062,0.29042619999999997,0.01776864852358783
8.81161,0.2698865999999999,0.01746573654653018
8.93259,0.19846020000000003,0.01647719316478386
9.05357,0.16983860000000006,0.015937648825218857
9.17456,0.1472312,0.015407137656073563
9.29554,0.14593440000000008,0.015144477269657874
9.41652,0.128554,0.014649309123350766
9.53751,0.11111080000000001,0.014105460007594365
9.65849,0.11744160000000003,0.013956850840097847
9.77947,0.08296959999999998,0.013283278279979834
9.90046,0.09558,0.013301381887272614
10.0214,0.054910599999999976,0.012418587070362875
10.1424,0.08924579999999999,0.012909371852395763
10.2634,0.05245339999999998,0.012109631871948709
10.3844,0.07973159999999999,0.012464230612405884
10.5054,0.05865299999999998,0.01198220510221203
10.6264,0.07356859999999998,0.012221652844053786
10.7473,0.06114679999999997,0.012002871079492774
10.8683,0.0491202,0.011793720493117343
10.9893,0.057436799999999955,0.011947201279562007
11.1103,0.030277199999999976,0.011400462826261221
11.2313,0.033784800000000004,0.011437537374907415
11.3523,0.051683599999999996,0.011702194656493456
11.4732,0.049509600000000015,0.011549261162594948
11.5942,0.07464799999999999,0.011966621397933001
11.7152,0.05786180000000002,0.011541560716040272
11.8362,0.04305819999999999,0.011159948687811606
11.9572,0.03640399999999999,0.010883617450360334
12.0782,0.060031799999999996,0.011248085950943653
12.1991,0.04256259999999998,0.010772313647131335
12.3201,0.04594179999999998,0.01072640229393677
12.4411,0.0381078,0.01049607623135846
12.5621,0.058167599999999986,0.010813957871731145
12.6831,0.0377624,0.010355425544686032
12.8041,0.0553294,0.010759110273277991
12.925,0.05138619999999999,0.010734140814357524
13.046,0.04798719999999995,0.010647037804092931
13.167,0.05512679999999995,0.010850559375209925
13.288,0.021846000000000004,0.010086678500798566
13.409,0.05104639999999999,0.010679948508406397
13.53,0.046974199999999994,0.010467113585021422
13.6509,0.037702599999999975,0.010091821324468245
13.7719,0.039482199999999995,0.010006194617806512
13.8929,0.04058919999999999,0.009880691297688638
14.0139,0.02448220000000001,0.009385566768837351
14.1349,0.024598399999999992,0.00922724501758591
14.2559,0.05050940000000001,0.009692970339159406
14.3768,0.05749659999999998,0.009748837069859975
14.4978,0.0502432,0.009426743426075622
14.6188,0.04283519999999999,0.00904986208760421
14.7398,0.04016550000000002,0.008852393402506917
14.8608,0.032899300000000006,0.008618322049675099
14.9817,0.03100341999999999,0.008463947279447102
15.1027,0.02432501999999999,0.008215750574845368
15.2237,0.027588739999999987,0.008227707227274924
15.3447,0.03797745999999999,0.00841377858030457
15.4657,0.031538819999999995,0.00809947779689481
15.5867,0.03482626000000001,0.008114183962126814
15.7076,0.034032179999999995,0.007959934516335922
15.8286,0.02201066,0.007472928859119697
15.9496,0.026641200000000004,0.007557088656090519
16.0706,0.03735848,0.007856803296487191
16.1916,0.020569420000000005,0.007218995735507259
16.3126,0.029690079999999994,0.007426070810445858
16.4335,0.02151017999999999,0.007117842993956526
16.5545,0.019947719999999988,0.007068741578871872
16.6755,0.025936340000000002,0.007184835455610935
16.7965,0.02772915999999999,0.007224816624460444
16.9175,0.028599959999999994,0.007160373075423934
17.0385,0.023814520000000006,0.006984614907659261
17.1594,0.028861699999999997,0.0070386143687092275
17.2804,0.012751799999999994,0.0063993479263018665
17.4014,0.015652479999999996,0.006376589773802922
17.5224,0.02443774,0.006708190466980793
17.6434,0.02828016,0.006641213284824694
17.7644,0.024018399999999995,0.006453038362035669
17.8853,0.02722326,0.00658357784210136
18.0063,0.029508460000000007,0.006623248348228232
18.1273,0.02090671999999999,0.006245433412544241
18.2483,0.022044159999999993,0.006256587730670449
18.3693,0.02091556,0.006158894790333733
18.4903,0.015327600000000004,0.005825286614958272
18.6112,0.021484160000000002,0.006068665360413606
18.7322,0.02963247999999999,0.006261213231783757
18.8532,0.03160917999999999,0.006350539268061572
18.9742,0.03658569999999999,0.006431480476413499
19.0952,0.02867446,0.006117532337006156
19.2162,0.025099499999999997,0.0059252638569552325
19.3371,0.01732705999999999,0.005570746339292788
19.4581,0.022209299999999994,0.005725724159572831
19.5791,0.026651719999999997,0.005873205663314031
19.7001,0.035629280000000006,0.006187698499662374
19.8211,0.028907300000000004,0.005938259465207629
19.9421,0.012573219999999996,0.005233211479390834
20.063,0.018529439999999994,0.005550939165605402
20.184,0.01921808,0.005574478209322555
20.305,0.023521519999999997,0.0057628520459640465
20.426,0.02638054,0.005867176397482183
20.547,0.02982726,0.005985414491651184
20.668,0.031561780000000005,0.006003978605310981
20.7889,0.024522799999999997,0.005773551775340029
20.9099,0.0294728,0.0060807336351966605
21.0309,0.024163739999999996,0.005783404254704317
21.1519,0.0194205,0.005570850373570627
21.2729,0.02427882,0.005848682570790109
21.3939,0.02578432,0.005920217282314561
21.5148,0.030672120000000004,0.006007341408942228
21.6358,0.03082817999999999,0.006045048577527562
21.7568,0.026931280000000002,0.005900412335821624
21.8778,0.019046259999999995,0.005566950406356788
21.9988,0.019207299999999997,0.00553197896754534
22.1198,0.02284456,0.005791467243658035
22.2407,0.021081699999999995,0.005729489457348185
22.3617,0.02890264,0.006040900749739561
22.4827,0.0231149,0.005722521804176197
22.6037,0.019156680000000002,0.005521372879501257
22.7247,0.0285071,0.0058117976234731365
22.8457,0.03121814,0.0058692620858445226
22.9666,0.020445299999999993,0.005318773066418984
23.0876,0.02971562,0.005763547817497136
23.2086,0.02730918,0.0056388943220879745
23.3296,0.030413459999999996,0.005884421781954112
23.4506,0.026227579999999993,0.005756651118647716
23.5716,0.02508522,0.005810741878641315
23.6925,0.033440620000000004,0.006197730440998222
23.8135,0.023482840000000005,0.005832869928414999
23.9345,0.02565088,0.0060322619227725855
24.0555,0.01239548,0.005298438287915789
24.1563,0.038459280000000005,0.007755514987410701
24.2571,0.020699219999999997,0.003094916248033216
24.3784,0.028675979999999997,0.003176180211134122
24.5003,0.022388579999999998,0.0028798445352768614
24.6228,0.021479519999999995,0.002863526172680809
24.7459,0.026201399999999993,0.0029596372393217384
24.8696,0.025629439999999996,0.0029151478008492123
24.994,0.023115659999999996,0.0028345414229959667
25.119,0.028196459999999993,0.002939436781737617
25.2446,0.026381239999999997,0.002875192198816629
25.3708,0.02262828,0.002766330974254527
25.4976,0.025381120000000004,0.0028365673525555498
25.6251,0.025347239999999997,0.0028573037458135245
25.7533,0.027995219999999998,0.0029116400470641972
25.882,0.0225053,0.0027661376747024
26.0114,0.02519462,0.0028305127160965023
26.1415,0.02049414,0.002699997659492319
26.2722,0.0234956,0.0027868768675583786
26.4036,0.02297854,0.0027420640289249265
26.5356,0.026570679999999996,0.002815647860183514
26.6682,0.027837319999999995,0.0028323679556858427
26.8016,0.02998124,0.002860217612097373
26.9356,0.02660206,0.0027609990148915304
27.0703,0.022294539999999998,0.0026843441756339665
27.2056,0.023686859999999997,0.0026958697682877785
27.3417,0.028504279999999996,0.0028203194483405595
27.4784,0.02616062,0.0027839065281880424
27.6158,0.028205259999999996,0.0027982335861110666
27.7538,0.02964032,0.002822947180666333
27.8926,0.02733102,0.0027574659927411616
28.0321,0.02351384,0.002647002109748309
28.1722,0.02557922,0.002672407094304309
28.3131,0.03068666,0.002783007693199571
28.4547,0.024079039999999996,0.002611701882916195
28.5969,0.02790688,0.0026982095238235297
28.7399,0.034125699999999995,0.002841279788374246
28.8836,0.028870599999999996,0.002702994251339059
29.028,0.028891219999999995,0.0026981297222283436
29.1732,0.027432499999999995,0.002657358294347979
29.319,0.023762480000000002,0.0025859375500850747
29.4656,0.02863056,0.002674334568430061
29.613,0.03038508,0.002722191479946258
29.761,0.030230940000000005,0.0027044073440293716
29.9098,0.03223216,0.002750959648019578
30.0594,0.03073706,0.0027097202938104145
30.2097,0.028126179999999997,0.0026549646370744753
30.3607,0.02845686,0.002667308809692646
30.5125,0.027862479999999995,0.0026486441383968516
30.6651,0.026297259999999996,0.002593031160944272
30.8184,0.028683419999999998,0.002628957675343595
30.9725,0.03276656,0.0027078807014504903
31.1274,0.032339259999999995,0.002693379359785769
31.283,0.028073920000000002,0.0026078624882366784
31.4394,0.031209680000000004,0.002679151176084694
31.5966,0.02926962,0.0026397049682561117
31.7546,0.03002754,0.0026462905680042018
31.9134,0.03271629999999999,0.0026900000165977697
32.0729,0.032253779999999996,0.0026646726720773793
32.2333,0.03008526,0.002611288406196451
32.3945,0.029891239999999996,0.002591158272544539
32.5564,0.031854499999999994,0.0026406291461687683
32.7192,0.030365119999999995,0.0025880629701203178
32.8828,0.0266602,0.002516383081057413
33.0472,0.024947,0.0024794782953169807
33.2125,0.026412179999999997,0.00252439088341881
33.3785,0.0247245,0.002478032131049959
33.5454,0.023993219999999996,0.0024661251787847266
33.7132,0.024096819999999994,0.0024579602980438885
33.8817,0.020305159999999992,0.002357180871796647
34.0511,0.021857139999999997,0.0023836502361655326
34.2214,0.025334219999999998,0.002459775852050751
34.3925,0.0192522,0.0023145939881154104
34.5645,0.019959340000000002,0.0023130144716866775
34.7373,0.022032339999999997,0.002351688084914324
34.911,0.022331519999999997,0.002349256722067642
35.0855,0.019243559999999993,0.0022695422058150844
35.2609,0.02125878,0.0023033743240889006
35.4373,0.02002248,0.002275221349723143
35.6144,0.021049199999999997,0.002303769864711317
35.7925,0.020960619999999996,0.0023009146444212137
35.9715,0.023582719999999995,0.0023576576717275984
36.1513,0.022388299999999996,0.0023321528179285336
36.3321,0.017426859999999995,0.0022323935304573877
36.5137,0.020518880000000003,0.002292758996534088
36.6963,0.01931404,0.0022741735391425166
36.8798,0.0228804,0.0023402604905967198
37.0642,0.025512399999999998,0.0023894450905714492
37.2495,0.019727919999999996,0.0022747957081056753
37.4358,0.018222679999999998,0.0022337794051651566
37.6229,0.022480219999999995,0.0023200883059685466
37.8111,0.017260479999999995,0.0022197411235403107
38.0001,0.019669979999999997,0.002279130602140211
38.1901,0.024209899999999996,0.0023747640016641655
38.3811,0.022312079999999998,0.0023353190622876353
38.573,0.0185564,0.0022543044103030983
38.7658,0.020528699999999997,0.0022954956849160052
38.9597,0.016328899999999993,0.0022046200302238026
39.1545,0.01992666,0.0022616299153079846
39.3502,0.02280097999999999,0.002314511182503122
39.547,0.02159673999999999,0.0022828275536369365
39.7447,0.020601940000000003,0.002257799930242713
39.9434,0.020692259999999997,0.0022685437387302016
40.1432,0.024906399999999995,0.0023448707273536424
40.3439,0.020209159999999997,0.0022432628661518917
40.5456,0.02112008,0.002254188059924016
40.7483,0.0230886,0.0022872015080844976
40.9521,0.024131559999999996,0.0022864347980994337
41.1568,0.02430604,0.0022935243668930137
41.3626,0.021310959999999997,0.002235524429703241
41.5694,0.021240879999999997,0.002251218181077081
41.7773,0.021973319999999998,0.0022735731478921014
41.9862,0.01748768,0.002197459731330702
42.1961,0.02511642,0.0023422732308123234
42.4071,0.025485379999999995,0.0023449184491960485
42.6191,0.025399599999999994,0.002347030595829547
42.8322,0.02788458,0.002377116122095006
43.0464,0.025216300000000004,0.0023067389012881366
43.2616,0.023194820000000005,0.002256878050794061
43.4779,0.021908240000000002,0.002238500922670348
43.6953,0.023263859999999997,0.0022627399581489696
43.9138,0.023426719999999998,0.0022641971440720437
44.1333,0.020214379999999997,0.0021957174276586687
44.354,0.019740659999999993,0.002183489163941969
44.5758,0.021087920000000003,0.0021969574341584317
44.7987,0.018938159999999996,0.002144175021844999
45.0226,0.023497620000000004,0.002219009940203964
45.2478,0.019021299999999998,0.002143037058607247
45.474,0.018878159999999998,0.0021296907842257287
45.7014,0.019381759999999998,0.002142950622296277
45.9299,0.020369059999999994,0.0021458240896010095
46.1595,0.019007699999999995,0.002127555514538692
46.3903,0.021607619999999994,0.0021623735266581485
46.6223,0.020602879999999997,0.0021528150899118113
46.8554,0.019075039999999994,0.0021221195339066086
47.0897,0.02289082,0.0022007111506265426
47.3251,0.0192576,0.0021377870392487648
47.5617,0.02186022,0.002193176534376565
47.7995,0.023893979999999995,0.0022220814860036075
48.0385,0.026182819999999996,0.002266922094776969
48.2787,0.023530339999999997,0.0022236634205094977
48.5201,0.02622399999999999,0.002247404641881831
48.7627,0.02500294,0.002220874865161925
49.0065,0.02683372,0.0022530242455703845
49.2516,0.028855059999999995,0.0022686916786068575
49.4978,0.02740058,0.0022310854928738163
49.7453,0.023497459999999998,0.002165546865349259
49.994,0.02416631999999999,0.0021715253950317964
50.244,0.026872019999999996,0.002202516730464493
50.4952,0.024431679999999997,0.0021551485738537843
50.7477,0.023333179999999995,0.002127226896135906
51.0015,0.01816628,0.0020291862753980964
51.2565,0.021623000000000003,0.002085429638284639
51.5127,0.02303106,0.0021140475858854265
51.7703,0.021286519999999996,0.0020923313747606997
52.0292,0.020866219999999998,0.002082662552380486
52.2893,0.02123738,0.0020853447969072167
52.5507,0.02055424,0.0020686787180149557
52.8135,0.017532799999999994,0.00201696486058533
53.0776,0.02016452,0.0020667146794146503
53.343,0.018993760000000005,0.0020361285103715826
53.6097,0.016215080000000007,0.0019873552188967125
53.8777,0.024585080000000002,0.0021293381055576873
54.1471,0.023746780000000002,0.002095798383135172
54.4178,0.021626640000000003,0.002039833292019718
54.6899,0.023202999999999994,0.0020701213112028
54.9634,0.0227783,0.00205738718924465
55.2382,0.026957099999999998,0.0021243004837480034
55.5144,0.025304639999999996,0.0020917298149904545
55.792,0.02793032,0.002132127644772704
56.0709,0.0283613,0.0021202334385156743
56.3513,0.022754040000000003,0.0020185888991441523
56.633,0.0257251,0.002062746047545359
56.9162,0.026984339999999996,0.0020925627599037502
57.2008,0.029989360000000007,0.002143288048765261
57.4868,0.024137640000000002,0.0020376690114756128
57.7742,0.02588732,0.002078694780207041
58.0631,0.02620032,0.002077799050071012
58.3534,0.023596559999999996,0.0020267027311759362
58.6452,0.02757424,0.0020936124958234274
58.9384,0.029316239999999993,0.0021298118530752898
59.2331,0.028137919999999997,0.0021115809531770265
59.5293,0.030756339999999993,0.002153153505289393
59.8269,0.027688319999999995,0.0021025875300448257
60.126,0.027464619999999995,0.0021022637113644904
60.4267,0.03086216,0.002146915157268214
60.7288,0.03158923999999999,0.0021503635622601124
61.0324,0.03031226,0.002126610593189078
61.3376,0.024959839999999997,0.002041399856807088
61.6443,0.031217800000000004,0.0021273356610539865
61.9525,0.031474819999999994,0.0021310061722463404
62.2623,0.031220200000000004,0.002121305227488963
62.5736,0.03232524,0.0021313640470018254
62.8865,0.033913540000000006,0.0021458188104059484
63.2009,0.03077766,0.0020940423577664323
63.5169,0.03494572,0.0021485742065369766
63.8345,0.03148258,0.0020909279346902417
64.1537,0.03136016,0.0020917412349485296
64.4744,0.02827482,0.00204455283088112
64.7968,0.031565260000000005,0.002091087938130771
65.1208,0.030854399999999997,0.0020820493893978598
65.4464,0.03551632,0.002153417769319275
65.7736,0.03586148,0.0021574166296513056
66.1025,0.03824346000000001,0.0021950373115817417
66.433,0.03712967999999999,0.002189756232246868
66.7652,0.03856566,0.00221839148645229
67.099,0.036641339999999994,0.0022012499908924477
67.4345,0.040601240000000004,0.002261381738475837
67.7716,0.040838540000000007,0.002267375621936515
68.1105,0.03552516,0.0021941678436464243
68.4511,0.03639602,0.0022064896964092084
68.7933,0.039782719999999994,0.0022456094637981912
69.1373,0.03523838000000001,0.002184222661440907
69.483,0.037114119999999994,0.002214331724066654
69.8304,0.040582419999999994,0.0022625674425793365
70.1795,0.0404768,0.002267018246391502
70.5304,0.045011459999999996,0.002338853172444136
70.8831,0.046448140000000006,0.002373263633272966
71.2375,0.045521019999999995,0.002380343551069047
71.5937,0.046804740000000004,0.002421310041356951
71.9517,0.044454379999999995,0.002416908188458138
72.3114,0.047502359999999993,0.002488487367066186
72.673,0.05013814,0.002542328439140781
73.0363,0.051553919999999996,0.002573549567742576
73.4015,0.05071908,0.002559320915375014
73.7685,0.05435794,0.002586338945060372
74.1374,0.04961097999999999,0.002488518705085417
74.5081,0.052080560000000005,0.002471373036015405
74.8806,0.043992319999999994,0.0023276507818579656
75.255,0.04827618,0.0023358006393517402
75.6313,0.04115876,0.002205586349468096
76.0094,0.041350960000000006,0.002194411728759214
76.3895,0.039362539999999994,0.0021473102874554487
76.7714,0.037222979999999996,0.0020919253408819348
77.1553,0.036821259999999995,0.0020711843157884334
77.5411,0.03912879999999999,0.0020898416623352117
77.9288,0.035947400000000004,0.0020268774702334623
78.3184,0.03518099999999999,0.0020019600627005523
78.71,0.03661555999999999,0.002020337039275378
79.1035,0.03854538,0.002044215029494696
79.4991,0.04016560000000001,0.0020560368787655536
79.8966,0.04124922,0.0020675768315387946
80.296,0.03759283999999999,0.0020117517189971535
80.6975,0.04034913999999999,0.0020449665343354644
81.101,0.03997064,0.002029247311149629
81.5065,0.04087091999999999,0.0020406110643520483
81.9141,0.037411419999999994,0.0019897690812564154
82.3236,0.04005128000000001,0.0020178431346742493
82.7352,0.039695860000000006,0.002007931004604491
83.1489,0.038157479999999994,0.00198603300083055
83.5647,0.0368108,0.0019528317260480996
83.9825,0.03658839999999999,0.0019438384935770768
84.4024,0.03742279999999999,0.001954656896277196
84.8244,0.03740197999999999,0.0019542016063825145
85.2485,0.03723529999999999,0.0019474387064172265
85.6748,0.03661444,0.0019406642933263857
86.1031,0.03529500000000001,0.0019235514688409044
86.5337,0.03443797999999999,0.0019062244427726761
86.9663,0.038792379999999994,0.001963823307330881
87.4012,0.03817062,0.0019534370225364316
87.8382,0.040041799999999995,0.00197216812688878
88.2774,0.04419398000000001,0.0020238024660396083
88.7187,0.045399819999999994,0.0020388245579607872
89.1623,0.045421680000000006,0.0020409148648221466
89.6082,0.049076039999999994,0.0020895310140526748
90.0562,0.052933680000000004,0.0021431403193519554
90.5065,0.04838502,0.0020867966184321845
90.959,0.04956512,0.002102058661669555
91.4138,0.04629489999999999,0.0020555835970838066
91.8709,0.05223549999999999,0.00213476182919032
92.3302,0.05205077999999999,0.0021239913676905564
92.7919,0.05133349999999999,0.0021118176850466997
93.2558,0.054044499999999995,0.0021383112368388657
93.7221,0.0509495,0.002098506507486541
94.1907,0.05582770000000001,0.0021481888467039766
94.6617,0.05960558,0.0021954996799324203
95.135,0.06193664,0.002227362752042729
95.6107,0.06326617999999999,0.002252947246691764
96.0887,0.05914066,0.0022069400725393522
96.5692,0.05317964,0.002140083445801121
97.052,0.04893077999999999,0.002095157288403904
97.5373,0.04878949999999999,0.0020972250592571125
98.0249,0.04809549999999999,0.002089484830488128
98.5151,0.04360682,0.002042522526862311
99.0076,0.047638660000000006,0.0020996677341617647
99.5027,0.04577144,0.0020836883776572733
100.0,0.04584526,0.002093985627098715
100.5,0.0462094,0.0021089181508792605
101.003,0.050125079999999995,0.002165049900831849
101.508,0.04937676,0.0021659381451223396
102.015,0.04817112,0.002156459287117659
102.525,0.05106019999999999,0.0021946909244319576
103.038,0.05516932,0.002247196169208198
103.553,0.04837941999999999,0.0021699595991087023
104.071,0.050195659999999996,0.002191143483404955
104.591,0.0510227,0.0022012314167510873
105.114,0.04588498,0.0021442766833289027
105.64,0.048871879999999986,0.0021777864728563267
106.168,0.05101322,0.002198274353661981
106.699,0.05376912,0.0022239898785803864
107.232,0.048759519999999994,0.0021692186898060787
107.768,0.0495427,0.002163737312591341
108.307,0.05015922,0.0021568288349055427
108.849,0.04777236,0.0021266845058748136
109.393,0.04412246,0.0020796346867918893
109.94,0.043715779999999996,0.002071747720019018
110.49,0.04002998,0.0020290287197592843
111.042,0.045077599999999995,0.0020918092395455184
111.597,0.04402831999999999,0.0020820035440997694
112.155,0.042489940000000004,0.0020668185830749635
112.716,0.038759819999999987,0.0020262839255020507
113.28,0.03240283999999999,0.001957224418862589
113.846,0.030963099999999993,0.0019493969275106596
114.415,0.03287964000000001,0.0019784999845114987
114.987,0.035356799999999994,0.002013516441793312
115.562,0.03785063999999999,0.002051043894370864
116.14,0.03985369999999999,0.0020859176964674324
116.721,0.04405982,0.002143623496389233
117.305,0.04545986,0.0021722137905942867
117.891,0.050072240000000004,0.002230057661484115
118.481,0.04511961999999999,0.0021804375638609787
119.073,0.04633055999999999,0.00219949788163026
119.668,0.04479432,0.002178335124324079
120.267,0.04760607999999999,0.002201710034247925
120.868,0.04812568,0.0022086866781669146
121.472,0.049916619999999995,0.0022239424976046485
122.08,0.05253769999999999,0.0022439513386230104
122.69,0.04935049999999999,0.0022142875634885368
123.304,0.05188529999999999,0.0022389629920657465
123.92,0.04553847999999999,0.002169355721280399
124.54,0.04904764,0.0022087921580021966
125.162,0.04858319999999999,0.0022019189871228233
125.788,0.04449628,0.0021563165112524645
126.417,0.046971299999999994,0.0021871541041591012
127.049,0.04521328,0.0021755848515716413
127.684,0.04562408,0.0021857070690501964
128.323,0.042294740000000004,0.00215737315997488
128.964,0.04649078,0.0022160030226098517
129.609,0.04628316,0.0022256031839957453
130.257,0.04817775999999999,0.002256110138741458
130.909,0.05503012,0.002335433493513356
131.563,0.05262646,0.002329404508504266
132.221,0.05646618,0.002375577694144311
132.882,0.05504766,0.002374874588678737
133.546,0.05494806,0.002392163860050561
134.214,0.051810880000000004,0.0023817364622081933
134.885,0.05624922,0.002435796316730116
135.56,0.05503498,0.0024540609701871716
136.238,0.05661044,0.0024988275911747094
136.919,0.05238688,0.0024902045345649823
137.603,0.04793605999999999,0.002476018898513499
138.291,0.05060780000000001,0.002538809699014875
138.983,0.046635379999999976,0.0025329608423250447
139.678,0.04630334,0.002556616688010152
140.376,0.04969404000000001,0.0026117014426415585
141.078,0.04712345999999999,0.002616275932734925
141.783,0.046984020000000015,0.002637288257849718
142.492,0.05167144,0.0026977997135910594
143.205,0.0541614,0.0027400881538264424
143.921,0.0572329,0.00278252379523626
144.64,0.05324799999999999,0.0027734854112787394
145.364,0.05175119999999997,0.0027797270209457617
146.09,0.045724799999999996,0.002743566880100429
146.821,0.05186199999999999,0.0028039658995900794
147.555,0.04817359999999998,0.0027877135831989625
148.293,0.05513620000000001,0.00284536831732203
149.034,0.052008399999999996,0.002824965729554962
149.779,0.057691000000000006,0.002873614996785756
150.528,0.0637812,0.002917167823175074
151.281,0.0644776,0.002916040249156379
152.037,0.060134999999999994,0.0028758865145439936
152.797,0.06662119999999999,0.0029200400030766705
153.561,0.067296,0.002916192657711078
154.329,0.06015039999999998,0.0028562917436753548
155.101,0.06624739999999998,0.0028934558032657075
155.876,0.0695098,0.0029105685228140565
156.656,0.06533599999999998,0.002869965268940375
157.439,0.06589999999999997,0.0028662539624966944
158.226,0.06159899999999999,0.0028190625672602585
159.017,0.05458459999999998,0.00276041433300003
159.812,0.05080139999999998,0.0027214405769165713
160.612,0.0553428,0.0027490621855221827
161.415,0.04893399999999998,0.002697666468584284
162.222,0.05137245999999998,0.0027099646258097175
163.033,0.048227259999999994,0.002682869590561569
163.848,0.04967065999999998,0.002690367298578393
164.667,0.045804559999999994,0.002655283464272694
165.491,0.04657696,0.002651075146661822
166.318,0.05552997999999998,0.0027219356313175377
167.15,0.05201802,0.0026795178846971707
167.985,0.05215321999999997,0.00266757708840963
168.825,0.05445881999999999,0.0026789275782857585
169.669,0.056588139999999995,0.002691782479368643
170.518,0.0539632,0.0026550310526538105
171.37,0.053381139999999994,0.0026412116489702223
172.227,0.05457246,0.002644996999604347
173.088,0.05302421999999998,0.0026208059096804555
173.954,0.05328948,0.002611802968930084
174.823,0.043146500000000004,0.0025206859646310564
175.698,0.04040437999999999,0.002490031745236996
176.576,0.03815504,0.0024518866269907344
177.459,0.03251567999999999,0.0023857785509103727
178.346,0.03647727999999999,0.0024049348378457156
179.238,0.03663237999999998,0.002394368989650509
180.134,0.035268939999999985,0.002368578192514657
181.035,0.03448907999999998,0.0023597934478229235
181.94,0.03786544,0.002387434805514907
182.85,0.03655639999999999,0.0023717714000223546
183.764,0.045286999999999994,0.0024415966620086947
184.683,0.04608682,0.002440493739912479
185.606,0.049378640000000015,0.002461323309388671
186.534,0.049916559999999985,0.0024673084133435773
187.467,0.05983829999999998,0.002545903358236522
188.404,0.061671180000000006,0.00256298813760345
189.346,0.05999557999999999,0.0025510529237716727
190.293,0.06270312,0.002572634012838981
191.244,0.05897858000000002,0.00253569450433683
192.201,0.05380418000000001,0.002490448157711379
193.162,0.04371902,0.0023910558231551183
194.128,0.039524100000000006,0.0023398540326216933
195.098,0.03595326,0.002289393825726801
196.074,0.03885098000000001,0.002298603507836008
197.054,0.03670957999999999,0.0022612328049999627
198.039,0.03656284,0.0022453608171766073
199.029,0.03695849999999999,0.0022431440911399336
200.025,0.038004239999999995,0.0022531547068898755
201.025,0.042689159999999976,0.0023012113368467485
202.03,0.04444584,0.0023122650547357237
203.04,0.046662560000000006,0.002331866462632884
204.055,0.050659759999999984,0.0023679273390532912
205.075,0.05485564000000001,0.0023964063476088525
206.101,0.05886327999999999,0.0024305722456261203
207.131,0.05008923999999999,0.0023471285905948993
208.167,0.0498975,0.002339269229856196
209.208,0.0475778,0.002310795170791215
210.254,0.04281868,0.0022619900184580833
211.305,0.040697540000000004,0.0022360448490367987
212.362,0.0403414,0.0022368849416999526
213.424,0.03836181999999999,0.0022127570415081724
214.491,0.037178119999999995,0.002193185239847287
215.563,0.04148387999999999,0.0022374015918944904
216.641,0.036283060000000006,0.002191645525131288
217.724,0.042138159999999994,0.002253876007710273
218.813,0.04035282,0.002252032664708041
219.907,0.03868874,0.0022571751086772154
221.006,0.046253539999999996,0.002349440724055834
222.111,0.04758094,0.0023771554911549224
223.222,0.0566383,0.0024738532649144734
224.338,0.06179688000000001,0.0025297347927290717
225.46,0.05864079999999999,0.0025051567477297706
226.587,0.05739688000000001,0.0024909337530669095
227.72,0.05135893999999999,0.0024282780480982817
228.859,0.05165874000000001,0.0024227419091005136
230.003,0.053358939999999994,0.0024324107779139605
231.153,0.06111142,0.002500654937561758
232.309,0.056225419999999984,0.0024653782681308767
233.47,0.04978547999999998,0.0024189769114615375
234.638,0.05205088000000001,0.002442874240530609
235.811,0.05181344,0.0024530233744145206
236.99,0.05456035999999999,0.0024905441649743934
238.175,0.05523376000000001,0.002507114940179648
239.366,0.05446785999999999,0.0025075023586852317
240.562,0.05147260000000001,0.0024904593386915596
241.765,0.049890119999999996,0.0024757334791733945
242.974,0.047037800000000005,0.0024452471519533564
244.189,0.03994337999999999,0.00237243689917182
245.41,0.052590620000000005,0.002469681571887356
246.637,0.060542120000000005,0.002525575842369419
247.87,0.07181639999999999,0.0026127479282556133
249.109,0.06423869999999998,0.0025289618933649434
250.355,0.052938860000000004,0.002406550003090731
251.607,0.0440856,0.0023078693476529387
252.865,0.03738482,0.0022266413835227263
254.129,0.03245189999999999,0.002159596814692039
255.4,0.03521286,0.002172356974423863
256.677,0.03821276,0.0021970350148534275
257.96,0.04042954000000001,0.0022053257919282584
259.25,0.04316821999999999,0.0022204572714555892
260.546,0.04472062,0.002233649611525496
261.849,0.04215661999999999,0.002199943892408168
263.158,0.042694739999999995,0.0022065999215906814
264.474,0.039001579999999994,0.002174860639733958
265.796,0.04047735999999999,0.002193008173634563
267.125,0.04361664,0.0022326278312266917
268.461,0.048282839999999994,0.00230266491593371
269.803,0.04341286,0.0022736982189226432
271.152,0.0441115,0.0023095512620879407
272.508,0.038937940000000004,0.002299938982449752
273.871,0.04235432,0.0023644333115966708
275.24,0.05141367999999999,0.00247535205619322
276.616,0.06223274000000001,0.002598745354869538
277.999,0.06860321999999999,0.002680539003960957
279.389,0.06522348,0.002672309306800393
280.786,0.06050277999999998,0.0026563093221678834
282.19,0.06205947999999997,0.0026964595082848916
283.601,0.06737125999999999,0.002761453489393584
285.019,0.06439818,0.002754281276429116
286.444,0.06036,0.0027345916230055267
287.876,0.0634358,0.002767036084143465
289.316,0.06055609999999999,0.002745977145590982
290.762,0.06226551999999998,0.002754295681901999
292.216,0.06291769999999998,0.0027517591927288987
293.677,0.06790347999999999,0.00277251115504122
295.146,0.06713427999999999,0.002748471316084634
296.621,0.05550923999999999,0.002630468106377266
298.104,0.047160640000000004,0.00253890487259842
299.595,0.03615312,0.0024194367072639038
301.093,0.03156479999999999,0.002367207099433423
302.598,0.03847039999999999,0.0024136330589449593
304.111,0.03358069999999999,0.002341232776951493
305.632,0.037125519999999995,0.002357561717731266
307.16,0.037886199999999995,0.0023484057078920584
308.696,0.03813944,0.002326277295066089
310.239,0.042401320000000006,0.002353031873174692
311.791,0.04383155999999999,0.0023482649257986206
313.35,0.0484141,0.0023705412149389008
314.916,0.05185428,0.002369609411030434
316.491,0.052557419999999994,0.002347471713936507
318.073,0.061875,0.0024024111610738076
319.664,0.06807079999999999,0.0024304838975093
321.262,0.07754211999999999,0.0024850623792717964
322.868,0.08919000000000002,0.00257187186749729
324.483,0.07709684,0.0024360910149220615
326.105,0.05472454,0.002189578219624044
327.736,0.04102494000000001,0.002015554417824535
329.374,0.03607231999999999,0.0019395842274900052
331.021,0.04100144,0.001978587109862995
332.676,0.04838344000000001,0.002049580777883126
334.34,0.052077639999999994,0.002082003135477947
336.011,0.04658638,0.0020072845146854494
337.691,0.03896286,0.0019011689312147828
339.38,0.03934026,0.001897838866736984
341.077,0.04848035999999999,0.0020044764673198736
342.782,0.05649142,0.002088489013602705
344.496,0.06399169999999998,0.0021646872194142045
346.218,0.06689368000000001,0.0021901428695721837
347.95,0.06966572,0.002220499534668206
349.689,0.0650079,0.002165081050078283
351.438,0.05482838000000001,0.0020430983289136334
353.195,0.05484208,0.0020507544012099647
354.961,0.04669806,0.001956404248860557
356.736,0.04925124,0.0019855641748843275
358.519,0.05357526,0.0020392887166750862
360.312,0.045580319999999994,0.0019413482568241896
362.114,0.04158222,0.0018823070420287335
363.924,0.041656019999999995,0.0018850403421539709
365.744,0.04861008,0.001976257275473201
367.572,0.05058444,0.0019970578814963074
369.41,0.04711274,0.0019567811056635537
371.257,0.042475399999999996,0.0019002130545131828
373.114,0.034377979999999995,0.0017916132383806167
374.979,0.031391920000000004,0.0017532369311383446
376.854,0.03037922,0.0017426608861744845
378.738,0.02886114,0.0017198311327868442
380.632,0.03362762,0.001802670483362514
382.535,0.034753679999999995,0.001823108777303055
384.448,0.043086440000000004,0.0019481020229189846
386.37,0.046542739999999985,0.00199676896352849
388.302,0.06209922,0.0021973665786293737
390.244,0.07359518,0.0023290531333467943
392.195,0.0720413,0.002309594489176938
394.156,0.07362840000000001,0.0023279350502236696
396.127,0.07724655999999999,0.002378934731742601
398.107,0.07756958,0.0023831330170387133
400.098,0.08407856,0.0024617516901895772
402.098,0.08348056000000001,0.002461440448217726
404.109,0.07710262000000001,0.0023985718101829597
406.129,0.06603674000000001,0.0022787024188226862
408.16,0.06103314,0.002228165336666927
410.201,0.055474220000000005,0.002165353834224947
412.252,0.04823434,0.0020714137742618302
414.313,0.04427312,0.0020315150977577305
416.384,0.04100768,0.0019926499922659773
418.466,0.03436638,0.001908483636968617
420.559,0.0374046,0.001958167894047127
422.662,0.037681339999999994,0.0019704893403081378
424.775,0.03785108,0.001980369564382365
426.899,0.04127266,0.0020320935206589287
429.033,0.04122144,0.002035455743475647
431.178,0.034914719999999996,0.001957807606545648
433.334,0.03421365999999999,0.0019504273488720363
435.501,0.03631825999999999,0.001985982513742757
437.678,0.03232034,0.0019357570675474752
439.867,0.03167626,0.0019375718199633272
442.066,0.03376780000000001,0.0019721140637671036
444.276,0.032165,0.0019639421262267376
446.498,0.03401046,0.001996230085302794
448.73,0.03719979999999999,0.0020510945604013484
450.974,0.04157822,0.0021211298859579535
453.229,0.047587439999999995,0.0022096395525496916
455.495,0.05867719999999999,0.0023639635777363407
457.773,0.06658762,0.002468697066947664
460.061,0.06561451999999998,0.002468587030179815
462.362,0.07391494,0.0025738425119995203
464.673,0.07691859999999999,0.002620652744049848
466.997,0.0697753,0.002545009429837933
469.332,0.05764834,0.0024119685208161402
471.679,0.05645968,0.0024110700580538924
474.037,0.05173723999999999,0.00236096680250782
476.407,0.04316438,0.0022572394485220215
478.789,0.04074656,0.0022292556825954262
481.183,0.038785360000000005,0.002207849504889316
483.589,0.03049868,0.002084698670768512
486.007,0.029185799999999998,0.0020545108239744076
488.437,0.02882506,0.0020401820362702934
490.879,0.02877354,0.0020371452504600648
493.334,0.032611839999999996,0.0020880639035795816
495.8,0.029892580000000002,0.002052598595597298
498.279,0.030802780000000002,0.0020635801039756126
500.771,0.031236939999999998,0.0020700550265990514
503.274,0.026876300000000002,0.0019877930459099606
505.791,0.024348179999999994,0.0019427725465910825
508.32,0.024711719999999996,0.001949296290502806
510.861,0.0307875,0.002047728598543274
513.416,0.028279339999999993,0.002011721027134727
515.983,0.031505939999999996,0.002073040661396684
518.563,0.03224246,0.0020917313395529555
521.155,0.0326659,0.002104621128898976
523.761,0.036849099999999996,0.0021740667476662255
526.38,0.0415051,0.0022488529856235597
529.012,0.038494839999999995,0.0022103184471021363
531.657,0.037479059999999995,0.002206284433694804
534.315,0.036809499999999995,0.0022017136800846744
536.987,0.04416734,0.0023236320982832027
539.672,0.05549424,0.0025055240844996884
542.37,0.07197254,0.0027410926528076353
545.082,0.06850064,0.002696837777351096
547.807,0.04550251999999999,0.002387990981559185
550.546,0.03445086,0.002233022242474087
553.299,0.04501649999999999,0.002403893496139128
556.066,0.04716394,0.0024377431145385276
558.846,0.04950209999999999,0.0024815262113401103
561.64,0.04291496,0.002395758754604478
564.448,0.03860368,0.0023449731804436485
567.271,0.03550976,0.0023212005841417496
570.107,0.037638319999999996,0.0023832847640263216
572.958,0.036242340000000005,0.002384886253748803
575.822,0.03781533999999999,0.002424454127448898
578.702,0.042237699999999996,0.0025092961663685694
581.595,0.05025814,0.0026183044608891455
584.503,0.05001452,0.002610917225898209
587.426,0.04540432,0.002551139151063305
590.363,0.04452266,0.0025420171442159865
593.314,0.05605380000000001,0.0027220979818566417
596.281,0.06900602,0.0029107921832958123
599.262,0.08788676000000001,0.003157838559516303
602.259,0.11049967999999999,0.003432233574227139
605.27,0.10938400000000001,0.003420219757732535
608.296,0.0897614,0.0032042237782676786
611.338,0.07867284,0.003071348193812613
614.395,0.058043260000000006,0.0027940508993760296
617.467,0.03942936,0.0025247443290202674
620.554,0.03389626,0.0024421120387648067
623.657,0.03501364,0.00245506124445481
626.775,0.03584701999999999,0.0024748740681448823
629.909,0.0367728,0.002506624520058
633.058,0.039035440000000005,0.0025357455864459277
636.224,0.0430794,0.0026126627751319152
639.405,0.05149478,0.002746514288152166
642.602,0.05791968,0.0028577265227946497
645.815,0.06321175999999999,0.0029414387173891617
649.044,0.0613983,0.0029207817151125828
652.289,0.05070778,0.002764420496014309
655.551,0.04031215999999999,0.0026038362075061477
658.828,0.04120018,0.0026111827923452624
662.122,0.04167002,0.002634072343061215
665.433,0.05806666,0.0029036481578972335
668.76,0.06291564,0.002982041918647691
672.104,0.05917034,0.002922694684681929
675.464,0.04940989999999999,0.002780327476235129
678.842,0.04279568,0.0026813491434119503
682.236,0.047519179999999994,0.0027638083230166303
685.647,0.05315866,0.0028643793358973948
689.075,0.05296874,0.002879809447327375
692.521,0.051354420000000005,0.0028535342657455506
695.983,0.05195854,0.0028695457343949063
699.463,0.053143800000000005,0.002896471665296244
702.961,0.0635967,0.003064110921205693
706.475,0.06332784,0.003071641035253957
710.008,0.06256679999999999,0.0030699973761969244
713.558,0.06337418,0.0031058422112992153
717.126,0.05989814,0.0030620414678361233
720.711,0.06003944,0.0030795394966975174
724.315,0.06476483999999999,0.003169638117022825
727.936,0.06982469999999999,0.003263722775064696
731.576,0.07759846000000001,0.0033801177270331873
735.234,0.0684532,0.0032522439849623826
738.91,0.06082620000000001,0.0031479367791974475
742.605,0.0532594,0.003031131353630192
746.318,0.04554827999999999,0.0029055397768986057
750.049,0.0450035,0.002903154946505612
753.8,0.04641082,0.0029396989693633597
757.569,0.04377494,0.0029056510692965186
761.356,0.04144487999999999,0.002875484457844278
765.163,0.04501472,0.002948906350555066
768.989,0.0455537,0.0029704141854522575
772.834,0.05828852,0.003208657192813218
776.698,0.06952972,0.003403422472460332
780.582,0.0733424,0.0034696048515939102
784.485,0.0915522,0.003756565618761903
788.407,0.09519728000000001,0.0038218865049244985
792.349,0.08146154,0.0036339819267965545
796.311,0.06690555999999999,0.003416023071070803
800.292,0.060563059999999995,0.0033310928007235104
804.294,0.05765619999999999,0.0032998615053689757
808.315,0.05743194,0.003295547866999355
812.357,0.06550853999999999,0.003445003943455508
816.419,0.0710761,0.003568387972203135
820.501,0.07070856,0.003583848207732576
824.603,0.06785568,0.003542515901526484
828.726,0.06536386,0.0035197654766799453
832.87,0.06408074,0.003516589959299776
837.034,0.06356938,0.0035066434281665992
841.219,0.06643588,0.0035547762997752753
845.425,0.06819662,0.003597066041406524
849.653,0.0707036,0.0036576537665443404
853.901,0.07044598,0.0036571386931949956
858.17,0.05868520000000001,0.003474818232322376
862.461,0.05270686000000001,0.003381125168792188
866.773,0.05549956,0.003447064149133288
871.107,0.0638406,0.0036180547086853178
875.463,0.07131526,0.003747262787571216
879.84,0.06482554,0.0036358771159108226
884.239,0.059711780000000006,0.0035565797890844512
888.661,0.06443468,0.0036391451092535453
893.104,0.07074054,0.0037579094719601747
897.569,0.06585904000000001,0.0036635742824231094
902.057,0.06321597999999999,0.0036435535541534175
906.568,0.0622721,0.0036427275771783976
911.1,0.059794259999999995,0.0036288528476034958
915.656,0.0706034,0.003858084449061736
920.234,0.07673452,0.003988006557929914
924.835,0.06420406000000001,0.003777783539959906
929.46,0.06061179999999999,0.003726942838670859
934.107,0.06397532,0.0038140866391779826
938.777,0.08238706,0.004145574153674736
943.471,0.09305274,0.004328398953935739
948.189,0.07914977999999999,0.004088323790549863
952.93,0.05606088,0.003674356365500766
957.694,0.058143719999999996,0.003725730580991599
962.483,0.057492259999999996,0.0037370609337654638
967.295,0.048421299999999994,0.0035771778307872814
972.132,0.05677544,0.0037594009332578508
976.992,0.0630023,0.003895489348779175
981.877,0.03928952000000001,0.0034305479764492434
986.787,0.04086067999999999,0.0034684295155819446
991.72,0.04488953999999999,0.0035636669821990942
996.679,0.046657040000000004,0.0036293813387011293
1001.66,0.05649856,0.0038502033428659327
1006.67,0.057279319999999995,0.00385266070512263
1011.7,0.05028802,0.003716039727120258
1016.76,0.050695,0.003772403900251934
1021.85,0.054284360000000004,0.0038542613603895623
1026.96,0.05274047999999999,0.0038257130662107948
1032.09,0.06305342,0.004050553069420026
1037.25,0.05813140000000001,0.00397334641670318
1042.44,0.05501848,0.003899209355712001
1047.65,0.05325304,0.003889742522326124
1052.89,0.054994079999999994,0.003941912883701515
1058.15,0.052086419999999994,0.003891298646494766
1063.44,0.053704840000000004,0.00393535945729434
1068.76,0.054165319999999996,0.003950209793043908
1074.1,0.06104232,0.004123030318787384
1079.47,0.0659515,0.004232025387263172
1084.87,0.0730263,0.004395126738944395
1090.3,0.07876923999999999,0.0045301540989131925
1095.75,0.09181938,0.00482105353907214
1101.23,0.10411978000000001,0.005051628823328175
1106.73,0.08443946,0.004692990980920377
1112.27,0.060622140000000005,0.0042282403185528615
1117.83,0.054468659999999995,0.004114154136575829
1123.42,0.05325814,0.004103245870944611
1129.03,0.078109,0.004657489477386288
1134.68,0.09032724,0.0049374100433855
1140.35,0.1003133,0.005132224165022802
1146.05,0.08669528000000001,0.0049039683727654685
1151.78,0.060712,0.004390991250323781
1157.54,0.047473659999999994,0.004119388678527435
1163.33,0.051800839999999994,0.004226101548937507
1169.15,0.055447960000000004,0.004339709967529627
1174.99,0.053071179999999996,0.004294124242199799
1180.87,0.05201866,0.004297466244334212
1186.77,0.05671186,0.0044218659977950485
1192.71,0.05912126,0.0044835611652966215
1198.67,0.060827240000000005,0.004540687006550441
1204.66,0.06957168,0.004764531205990784
1210.69,0.08361856000000001,0.005091971350448862
1216.74,0.07921132,0.005039376817047124
1222.82,0.07920243999999999,0.005058008537581961
1228.94,0.06334378,0.004728878646228511
1235.08,0.0676596,0.004864914415101257
1241.26,0.07986502000000001,0.005153387545759391
1247.46,0.08134377999999999,0.0051900664833248525
1253.7,0.08834434000000001,0.005357038641464144
1259.97,0.09571516000000001,0.005530902028928012
1266.27,0.08219858,0.005276527281564646
1272.6,0.07452647999999999,0.005118073644751119
1278.96,0.07167428,0.005106994044474303
1285.36,0.056251,0.00477403308637634
1291.79,0.06721316,0.005060231997633706
1298.24,0.06277313999999999,0.0049781273780368455
1304.74,0.06541830000000001,0.005066447579339196
1311.26,0.06267613999999999,0.005013161673952277
1317.82,0.07499954,0.005315581589025231
1324.41,0.08305116,0.005518096124910837
1331.03,0.09405454000000002,0.005777319609079629
1337.68,0.10015758,0.00593492644542761
1344.37,0.09601701999999998,0.00588782216347301
1351.09,0.08481896,0.005706942537891546
1357.85,0.07754191999999999,0.005618018200494192
1364.64,0.06835054,0.005444390844423644
1371.46,0.07244682,0.005572677983925861
1378.32,0.0746734,0.005643838071001328
1385.21,0.07183711999999999,0.005587670509128469
1392.14,0.07100844,0.005539692822626901
1399.1,0.06700488,0.005440293079086457
1406.09,0.06808001999999999,0.005487271248421386
1413.12,0.07240988000000001,0.005635678842580723
1420.19,0.07701462,0.005794870449241812
1427.29,0.0763776,0.005844666670479678
1434.43,0.07362740000000001,0.005833943452543914
1441.6,0.07555808,0.005881640618526092
1448.81,0.08678862000000001,0.006148880563456734
1456.05,0.08814792000000002,0.006177067772023551
1463.33,0.07625589999999999,0.005891296592203112
1470.65,0.08070696,0.005988483395802981
1478.0,0.08537254,0.006156681202644165
1485.39,0.07323088,0.0058761855236651615
1492.82,0.05611664000000001,0.00545859192965915
1500.28,0.048883720000000006,0.0053079958190850145
1507.78,0.0705044,0.005935234512672604
1515.32,0.06949764,0.00591432307939125
1522.9,0.06089934,0.005705588122396148
1530.51,0.06565238,0.005858980991000398
1538.16,0.06548077999999999,0.005895742555522586
1545.86,0.05814961999999999,0.005700556166696019
1553.58,0.056464339999999995,0.005695056506335648
1561.35,0.057224199999999996,0.005738801738573306
1569.16,0.056281899999999996,0.005711373241861541
1577.0,0.05622484,0.005694426279680157
1584.89,0.05618182000000001,0.005716045768654762
1592.81,0.06261406,0.005896253055411717
1600.78,0.06868447999999999,0.006046604601843583
1608.78,0.07779766,0.006304042189271261
1616.83,0.07719816,0.00632895303387851
1624.91,0.0643935,0.005964708489544145
1633.03,0.07136112,0.006220768825646875
1641.2,0.07335233999999999,0.006332263797686574
1649.41,0.06110016,0.006004316005531355
1657.65,0.06381488,0.006099469428320794
1665.94,0.05927434,0.006003350012153214
1674.27,0.06008813999999999,0.006047753319665411
1682.64,0.06521007999999999,0.0062088246376962525
1691.06,0.06181493999999999,0.006143353635303766
1699.51,0.055347679999999996,0.005947794603510783
1708.01,0.053039380000000004,0.005920178566434968
1716.55,0.059798460000000005,0.006100342007198613
1725.13,0.05735299999999999,0.006064763933185858
1733.76,0.06286339999999999,0.006203471658625354
1742.43,0.06376936,0.0062776285909129734
1751.14,0.07040603999999999,0.006455934022299175
1759.89,0.06535932,0.006323508502353737
1768.69,0.054221460000000006,0.005960005587537985
1777.54,0.05816563999999999,0.006128896649160598
1786.42,0.05779988,0.006171806108933753
1795.36,0.05568458,0.006127105042258702
1804.33,0.05648132,0.006220470849538642
1813.35,0.05582959999999999,0.006305978528821678
1822.42,0.04698928,0.006056118244969793
1831.53,0.05372738,0.006296673491613171
1840.69,0.04960028,0.006138000267896051
1849.89,0.041112,0.005843085063008411
1859.14,0.035939719999999994,0.005714658700839097
1868.44,0.04259988,0.005937555927321612
1877.78,0.046788220000000005,0.006109922859312056
1887.17,0.04265011999999999,0.005964963799880096
1896.61,0.04381794,0.00598458721987206
1906.09,0.046237,0.006062332274346895
1915.62,0.04894196,0.0061678120070683086
1925.2,0.053854400000000004,0.006400985880050041
1934.82,0.05935097999999999,0.00662911236037948
1944.5,0.055351040000000004,0.006527142581819398
1954.22,0.05059678,0.006357398136855989
1963.99,0.05273064000000001,0.006485626491524162
1973.81,0.045597460000000006,0.006246045427561666
1983.68,0.043497499999999995,0.006170179469886107
1993.6,0.049123299999999995,0.006397405954544389
2003.57,0.05114719999999999,0.006500563952313676
2013.59,0.05288418,0.006531776070573761
2023.65,0.05112328,0.0064775066935292315
2033.77,0.04434404,0.00628916940962668
2043.94,0.046892239999999995,0.006401986558946215
2054.16,0.04766735999999999,0.006470263545188247
2064.43,0.042636919999999995,0.00630817884801406
2074.75,0.04653879999999999,0.006456873959591282
2085.13,0.045437019999999995,0.006387978841558885
2095.55,0.04905933999999999,0.006544501612357048
2106.03,0.04572732,0.006488131117848961
2116.56,0.03964236,0.006307725173461507
2127.14,0.044261959999999996,0.006540687275404627
2137.78,0.04800064,0.006717916065204745
2148.47,0.052329879999999995,0.006851158783062614
2159.21,0.04615714,0.006655322327857607
2170.01,0.04595652,0.006676085106037819
2180.86,0.04681979999999999,0.006697324866680726
2191.76,0.05086307999999999,0.006881038247950959
2202.72,0.05776564,0.0071537129733153255
2213.73,0.040939439999999994,0.006540499330775594
2224.8,0.04455799999999999,0.006729329423655526
2235.93,0.05894658,0.007401494245829013
2247.11,0.05286627999999999,0.007223120834192101
2258.34,0.043446280000000004,0.006860614246673836
2269.63,0.046364499999999996,0.006979228145766837
2280.98,0.050060099999999996,0.007163245839194408
2292.39,0.05025018,0.0071844740538956646
2303.85,0.06092585999999999,0.007622068179322722
2315.37,0.05029441999999999,0.007254265613136591
2326.94,0.05165978000000001,0.00729073856218559
2338.58,0.05668246,0.0074357392740601125
2350.27,0.0506489,0.007170669387061156
2362.02,0.057086319999999996,0.007362013000891264
2373.83,0.05775124,0.007417718501191051
2385.7,0.0544698,0.007349128165545625
2397.63,0.04540736,0.006994536889183158
2409.62,0.05657748,0.007464888982893717
2421.67,0.059479979999999995,0.007615540790123049
2433.77,0.04778342,0.007154298437616088
2445.94,0.05056462,0.007211367345808143
2458.17,0.06496026,0.007769805049665017
2470.46,0.06179042,0.0077098446129114685
2482.82,0.05415790000000001,0.007385264229486986
2495.23,0.0614705,0.007733956070621296
2507.71,0.05979912,0.007787094787350672
2520.25,0.04865153999999999,0.007387601198631664
2532.85,0.057085859999999995,0.007758408051037275
2545.51,0.04780162,0.007402134263575607
2558.24,0.0483871,0.0074620564513029515
2571.03,0.049374440000000006,0.007481805183693839
2583.88,0.04669878,0.0073654418490472105
2596.8,0.050356859999999996,0.007590077858781951
2609.79,0.05822168,0.007935729963347543
2622.84,0.0590536,0.008029490767901286
2635.95,0.05085453999999999,0.007758014468127782
2649.13,0.05395166,0.007919877233889172
2662.38,0.059898179999999995,0.008118783706984933
2675.69,0.05455226,0.00792167517662445
2689.07,0.06363248,0.008271265471900173
2702.51,0.0527073,0.0077299852738040836
2716.02,0.05445869999999999,0.007834053146645866
2729.61,0.056676000000000004,0.007970401662937195
2743.25,0.05462422,0.007873825701885455
2756.97,0.052485279999999995,0.007791237187989594
2770.75,0.044490159999999994,0.0074085471935696
2784.61,0.0519841,0.007702082797248287
2798.53,0.05353058000000001,0.007788118889605371
2812.52,0.05880544,0.008063727820105289
2826.59,0.059527,0.008141044796924287
2840.72,0.06509019999999999,0.008433776591782117
2854.92,0.06198639999999999,0.008393655401457936
2869.2,0.059200319999999994,0.00830644399068434
2883.54,0.05657346,0.008169322916445645
2897.96,0.04447358,0.00766584429207377
2912.45,0.051234119999999994,0.00804568190065056
2927.01,0.06603933999999999,0.008704895301171862
2941.65,0.06806469999999999,0.008906541484491498
2956.36,0.0742938,0.009221989666661963
2971.14,0.06902542,0.009046266945393552
2985.99,0.08332938,0.009582474080936302
3000.92,0.07741135999999998,0.009353075237158524
3015.93,0.06389148,0.008744967634264404
3031.01,0.07675850000000001,0.009277007344075567
3046.16,0.08158152,0.0093905660062878
3061.39,0.09109064,0.00979999307432143
3076.7,0.07694055999999999,0.00931405889928596
3092.08,0.07317573999999999,0.009223370025193611
3107.54,0.08431704,0.009762220672798787
3123.08,0.06930032,0.009291780038005635
3138.7,0.0636247,0.009132705404653323
3154.39,0.06397243999999999,0.009148501651505781
3170.16,0.06995103999999999,0.009490495479264083
3186.01,0.06856506,0.00952593987765092
3201.94,0.06284998,0.00927777959119573
3217.95,0.06276914,0.009281371847292188
3234.04,0.059976520000000005,0.009207431303665317
3250.21,0.06368995999999999,0.009378368898624536
3266.47,0.06211158,0.009290512894501788
3282.8,0.0601149,0.009226228044116404
3299.21,0.043631380000000004,0.008468557405357775
3315.71,0.04941522,0.008765866500501363
3332.29,0.04700364,0.00856983174494809
3348.95,0.05639148,0.009064505469847982
3365.69,0.06597312,0.009501951392216233
3382.52,0.05695142,0.009060527758662628
3399.43,0.05421932,0.008950241162468193
3416.43,0.04907306,0.008746645412255604
3433.51,0.05792696,0.009196616428083972
3450.68,0.06120178,0.00933348715063368
3467.93,0.05524804,0.009079057771253137
3485.27,0.05762126,0.00921220042347386
3502.7,0.059174000000000004,0.009312401884491454
3520.21,0.0543381,0.009231414970602718
3537.81,0.04176606,0.008649198671652075
3555.5,0.04435372,0.0088564758895432
3573.28,0.053499099999999994,0.009371446323769668
3591.15,0.0542762,0.009349552868922022
3609.1,0.05032936,0.009117521523326393
3627.15,0.0523337,0.009247014717136553
3645.28,0.05353866,0.009330878157500718
3663.51,0.048659919999999995,0.009157786546940477
3681.83,0.05562016,0.009587909053603292
3700.24,0.05731856,0.00969083102824087
3718.74,0.06154876,0.009863970489203826
3737.33,0.057986579999999996,0.009728967389901151
3756.02,0.04990851999999999,0.009321927654875037
3774.8,0.050684320000000005,0.009361082669678758
3793.67,0.05672804000000001,0.009695191620354907
3812.64,0.06387992,0.010091643214557876
3831.7,0.05603938,0.009690109402010897
3850.86,0.06529138,0.010192048337989965
3870.12,0.05742486000000001,0.009877571726405432
3889.47,0.03682248,0.008850853289322787
3908.92,0.04158387999999999,0.009287854890343625
3928.46,0.0556142,0.010101569948002934
3948.1,0.059849360000000004,0.010282764215665745
3967.84,0.051013699999999995,0.009762686991530765
3987.68,0.05320192000000001,0.009832513503437867
4007.62,0.06163362,0.010142443113041947
4027.66,0.05640909999999999,0.00995439843241951
4047.8,0.04762278,0.009643308563123345
4068.04,0.046823680000000006,0.00969226515352237
4088.38,0.040255259999999994,0.009345362704031341
4108.82,0.047527379999999994,0.009950538536415804
4129.36,0.05223283999999999,0.010276881655445293
4150.01,0.05161001999999999,0.010159953718684353
4170.76,0.06464964,0.010754738641611519
4191.61,0.045723679999999996,0.009823241848409922
4212.57,0.0420341,0.009654563588679294
4233.63,0.051201960000000005,0.010111740811464267
4254.8,0.06156048,0.010636666534950505
4276.08,0.05673015999999999,0.010409108901543685
4297.46,0.04992162,0.009957215068854143
4318.94,0.058169120000000005,0.010375341945247876
4340.54,0.06049829999999999,0.010518078765649553
4362.24,0.06480148,0.010805539201041473
4384.05,0.06005046,0.01077828680484612
4405.97,0.05375333999999999,0.01059052753889059
4428.0,0.05294473999999999,0.010624776225785651
4450.14,0.052535,0.010662915133875914
4472.39,0.043755379999999996,0.010189591538869653
4494.75,0.04479004,0.01019706011712219
4517.23,0.0490142,0.010498529722073087
4539.81,0.05624495999999999,0.010986154952343974
4562.51,0.056011519999999995,0.011082219626124722
4585.33,0.05003922,0.010923701982957243
4608.25,0.0486789,0.010870944742190716
4631.29,0.04831874,0.010768615300320463
4654.45,0.059065400000000004,0.011355251014551286
4677.72,0.06866169999999999,0.011670214164455938
4701.11,0.06776075999999999,0.011463506868459233
4724.62,0.061049980000000004,0.011107683812500607
4748.24,0.07340124,0.011913634099245788
4771.98,0.06697794,0.0116300886077094
4795.84,0.06397931999999999,0.011537194468086251
4819.82,0.05966774,0.011390106854437846
4843.92,0.05024065999999999,0.010902695118044528
4868.14,0.043636459999999995,0.010512098062469166
4892.48,0.04599572,0.010729142092816554
4916.94,0.04337495999999999,0.010597778001068337
4941.53,0.059501979999999996,0.01161356015276401
4966.23,0.06746490000000001,0.012091962305241776
4991.07,0.05128778,0.011115344028726956
5016.02,0.04638056,0.010809756126951245
5041.1,0.05712478,0.011493827064140996
5066.31,0.054192779999999996,0.011366771069825414
5091.64,0.05192618,0.011308792532396198
5117.1,0.05126067999999999,0.01137244352201197
5142.68,0.05458128,0.011586779831449633
5168.4,0.05800202,0.011821410110032559
5194.24,0.05267852,0.011592854216822879
5220.21,0.07178308,0.012632186784002682
5246.31,0.06581336,0.012330508635962752
5272.54,0.061298780000000004,0.012123273623659246
5298.9,0.058589859999999994,0.011946190151325066
5325.4,0.060455919999999996,0.012004966088391755
5352.03,0.06187779999999999,0.012223154753147485
5378.79,0.06714518,0.012543234315478284
5405.68,0.07301033999999999,0.01291288212206756
5432.71,0.06509956,0.012565339425513982
5459.87,0.05812638,0.01214334753558227
5487.17,0.05519366,0.012052639778484215
5514.61,0.05757104,0.012357199735236135
5542.18,0.056922179999999996,0.012367533060864643
5569.89,0.06130015999999999,0.012687242847566211
5597.74,0.05757737999999999,0.012530576908769046
5625.73,0.04653705999999999,0.01181673590777064
5653.86,0.05832049999999999,0.012486568924526225
5682.13,0.052451,0.012082578643724692
5710.54,0.056020900000000005,0.012314097370878956
5739.09,0.06269294,0.01274392369871132
5767.79,0.06305262,0.012880763454206898
5796.62,0.05472977999999999,0.012564679639741875
5825.61,0.05472541999999999,0.01277003061508562
5854.74,0.03781666,0.011697274200697359
5884.01,0.043696019999999995,0.011888199067434059
5913.43,0.05169581999999999,0.012272712566501505
5943.0,0.059046339999999996,0.01268228221867074
5972.71,0.06120606,0.012886817916066945
6002.57,0.06864548000000001,0.01352272004932898
6032.59,0.05218128,0.012708951485950208
6062.75,0.05272518,0.012819023300601182
6093.06,0.051556399999999995,0.012873687780310195
6123.53,0.04916407999999999,0.01277720755724145
6154.15,0.051334399999999995,0.012886328343959268
6184.92,0.06823084,0.013941564869880855
6215.84,0.05885338,0.013359660237141212
6246.92,0.0570329,0.01311500927243195
6278.16,0.05815808,0.013177789167587406
6309.55,0.061435460000000004,0.013428453184561057
6341.09,0.040581879999999994,0.01204007623630515
6372.8,0.044072679999999996,0.012378051873068556
6404.66,0.04547054,0.012555473841093213
6436.69,0.04725842,0.01265557566018994
6468.87,0.05689332,0.013351261350023375
6501.22,0.04499554,0.012651735043726136
6533.72,0.047444940000000005,0.01277225270150916
6566.39,0.044469260000000004,0.012795993605603748
6599.22,0.05002550000000001,0.013236381310567326
6632.22,0.050478640000000005,0.013278761176803204
6665.38,0.0387053,0.012477047243622986
6698.71,0.046545300000000005,0.012970805237128494
6732.2,0.05044056,0.013076139185691624
6765.86,0.03987218,0.012397669211905599
6799.69,0.06089973999999999,0.013987041084053482
6833.69,0.06056741999999999,0.01399293807276885
6867.86,0.06130729999999999,0.014137753574535524
6902.2,0.0647366,0.014320972641994119
6936.71,0.056810660000000006,0.013792387328470442
6971.39,0.056275059999999995,0.013617407776569813
7006.25,0.06622478000000001,0.014187233626512254
7041.28,0.07303972,0.014625575235843546
7076.49,0.07564406,0.014867852099598651
7111.87,0.05832148,0.013734925399473854
7147.43,0.05751411999999999,0.013710529528803765
7183.16,0.059758939999999997,0.013917037364959684
7219.08,0.06720924,0.014408004999295912
7255.18,0.0634189,0.014258547108965345
7291.45,0.058988139999999994,0.014141808258085385
7327.91,0.060550379999999994,0.014336819036070867
7364.55,0.061523680000000004,0.014456498857151548
7401.37,0.0597799,0.01456660061908996
7438.38,0.05498886,0.014212364661511188
7475.57,0.0525372,0.013999766925798157
7512.95,0.06716274,0.015133863581982362
7550.51,0.07224153999999999,0.01554030325627811
7588.26,0.06469233999999999,0.015051954363153111
7626.21,0.05763272,0.014649622263329387
7664.34,0.05060816,0.01429324601494384
7702.66,0.043331640000000005,0.013898431934758971
7741.17,0.04422208,0.013979528727337126
7779.88,0.04659707999999999,0.014199038966313178
7818.78,0.03524835999999999,0.013385743364549464
7857.87,0.04340631999999999,0.01422752531279154
7897.16,0.051224439999999996,0.014859805188080092
7936.65,0.052584599999999995,0.01505815984481477
7976.33,0.0455555,0.014694329642755263
8016.21,0.054219319999999994,0.015519300251865095
8050.87,0.07222524,0.01945237005446483
