energy_cm-1,raw_intensity,raw_uncertainty,smoothed_intensity_5pt,smoothed_uncertainty_5pt
-20.1034,0.00272958,0.000823251,0.002327334,0.00033958412410176064
-19.9824,0.00169666,0.000643589,0.002209842,0.00033104260397652746
-19.8614,0.00175127,0.000659925,0.002309074,0.00033929765787956746
-19.7404,0.00214212,0.000731121,0.00243145,0.00034753782356963683
-19.6194,0.00322574,0.000903374,0.002700444,0.00036751182429364094
-19.4985,0.00334146,0.000905115,0.003106732,0.0003946113531661247
-19.3775,0.00304163,0.000878218,0.003183244,0.00040000601089353646
-19.2565,0.00378271,0.000975618,0.00350346,0.0004200946432316413
-19.1355,0.00252468,0.000801065,0.003438226,0.0004171808578069708
-19.0145,0.00482682,0.00110813,0.00325,0.0004056668858384179
-18.8935,0.00301529,0.000870771,0.003023928,0.000390804189940845
-18.7726,0.0021005,0.000731034,0.00292705,0.00038456340312525836
-18.6516,0.00265235,0.000809869,0.0026186840000000005,0.00036335606309640685
-18.5306,0.00204029,0.000721618,0.00251705,0.00035619989422631785
-18.4096,0.00328499,0.000911821,0.002901524,0.00038211457598552823
-18.2886,0.00250712,0.000793417,0.003433166,0.00041660883775330554
-18.1676,0.00402287,0.00100635,0.003736572,0.0004345040082694289
-18.0467,0.00531056,0.0011596,0.0039890360000000005,0.0004485594459651475
-17.9257,0.00355732,0.000949475,0.004563060000000001,0.00048097372927531087
-17.8047,0.00454731,0.00106851,0.005013710000000001,0.0005043185219174485
-17.6837,0.00537724,0.00117591,0.004675780000000001,0.00048720528227124137
-17.5627,0.00627612,0.00126007,0.005020242000000001,0.0005051361956383644
-17.4417,0.00362091,0.00095941,0.0048510459999999995,0.0004976364724284586
-17.3208,0.00527963,0.00116032,0.004980656000000001,0.0005039331558362081
-17.1998,0.00370133,0.000976576,0.004879294,0.0004988997300250221
-17.0788,0.00602529,0.00124114,0.005297724000000001,0.0005206242588652973
-16.9578,0.00576931,0.00120896,0.005391646000000001,0.0005266657763202769
-16.8368,0.00571306,0.00121416,0.005681382000000001,0.000540901197772754
-16.7158,0.00574924,0.00122659,0.006336098,0.0005719117130571816
-16.5949,0.00515001,0.00115483,0.006588304,0.0005843912699655941
-16.4739,0.00929887,0.00155021,0.006373192000000001,0.0005755699382247131
-16.3529,0.00703034,0.00134994,0.005917836000000001,0.0005548578931281053
-16.2319,0.0046375,0.0011038,0.006405564000000001,0.0005774049394719099
-16.1109,0.00347246,0.000958742,0.005632660000000001,0.0005425476635859378
-15.9899,0.00758865,0.00140423,0.005483552000000001,0.0005360427992936385
-15.869,0.00543435,0.00119465,0.005883492,0.0005558266358987845
-15.748,0.0062848,0.00128333,0.006670198000000001,0.0005914411853498199
-15.627,0.0066372,0.00132605,0.006349662000000001,0.0005778165669206794
-15.506,0.00740599,0.00139308,0.006497524000000001,0.0005841162332139041
-15.385,0.00598597,0.00125443,0.0069123180000000015,0.0006035941247659722
-15.264,0.00617366,0.00126893,0.007954178000000001,0.0006485633382608054
-15.1431,0.00835877,0.00149174,0.008279054,0.0006629224859393441
-15.0221,0.0118465,0.00177936,0.009524340000000001,0.0007113287228588482
-14.9011,0.00903037,0.00155289,0.010041546,0.0007317821254089226
-14.7801,0.0122124,0.00179907,0.010965292000000001,0.0007659988813046661
-14.6591,0.00875969,0.00153235,0.010934472,0.0007666083660514018
-14.5381,0.0129775,0.00187257,0.011765698000000002,0.000796961890413839
-14.4172,0.0116924,0.00178591,0.011572498,0.0007923243491525424
-14.2962,0.0131865,0.00189683,0.012833380000000002,0.0008345889900567824
-14.1752,0.0112464,0.00174711,0.013827120000000002,0.0008666060722889033
-14.0542,0.0150641,0.00201671,0.01491512,0.0009005713188326618
-13.9332,0.0179462,0.0022064,0.016961200000000003,0.0009611558530769086
-13.8122,0.0171324,0.00216565,0.01888052,0.0010152304328850665
-13.6913,0.0234169,0.00253333,0.019602720000000004,0.0010375684291341945
-13.5703,0.020843,0.00239253,0.020402840000000005,0.00106046188482755
-13.4493,0.0186751,0.00228331,0.020469340000000003,0.001062599649216957
-13.3283,0.0219468,0.00246353,0.019511600000000004,0.0010368226414271633
-13.2073,0.0174649,0.00219169,0.019292860000000002,0.0010313982520035606
-13.0863,0.0186282,0.00225052,0.02055322,0.0010632269413478948
-12.9654,0.0197493,0.00233318,0.020471480000000004,0.0010609688143239648
-12.8444,0.0249769,0.00262302,0.020928600000000006,0.0010733874612366217
-12.7234,0.0215381,0.00243907,0.021425920000000005,0.0010879278002974278
-12.6024,0.0197505,0.00233798,0.020925180000000005,0.001075184148024886
-12.4814,0.0211148,0.00241878,0.02007646,0.0010537034293139603
-12.3604,0.0172456,0.0021805,0.02054546,0.0010660413877687865
-12.2395,0.0207333,0.0023952,0.021876540000000003,0.0010997225019449225
-12.1185,0.0238831,0.00256961,0.022006080000000004,0.0011023901114614553
-11.9975,0.0264059,0.00269996,0.02265014,0.0011189006334183568
-11.8765,0.0217625,0.00244895,0.023233340000000005,0.0011333419873806845
-11.7555,0.0204659,0.00238148,0.023904300000000003,0.0011493089010235673
-11.6345,0.0236493,0.00255932,0.02470702,0.0011684277012686752
-11.5136,0.0272379,0.00274118,0.02680748,0.0012172548597430203
-11.3926,0.0304195,0.00289786,0.02791194,0.0012416562746654165
-11.2716,0.0322648,0.00298488,0.0290435,0.0012659572300516317
-11.1506,0.0259882,0.00267796,0.02924632,0.001270434969854026
-11.0296,0.0293071,0.0028414,0.02837838,0.0012508475384794104
-10.9086,0.028252,0.00279249,0.02850828,0.0012542814448870715
-10.7877,0.0260798,0.00267637,0.030344339999999997,0.0012948545194376084
-10.6667,0.0329143,0.00302069,0.030961920000000004,0.00130838999480583
-10.5457,0.0351685,0.00312364,0.031224060000000005,0.0013141257413733284
-10.4247,0.032395,0.0029924,0.032873,0.001349436458037206
-10.3037,0.0295627,0.00285903,0.03358100000000001,0.00136353721303674
-10.1828,0.0343245,0.00308452,0.03403072,0.0013718297391542436
-10.0618,0.0364543,0.00317505,0.03444174,0.00138063737325628
-9.94078,0.0374171,0.00321313,0.0356859,0.0014054094316675123
-9.8198,0.0344501,0.00309201,0.037290420000000005,0.0014366732985338039
-9.69882,0.0357835,0.00314634,0.03775648,0.0014464283812702238
-9.57783,0.0423471,0.00342573,0.03771012000000001,0.0014466888273612956
-9.45685,0.0387846,0.00328391,0.03779998,0.001447737799296544
-9.33587,0.0371853,0.00321606,0.039005859999999996,0.001470534802638822
-9.21488,0.0348994,0.00310426,0.03826152,0.0014562132142718661
-9.0939,0.0418129,0.00340039,0.03946966,0.0014790735513475995
-8.97292,0.0386254,0.00326921,0.040554719999999995,0.0014985760033231548
-8.85194,0.0448253,0.0035301,0.04126692,0.0015130365137788313
-8.73095,0.0426106,0.00343436,0.04093720000000001,0.0015073283230497595
-8.60997,0.0384604,0.00327493,0.04238298,0.0015340991857569054
-8.48899,0.0401643,0.00333641,0.04376332000000001,0.0015589906430392713
-8.368,0.0458543,0.00356697,0.04522616,0.0015847295232423735
-8.24702,0.051727,0.00379294,0.047224,0.0016190217761735016
-8.12604,0.0499248,0.00371722,0.04910958,0.0016522484428366092
-8.00505,0.0484496,0.00367039,0.0506484,0.0016790990203439462
-7.88407,0.0495922,0.00372142,0.04873534000000001,0.001646764694882666
-7.76309,0.0535484,0.00386775,0.04955054000000001,0.0016609519819127823
-7.6421,0.0421617,0.00342022,0.05100414,0.00168570494106531
-7.52112,0.0540008,0.00387181,0.05139548000000001,0.001691224524562011
-7.40014,0.0557176,0.00394243,0.05372062000000001,0.001728403811918962
-7.27915,0.0515489,0.00378351,0.05708182,0.0017819474635128838
-7.15817,0.0651741,0.00425887,0.059898160000000006,0.001826332776707465
-7.03719,0.0589677,0.0040493,0.05979472,0.0018240457103252648
-6.9162,0.0680825,0.0043583,0.063338,0.0018788653633318169
-6.79522,0.0552004,0.00391587,0.06279560000000001,0.00187037924683632
-6.67424,0.0692653,0.00440338,0.06511700000000001,0.0019046587234977294
-6.55326,0.0624621,0.00416444,0.0627473,0.0018696100280839317
-6.43227,0.0705747,0.0044308,0.06437944000000001,0.0018944881424099755
-6.31129,0.056234,0.00396077,0.06455734000000002,0.0018950695433761794
-6.19031,0.0633611,0.00420418,0.06817992,0.0019482698892124776
-6.06932,0.0701548,0.00440963,0.07051274000000002,0.001981677274681223
-5.94834,0.080575,0.00473859,0.07424942000000001,0.002032050271314172
-5.82736,0.0822388,0.00478688,0.07906414,0.0020963236745159372
-5.70637,0.0749174,0.00455437,0.08390844000000001,0.0021609312227796607
-5.58539,0.0874347,0.00493039,0.08753490000000001,0.0022061386612123907
-5.46441,0.0943763,0.00513041,0.09339814,0.0022779236964218094
-5.34342,0.0987073,0.00523353,0.10184966000000001,0.002377306552842523
-5.22244,0.111555,0.0055643,0.10769512,0.0024432766628992306
-5.10146,0.117175,0.00568406,0.11590166,0.002532031712235848
-4.98047,0.116662,0.00567971,0.12432840000000002,0.0026214703664447555
-4.85949,0.135409,0.00611234,0.13620880000000002,0.002741758752360973
-4.73851,0.140841,0.00623802,0.14982820000000002,0.0028745024394228645
-4.61752,0.170957,0.0068622,0.1679514,0.003040985394696923
-4.49654,0.185272,0.00713769,0.1900862,0.003231437282497063
-4.37556,0.207278,0.00754187,0.2178064,0.003456905336276942
-4.25457,0.246083,0.00819912,0.25368219999999997,0.0037287912685995176
-4.13359,0.279442,0.00875289,0.30619260000000004,0.004095079427769381
-4.01261,0.350336,0.00979449,0.37043919999999997,0.004504299067586876
-3.89163,0.447824,0.0110721,0.46220780000000006,0.005035045155397119
-3.77064,0.528511,0.0120356,0.5802176,0.005645430573517312
-3.64966,0.704926,0.0139212,0.7313584,0.006341515734554319
-3.52868,0.869491,0.0154788,0.9198295999999999,0.007117408378672675
-3.40769,1.10604,0.0174508,1.1590014000000002,0.007995216380711656
-3.28671,1.39018,0.0195872,1.4444781999999998,0.008933391315015814
-3.16573,1.72437,0.021829,1.7957779999999999,0.009964816669141485
-3.04474,2.13231,0.0243074,2.2329120000000002,0.011115745211617619
-2.92376,2.62599,0.026961,2.695912,0.01221803081562655
-2.80278,3.29171,0.0301842,3.134304,0.013181805858151605
-2.68179,3.70518,0.0320417,3.5155000000000003,0.013969892692071762
-2.56081,3.91633,0.0329924,3.824586,0.014584270082112442
-2.43983,4.03829,0.0335529,4.06107,0.0150450617126285
-2.31884,4.17142,0.034139,4.281124,0.01546633733450813
-2.19786,4.47413,0.0353894,4.515338,0.015900154150535774
-2.07688,4.80545,0.0367153,4.783514,0.016380033742907855
-1.95589,5.0874,0.0377979,5.0707320000000005,0.016879347401792526
-1.83491,5.37917,0.0388981,5.3452660000000005,0.017345856618397375
-1.71393,5.60751,0.0397573,5.588374000000001,0.01775184508473415
-1.59295,5.8468,0.0406395,5.80779,0.01811370489287048
-1.47196,6.02099,0.0412825,5.980502,0.01839851841457893
-1.35098,6.18448,0.0418705,6.09935,0.018596541720707106
-1.23,6.24273,0.0421075,6.1715,0.018720263680151516
-1.10901,6.20175,0.0419975,6.20594,0.018783503432916876
-0.988029,6.20755,0.0420356,6.191618,0.01877103714807469
-0.867046,6.19319,0.0419945,6.140016,0.018698175432827667
-0.746063,6.11287,0.0417305,6.046136000000001,0.01855674233060318
-0.62508,5.98472,0.0412891,5.9468119999999995,0.018405271685807845
-0.504097,5.73235,0.0403988,5.830146,0.018223924510401154
-0.383113,5.71093,0.0403364,5.716514,0.018045216268396454
-0.26213,5.60986,0.0399684,5.634216,0.017915172361727363
-0.141147,5.54471,0.0397416,5.612552,0.017883693510323866
-0.0201639,5.57323,0.0398482,5.601756,0.017868516854770013
0.100819,5.62403,0.0400486,5.661152,0.017968589645556494
0.221802,5.65695,0.0401679,5.744166000000001,0.018107714304914358
0.342786,5.90684,0.0410747,5.858320000000001,0.018296802118916846
0.463769,5.95978,0.0412901,5.97209,0.018483627672023693
0.584752,6.144,0.041952,6.080566,0.018663552886950548
0.705735,6.19288,0.0421388,6.12448,0.018742905200528546
0.826718,6.19933,0.0421966,6.145000000000001,0.018785177599000762
0.947701,6.12641,0.0419683,6.080954,0.018697448694300515
1.06868,6.06238,0.0417676,5.939878,0.01848787264611048
1.18967,5.82377,0.0409605,5.745480000000001,0.018189180207716895
1.31065,5.4875,0.0397599,5.520842000000001,0.017836087001660426
1.43163,5.22734,0.0388159,5.2293520000000004,0.01736333216862478
1.55262,5.00322,0.0379912,4.9217900000000006,0.01684808197761395
1.6736,4.60493,0.0364488,4.609418,0.01630897784700194
1.79458,4.28596,0.0351721,4.3041860000000005,0.015762985127874732
1.91557,3.92564,0.0336745,4.0217,0.015239469171936405
2.03655,3.70118,0.032694,3.793022,0.014803244619352882
2.15753,3.59079,0.0322114,3.6280860000000006,0.014480702640949436
2.27852,3.46154,0.0316367,3.5108820000000005,0.01424796821140474
2.3995,3.46128,0.0316377,3.4462420000000002,0.01412065811089554
2.52048,3.33962,0.0310937,3.4026960000000006,0.014036311529173182
2.64147,3.37798,0.0312827,3.3774880000000005,0.01398970245916617
2.76245,3.37306,0.0312762,3.3403160000000005,0.013919058793352371
2.88343,3.3355,0.0311163,3.3287240000000002,0.013899536233687799
3.00442,3.27542,0.0308489,3.303434,0.01385237719178914
3.1254,3.28166,0.0308746,3.255048,0.013756452799744561
3.24638,3.25153,0.0307553,3.20992,0.013666090317951216
3.36736,3.13113,0.0301992,3.15965,0.013564304986854283
3.48835,3.10986,0.0301044,3.0790240000000004,0.013396905349057298
3.60933,3.02407,0.0297046,2.984366,0.013195882153474999
3.73031,2.87853,0.0289898,2.890098,0.01299196534251843
3.8513,2.77824,0.0284999,2.749174,0.012677493970671017
3.97228,2.65979,0.0279014,2.605842,0.012348916553706239
4.09326,2.40524,0.0265418,2.462696,0.012011635488741738
4.21425,2.30741,0.0260151,2.307778,0.011633532947578736
4.33523,2.1628,0.0251992,2.1375100000000002,0.011201838161837546
4.45621,2.00365,0.0242639,1.9919160000000002,0.010818719715511628
4.5772,1.80845,0.023066,1.8460940000000001,0.010419050852548902
4.69818,1.67727,0.0222161,1.7028560000000001,0.010010505961358796
4.81916,1.5783,0.0215542,1.575806,0.00963303054300151
4.94015,1.44661,0.020648,1.4675220000000002,0.009299381228662475
5.06113,1.3684,0.0200839,1.3564200000000004,0.008943833004210219
5.18211,1.26703,0.0193422,1.243068,0.008566115303426635
5.3031,1.12176,0.0182043,1.141485,0.00821291848304852
5.42408,1.01154,0.0172985,1.0390894,0.007841086519048236
5.54506,0.938695,0.0166788,0.9445668,0.007480791741386737
5.66605,0.856422,0.0159414,0.862442,0.007153479718486662
5.78703,0.794417,0.0153659,0.7929246,0.006863703769569312
5.90801,0.711136,0.0145481,0.7272796,0.0065776081495631826
6.02899,0.663953,0.0140603,0.6744258000000001,0.006338112976336095
6.14998,0.61047,0.0134924,0.629504,0.00612694419664485
6.27096,0.592153,0.0132965,0.5931714,0.005951032444609926
6.39194,0.569808,0.0130501,0.5652387999999999,0.005813490184321291
6.51293,0.529473,0.0125909,0.5454802000000001,0.005714755543083186
6.63391,0.52429,0.0125395,0.5327310000000001,0.005651171992144639
6.75489,0.511677,0.0123931,0.528293,0.00563092183028676
6.87588,0.528407,0.0125988,0.5276118,0.005630438931060348
6.99686,0.547618,0.0128294,0.5296818,0.0056440272832437655
7.11784,0.526067,0.0125855,0.5303066000000001,0.00564967784932911
7.23883,0.53464,0.0126913,0.519034,0.005591789223781597
7.35981,0.514801,0.0124573,0.5010788,0.005497437826951752
7.48079,0.472044,0.0119357,0.4801962,0.005384522993320763
7.60178,0.457842,0.0117659,0.4567618,0.005255664391834776
7.72276,0.421654,0.0112994,0.4328748,0.0051206606343713115
7.84374,0.417468,0.0112602,0.419279,0.005044048908803323
7.96473,0.395366,0.0109619,0.40591760000000005,0.0049671654766476215
8.08571,0.404065,0.0110902,0.39919060000000006,0.004930178386468384
8.20669,0.391035,0.0109176,0.3901470000000001,0.0048767161504848725
8.32767,0.388019,0.0108869,0.385168,0.00484883458963079
8.44866,0.37225,0.0106623,0.38041720000000007,0.004822140138942459
8.56964,0.370471,0.0106482,0.37447280000000005,0.004787308425368058
8.69062,0.380311,0.0107953,0.3709528000000001,0.004767573590916034
8.81161,0.361313,0.0105274,0.36674140000000005,0.004744060528998339
8.93259,0.370419,0.0106682,0.3615698,0.004714267708732714
9.05357,0.351193,0.0103968,0.35159339999999994,0.004653004963031954
9.17456,0.344613,0.0103121,0.3368578,0.004558615081710672
9.29554,0.330429,0.010109,0.3217635999999999,0.004459536160990736
9.41652,0.287635,0.0094387,0.307068,0.004360784189969506
9.53751,0.294948,0.00956414,0.2909622,0.004249249579142652
9.65849,0.277715,0.00929074,0.2763404,0.004145128582172091
9.77947,0.264084,0.00907367,0.2700134,0.0041018287450092315
9.90046,0.25732,0.00896332,0.259098,0.004022104725273075
10.0214,0.256,0.00895331,0.2501894,0.00395669645843398
10.1424,0.240371,0.00867646,0.2431082,0.0039040130139931656
10.2634,0.233172,0.00855984,0.2364886,0.0038545266939166477
10.3844,0.228678,0.008484,0.22928440000000003,0.003798901857015524
10.5054,0.224222,0.00841086,0.22438500000000003,0.003762354671143591
10.6264,0.219979,0.00833779,0.22160040000000003,0.003742309591758544
10.7473,0.215874,0.00826876,0.22193120000000002,0.00374919576188334
10.8683,0.219249,0.00833727,0.22260780000000002,0.003758493531958782
10.9893,0.230332,0.00855967,0.22167720000000002,0.003753982685677706
11.1103,0.227605,0.00851397,0.2206408,0.003748737174431411
11.2313,0.215326,0.00828683,0.21876020000000002,0.003736753028018309
11.3523,0.210692,0.00820905,0.21437840000000002,0.0037028879227521856
11.4732,0.209846,0.00820167,0.2091794,0.003661457517413523
11.5942,0.208423,0.00818348,0.205355,0.0036317850764421623
11.7152,0.20161,0.00805357,0.2005922,0.003592521749696722
11.8362,0.196204,0.0079537,0.1968158,0.0035614909454592183
11.9572,0.186878,0.00776513,0.191003,0.003511433645363102
12.0782,0.190964,0.00785605,0.18468020000000002,0.00345567370418794
12.1991,0.179359,0.00762352,0.18000140000000003,0.00341523436270075
12.3201,0.169996,0.00742616,0.17484520000000003,0.0033695801832531007
12.4411,0.17281,0.00750433,0.1719352,0.0033458281581826644
12.5621,0.161097,0.00724937,0.1665434,0.003297002281099605
12.6831,0.176414,0.00759802,0.1660736,0.0032968176048177125
12.8041,0.1524,0.00707174,0.1661156,0.003300403265141398
12.925,0.167647,0.00742411,0.1678798,0.003321566758693253
13.046,0.17302,0.00754363,0.16733980000000004,0.0033190121650551385
13.167,0.169918,0.00748712,0.16855020000000004,0.003333850366311601
13.288,0.173714,0.00757006,0.168042,0.0033311549094678867
13.409,0.158452,0.00724413,0.1641566,0.003295463958566684
13.53,0.165106,0.0073938,0.1595678,0.003251537062504439
13.6509,0.153593,0.00714098,0.1532534,0.0031894905459166983
13.7719,0.146974,0.00699051,0.1485438,0.0031414042473581773
13.8929,0.142142,0.00687857,0.14250980000000002,0.0030790214078859532
14.0139,0.134904,0.00669826,0.1391268,0.003044022536694497
14.1349,0.134936,0.00670575,0.13365760000000002,0.002984748070719537
14.2559,0.136678,0.00675545,0.1266756,0.0029072690116024695
14.3768,0.119628,0.00631929,0.12173740000000002,0.002852047340468948
14.4978,0.107232,0.00599183,0.11717480000000001,0.002800369655056275
14.6188,0.110213,0.00607583,0.11064480000000002,0.002722826309748016
14.7398,0.112123,0.00613714,0.10655049999999999,0.0026732232563607553
14.8608,0.104028,0.00591007,0.1053507,0.0026593619412024383
14.9817,0.0991565,0.00576558,0.10246758000000002,0.002623682855903129
15.1027,0.101233,0.00583559,0.10024798000000001,0.002596023627718361
15.2237,0.0957974,0.0056748,0.09762526,0.0025629220618762485
15.3447,0.101025,0.00583568,0.09409654,0.002518030495425343
15.4657,0.0909144,0.00553712,0.09018218,0.002466236295550773
15.5867,0.0815129,0.00524782,0.08755373999999999,0.00243195872202552
15.7076,0.0816612,0.00525359,0.08390082,0.002381909835479924
15.8286,0.0826552,0.00529206,0.08082934,0.002339079963802862
15.9496,0.0827604,0.00529452,0.0788548,0.0023117737821664124
16.0706,0.075557,0.00506011,0.07751452,0.0022935988652752685
16.1916,0.0716402,0.00493606,0.07497158,0.002257431945302449
16.3126,0.0749598,0.00505051,0.07229792,0.0022185789585579324
16.4335,0.0699405,0.00488784,0.07147722000000001,0.0022081669617617233
16.5545,0.0693921,0.00486665,0.07159488000000001,0.0022120287680028033
16.6755,0.0714535,0.00494494,0.06871406,0.0021689064990690586
16.7965,0.0722285,0.0049791,0.06837534,0.0021650134912004587
16.9175,0.0605557,0.00455903,0.06571484000000001,0.002123377605409834
17.0385,0.0682469,0.0048445,0.06530058,0.002117853839195708
17.1594,0.0560896,0.00438412,0.06214530000000001,0.00206728955857664
17.2804,0.0693822,0.00488536,0.06096650000000001,0.002048455848917423
17.4014,0.0564521,0.00441599,0.057884420000000006,0.00199710433752671
17.5224,0.0546617,0.0043413,0.05743676,0.001991303459770007
17.6434,0.0528365,0.00427499,0.05231634,0.0019023237657223337
17.7644,0.0538513,0.00431765,0.051815700000000006,0.001894457121658867
17.8853,0.0437801,0.00389941,0.05185384,0.0018976469369743152
18.0063,0.0539489,0.00433062,0.05051334,0.001874580427031073
18.1273,0.0548524,0.00437599,0.049358780000000005,0.0018541338708205513
18.2483,0.046134,0.00401251,0.04877544,0.0018443077875387286
18.3693,0.0480785,0.00409098,0.047573340000000006,0.0018233943222188665
18.4903,0.0408634,0.00378112,0.0455256,0.001785665876896347
18.6112,0.0479384,0.00410325,0.04477394,0.0017719609286279425
18.7322,0.0446137,0.00396802,0.041972220000000005,0.0017175181082783378
18.8532,0.0423757,0.00385763,0.04180582000000001,0.0017149390179222116
18.9742,0.0340699,0.00346218,0.03948150000000001,0.001667174144739535
19.0952,0.0400314,0.00375174,0.03947114,0.0016671303530966016
19.2162,0.0363168,0.00357743,0.0382359,0.0016419840652210972
19.3371,0.0445619,0.00396756,0.038345340000000006,0.0016447714177793824
19.4581,0.0361995,0.00357785,0.0367253,0.001610778284282477
19.5791,0.0346171,0.0034951,0.035752280000000004,0.0015900625103070633
19.7001,0.0319312,0.00336287,0.03425872,0.0015574338646067768
19.8211,0.0314517,0.00333771,0.035172,0.0015784602748336748
19.9421,0.0370941,0.00362961,0.03569358,0.0015914421316617204
20.063,0.0407659,0.00380124,0.03624216,0.001604239899563653
20.184,0.037225,0.0036393,0.03615522,0.0016034195010077683
20.305,0.0346741,0.0035116,0.035757080000000004,0.0015941618433433914
20.426,0.031017,0.00332784,0.03533646,0.0015860313022043417
20.547,0.0351034,0.00352619,0.03481074,0.0015746150197645137
20.668,0.0386628,0.00371524,0.03387012,0.001553451277682052
20.7889,0.0345964,0.00351318,0.0349343,0.0015782847819490625
20.9099,0.029971,0.00326746,0.0366391,0.0016188994809165885
21.0309,0.0363379,0.00360816,0.035486460000000004,0.0015938954948276878
21.1519,0.0436274,0.00395984,0.0354734,0.0015948833361133345
21.2729,0.0328996,0.00343434,0.03665158,0.00162231437812281
21.3939,0.0345311,0.00352437,0.03644958,0.0016194300026293202
21.5148,0.0358619,0.00358923,0.03378848,0.0015596810597016302
21.6358,0.0353279,0.00357562,0.034446620000000004,0.0015756107053038198
21.7568,0.0303219,0.0033063,0.03493372,0.0015869036116336744
21.8778,0.0361903,0.00361155,0.03545824,0.0015994895118243194
21.9988,0.0369666,0.00364884,0.0344459,0.0015763922205352322
22.1198,0.0384845,0.00372628,0.03618864,0.0016165229259939371
22.2407,0.0302662,0.00330926,0.036390000000000006,0.0016225547258148184
22.3617,0.0390356,0.00375965,0.03569146,0.0016079497029770553
22.4827,0.0371971,0.00367855,0.0344111,0.0015803404060113122
22.6037,0.0334739,0.00348346,0.03410932,0.0015740211456305153
22.7247,0.0320827,0.00341826,0.031103399999999996,0.0015043361005134457
22.8457,0.0287573,0.00323309,0.029967260000000003,0.0014764970613692396
22.9666,0.024006,0.00296177,0.029257200000000004,0.0014599106041001276
23.0876,0.0315164,0.00338484,0.02893708,0.0014525760546615107
23.2086,0.0299236,0.00330407,0.02878802,0.0014501422682192254
23.3296,0.0304821,0.00333923,0.03064104,0.0014969547818942295
23.4506,0.028012,0.00320566,0.03172732,0.0015242446279150861
23.5716,0.0332711,0.00349587,0.033650280000000005,0.0015706922535289973
23.6925,0.0369478,0.00367673,0.03403668,0.0015805729275411493
23.8135,0.0395384,0.00380929,0.03565006,0.0016185095024151077
23.9345,0.0324141,0.00345382,0.03688872,0.0017337877471109316
24.0555,0.0360789,0.00364833,0.03529362,0.001606406669667429
24.1563,0.0394644,0.00467785,0.03367282,0.0014576533984291327
24.2571,0.0289723,0.00169747,0.033701180000000004,0.0013326386705480222
24.3784,0.0314344,0.00176521,0.03258582,0.0011673532795173876
24.5003,0.0325559,0.00179114,0.031328020000000005,0.0007858481054656809
24.6228,0.0305021,0.00172627,0.03190478000000001,0.0007906119232771538
24.7459,0.0331754,0.00180371,0.031666400000000004,0.0007857415755068584
24.8696,0.0318561,0.0017519,0.03093556,0.0007739559547519484
24.994,0.0302425,0.00170998,0.030293040000000007,0.000763853504462734
25.119,0.0289017,0.0016579,0.029925440000000005,0.0007565445299068654
25.2446,0.0272895,0.00160985,0.02969636,0.0007518830763729159
25.3708,0.0313374,0.00172498,0.029373820000000002,0.0007456255471883994
25.4976,0.0307107,0.00170099,0.02997658,0.0007518925026784081
25.6251,0.0286298,0.00164005,0.03054816,0.0007571148967891202
25.7533,0.0319155,0.00172721,0.030486080000000002,0.000753880123871163
25.882,0.0301474,0.00166992,0.0302416,0.0007488663230563917
26.0114,0.031027,0.00168919,0.03059008,0.0007516755826711414
26.1415,0.0294883,0.00164469,0.03035906,0.000746324541512605
26.2722,0.0303722,0.00167187,0.030907200000000003,0.0007512187674253086
26.4036,0.0307604,0.00166819,0.030307960000000002,0.0007419767421044948
26.5356,0.0328881,0.00172391,0.030221420000000002,0.0007392865567261452
26.6682,0.0280308,0.00158378,0.029887880000000002,0.0007322019859956677
26.8016,0.0290556,0.00161412,0.029313560000000002,0.0007231916690283427
26.9356,0.0287045,0.00159202,0.028954240000000003,0.0007165379265830945
27.0703,0.0278888,0.00156685,0.02970166,0.0007241610462183119
27.2056,0.0310915,0.00165299,0.029620840000000002,0.0007211325749596949
27.3417,0.0317679,0.00166821,0.029963520000000004,0.0007239147752242664
27.4784,0.0286515,0.00157986,0.030870980000000003,0.0007333454992621146
27.6158,0.0304179,0.00162328,0.030203440000000005,0.0007237735435479802
27.7538,0.0324261,0.0016729,0.02995778,0.0007188023197180153
27.8926,0.0277538,0.00154392,0.02976278,0.0007145709259576687
28.0321,0.0305396,0.00161358,0.02922586,0.0007066295248657531
28.1722,0.0276765,0.00153112,0.02831168,0.0006934104868604166
28.3131,0.0277333,0.00153391,0.028429939999999997,0.0006934069244015379
28.4547,0.0278552,0.00152837,0.027910660000000004,0.0006855522670285615
28.5969,0.0283451,0.00154388,0.027985520000000003,0.0006851534000149164
28.7399,0.0279432,0.00152737,0.028541200000000003,0.0006902556701860551
28.8836,0.0280508,0.00152665,0.027984800000000004,0.0006825782524165269
29.028,0.0305117,0.00159007,0.027824380000000003,0.0006791740833335736
29.1732,0.0250732,0.00143959,0.028043600000000005,0.0006805350225668037
29.319,0.027543,0.00150588,0.02859292,0.0006855869404678008
29.4656,0.0290393,0.00154244,0.02811554,0.0006778997889068855
29.613,0.0307974,0.00158215,0.02840842,0.000679813775891604
29.761,0.0281248,0.00150542,0.028488859999999998,0.000679042936448057
29.9098,0.0265376,0.00146198,0.02866274,0.0006796144560940415
30.0594,0.0279452,0.00149716,0.028687340000000002,0.0006780316218938465
30.2097,0.0299087,0.00154872,0.02881362,0.0006782066718309398
30.3607,0.0309204,0.00156508,0.02926244,0.0006818314822329635
30.5125,0.0287562,0.00150739,0.029137420000000004,0.0006789313289015319
30.6651,0.0287817,0.00150354,0.028571140000000002,0.0006707740668272738
30.8184,0.0273201,0.00146384,0.02804208,0.0006633950590319466
30.9725,0.0270773,0.00145715,0.027928440000000002,0.0006608645044848452
31.1274,0.0282751,0.00148437,0.02806274,0.0006611960784215224
31.283,0.028188,0.00147934,0.02859958,0.0006661388256602373
31.4394,0.0294532,0.00150718,0.028967319999999998,0.0006686130719003332
31.5966,0.0300043,0.00151883,0.02910358,0.0006687072299863372
31.7546,0.028916,0.00148521,0.02882386,0.0006640071636722002
31.9134,0.0289564,0.00148543,0.028747000000000005,0.0006617236686835375
32.0729,0.0267894,0.00142543,0.028259620000000003,0.0006544716547078262
32.2333,0.0290689,0.00148186,0.028073040000000004,0.0006507625760106369
32.3945,0.0275674,0.00143813,0.027703460000000003,0.0006446762683517984
32.5564,0.0279831,0.00144389,0.028061900000000004,0.0006476300542717269
32.7192,0.0271085,0.00141753,0.027741380000000003,0.0006426670501184887
32.8828,0.0285816,0.00145852,0.028156900000000002,0.0006463392058602046
33.0472,0.0274663,0.00142682,0.0284515,0.0006485351427239699
33.2125,0.029645,0.0014787,0.02906282,0.0006543089468194669
33.3785,0.0294561,0.0014683,0.0287524,0.0006492783000501403
33.5454,0.0301651,0.00148238,0.029035480000000002,0.0006509973693771734
33.7132,0.0270295,0.00140119,0.029137680000000003,0.0006506470228626271
33.8817,0.0288817,0.00144627,0.028631440000000005,0.0006435141744856907
34.0511,0.030156,0.00147484,0.028294060000000003,0.0006381842143707411
34.2214,0.0269249,0.00138749,0.028684980000000006,0.0006414726235249638
34.3925,0.0284782,0.00142361,0.0285888,0.0006389661237655717
34.5645,0.0289841,0.00143824,0.02779606,0.0006284583886240998
34.7373,0.0284008,0.00141826,0.02799596,0.0006292117658054402
34.911,0.0261923,0.00135728,0.027758880000000003,0.0006251563353913963
35.0855,0.0279244,0.001396,0.027600440000000004,0.0006214898550064997
35.2609,0.0272928,0.00137822,0.02726682,0.0006160605370188875
35.4373,0.0281919,0.00139795,0.02732522,0.000615451078669946
35.6144,0.0267327,0.00135775,0.027754,0.0006189377389140203
35.7925,0.0264843,0.00135035,0.027998980000000003,0.0006203883549132753
35.9715,0.0300683,0.00143402,0.028231680000000002,0.0006214500612728266
36.1513,0.0285177,0.00139443,0.0286455,0.0006248736126385878
36.3321,0.0293554,0.00140969,0.029091640000000002,0.0006283788172177672
36.5137,0.0288018,0.00139648,0.02909432,0.0006270016639435656
36.6963,0.028715,0.00139042,0.02950356,0.0006301019493193144
36.8798,0.0300817,0.00141887,0.0292133,0.0006257905098737116
37.0642,0.0305639,0.00142894,0.0292197,0.0006244732827399424
37.2495,0.0279041,0.00136083,0.029596980000000002,0.0006273811829470182
37.4358,0.0288338,0.00138166,0.02945922,0.0006249376405210364
37.6229,0.0306014,0.00142277,0.029665580000000004,0.0006258207566004822
37.8111,0.0293929,0.00139165,0.030219720000000005,0.0006305809475681929
38.0001,0.0315957,0.00143857,0.03076322,0.0006350123205198464
38.1901,0.0306748,0.0014147,0.031053800000000003,0.0006365178133406794
38.3811,0.0315513,0.0014315,0.03133422,0.0006377877006371321
38.573,0.0320543,0.00143949,0.0312583,0.0006354828714544555
38.7658,0.030795,0.00140611,0.0316072,0.0006374207331645246
38.9597,0.0312161,0.00141284,0.03143800000000001,0.0006343356726245182
39.1545,0.0324193,0.00143633,0.031239740000000002,0.0006310053576761452
39.3502,0.0307053,0.00139682,0.031133820000000006,0.0006289019073210066
39.547,0.031063,0.00140242,0.030892360000000008,0.0006253650051322027
39.7447,0.0302654,0.00138235,0.03102616,0.0006253135650247802
39.9434,0.0300088,0.00137303,0.031516340000000004,0.0006288908948553796
40.1432,0.0330883,0.00143577,0.031300800000000004,0.000625444099500507
40.3439,0.0331562,0.00143641,0.031290040000000005,0.0006238891159941805
40.5456,0.0299853,0.00136334,0.03102762,0.0006199230247409754
40.7483,0.0302116,0.00136467,0.031018499999999997,0.0006186687118191771
40.9521,0.0286967,0.00132736,0.030463740000000003,0.000611593289335323
41.1568,0.0330427,0.00142218,0.030776859999999996,0.0006131698132915547
41.3626,0.0303824,0.00135855,0.03110094,0.0006150210794761429
41.5694,0.0315509,0.00138093,0.031973220000000004,0.000622294985366265
41.7773,0.031832,0.00138534,0.032327180000000004,0.0006243711341950395
41.9862,0.0330581,0.00140957,0.03324702,0.0006319508160608704
42.1961,0.0348125,0.00144475,0.03341758,0.0006325990316780448
42.4071,0.0349816,0.00144351,0.03348012,0.0006317317191498302
42.6191,0.0324037,0.00138833,0.0337855,0.0006333509423376585
42.8322,0.0321447,0.00137541,0.03314762,0.0006257745320992218
43.0464,0.034585,0.00142762,0.0325081,0.0006184068795833371
43.2616,0.0316231,0.00135971,0.03226448,0.0006147459349650065
43.4779,0.031784,0.00136182,0.032647659999999995,0.0006172766451891729
43.6953,0.0311856,0.00134707,0.03265904,0.0006159194981521529
43.9138,0.0340606,0.00140346,0.032890880000000004,0.0006168184770449082
44.1333,0.0346419,0.00141289,0.032769320000000005,0.0006144192559840552
44.354,0.0327823,0.00136986,0.032875940000000006,0.0006141800388745958
44.5758,0.0311762,0.00133443,0.03244988,0.000608905062718319
44.7987,0.0317187,0.00134434,0.03224764,0.0006056173110174445
45.0226,0.0319303,0.00134477,0.03195948,0.0006017889100207813
45.2478,0.0336307,0.00137711,0.032539200000000004,0.000606070979394328
45.474,0.0313415,0.00132701,0.032342840000000005,0.000602935720301924
45.7014,0.0340748,0.00138203,0.03255914,0.0006037255561097278
45.9299,0.0307369,0.00130862,0.032167440000000005,0.0005990144848933121
46.1595,0.0330118,0.0013536,0.03269710000000001,0.0006025753677707047
46.3903,0.0316722,0.00132468,0.03223658000000001,0.0005970651662021491
46.6223,0.0339898,0.00136672,0.03287012,0.0006018015879440665
46.8554,0.0317722,0.00132089,0.032966560000000006,0.0006014304648818515
47.0897,0.0339046,0.00136178,0.03347478,0.0006046744978846056
47.3251,0.033494,0.00134947,0.0338632,0.0006070373802987754
47.5617,0.0342133,0.0013611,0.03447898,0.0006112691698752687
47.7995,0.0359319,0.00139266,0.03440742000000001,0.0006092774770496609
48.0385,0.0348511,0.00136881,0.034901480000000006,0.0006124231110008831
48.2787,0.0335468,0.00133928,0.035046560000000004,0.0006126891541491492
48.5201,0.0359643,0.00138461,0.03427140000000001,0.0006046438726655551
48.7627,0.0349387,0.00136409,0.03399116,0.0006008555269014341
49.0065,0.0320561,0.00130179,0.03431238,0.0006027892326742408
49.2516,0.0334499,0.00132645,0.033638640000000004,0.0005958372513363024
49.4978,0.0351529,0.00136083,0.03325762,0.0005910580340474191
49.7453,0.0325956,0.00130722,0.03344934,0.000591639789419204
49.994,0.0330336,0.00131108,0.03343318000000001,0.0005904883159453708
50.244,0.0330147,0.00130838,0.03280318,0.0005836787944374886
50.4952,0.0333691,0.00131356,0.032880820000000005,0.0005831619096648888
50.7477,0.0320029,0.00128529,0.032642620000000004,0.0005799293449585044
51.0015,0.0329838,0.00130144,0.03252472,0.0005780855734785292
51.2565,0.0318426,0.00127473,0.0324586,0.0005762976382356603
51.5127,0.0324252,0.00128782,0.032743140000000004,0.0005776402300636617
51.7703,0.0330385,0.00129377,0.033349580000000004,0.00058206160688367
52.0292,0.0334256,0.00130027,0.03354728,0.000582891912954709
52.2893,0.036016,0.00134979,0.03353222,0.0005814946303174261
52.5507,0.0328311,0.00128418,0.03346756,0.0005800918685587655
52.8135,0.0323499,0.00127193,0.033733200000000005,0.0005814737138822355
53.0776,0.0327152,0.00127793,0.03394558,0.0005821184797856876
53.343,0.0347538,0.00131561,0.03382154,0.0005801123021863956
53.6097,0.0370779,0.00135672,0.033901719999999996,0.0005798258134784964
53.8777,0.0322109,0.00126128,0.03376522,0.0005777494925830745
54.1471,0.0327508,0.00126866,0.03305572,0.0005707678743166963
54.4178,0.0320327,0.0012542,0.03218936,0.0005622319688811727
54.6899,0.0312063,0.00123708,0.0325925,0.0005648461544491563
54.9634,0.0327461,0.00126448,0.0323941,0.0005623546255415705
55.2382,0.0342266,0.00129015,0.0324872,0.000562260094308675
55.5144,0.0317588,0.00124068,0.032381860000000005,0.0005604471932483915
55.792,0.0324982,0.00125314,0.03227348,0.0005586465107776116
56.0709,0.0306796,0.00121634,0.0315907,0.0005517272312474707
56.3513,0.0322042,0.0012444,0.03129146,0.0005482862881269237
56.633,0.0308127,0.00121343,0.0312615,0.0005470990584565102
56.9162,0.0302626,0.00120194,0.031830660000000004,0.0005511351574124083
57.2008,0.0323484,0.0012401,0.032005639999999995,0.0005516817153758134
57.4868,0.0335254,0.00126107,0.03185176,0.000549566315132214
57.7742,0.0330791,0.00125044,0.03251788,0.0005544370993719667
58.0631,0.0300433,0.00118919,0.03240348,0.0005526301935978525
58.3534,0.0335932,0.00125662,0.03228024,0.0005506630085233618
58.6452,0.0317764,0.00121977,0.03234816,0.0005503581400033981
58.9384,0.0329092,0.00123937,0.033077560000000006,0.0005557330011795233
59.2331,0.0334187,0.00124708,0.03325678000000001,0.0005561687166858633
59.5293,0.0336903,0.00125012,0.03359716,0.0005579357178385339
59.8269,0.0344893,0.00126143,0.03366248,0.0005575010247524214
60.126,0.0334783,0.00123978,0.03407418,0.0005598740184362907
60.4267,0.0332358,0.00123447,0.03377684,0.0005564859036022386
60.7288,0.0354772,0.00127338,0.03356506000000001,0.0005538298452557428
61.0324,0.0322036,0.00121171,0.03346674,0.0005522256961279509
61.3376,0.0334304,0.00123186,0.033639060000000005,0.0005526483931687488
61.6443,0.0329867,0.00122176,0.0330578,0.000546805884379457
61.9525,0.0340974,0.00123919,0.03324988,0.000547550741531778
62.2623,0.0325709,0.00120868,0.0330863,0.0005453768130128013
62.5736,0.033164,0.00122009,0.032888060000000004,0.0005427897500432373
62.8865,0.0326125,0.00120751,0.03251706,0.0005390434370178344
63.2009,0.0319955,0.00119261,0.03250994,0.000538230601155304
63.5169,0.0322424,0.00119761,0.03212128,0.0005341058360437565
63.8345,0.0325353,0.00119959,0.03208512,0.0005330123878185197
64.1537,0.0312207,0.0011739,0.03239724000000001,0.0005347590308578249
64.4744,0.0324317,0.00119537,0.03260418,0.000535644302372386
64.7968,0.0335561,0.001212,0.032567439999999996,0.0005346616393533391
65.1208,0.0332771,0.00120746,0.032897,0.0005364996107100172
65.4464,0.0323516,0.00118858,0.033184280000000003,0.0005380359419406848
65.7736,0.0328685,0.00119468,0.03325562,0.0005379566720433905
66.1025,0.0338681,0.00121251,0.03358174,0.0005398350996702604
66.433,0.0339128,0.00121112,0.03433172,0.0005450024166588622
66.7652,0.0349077,0.00122824,0.03507944,0.0005503134421981713
67.099,0.0361015,0.00124614,0.03573706,0.0005547517304200141
67.4345,0.0366071,0.00125407,0.03623536,0.0005580663880865788
67.7716,0.0371562,0.00126206,0.03651396,0.0005594218556259667
68.1105,0.0364043,0.00124861,0.03670044,0.0005601606863142039
68.4511,0.0363007,0.00124356,0.03682048,0.0005604717708859207
68.7933,0.0370339,0.00125441,0.036569580000000004,0.0005579129178465041
69.1373,0.0372073,0.00125754,0.03686192,0.000559566140730477
69.483,0.0359017,0.00123339,0.03714208,0.0005612240758449338
69.8304,0.037866,0.00126697,0.03734698,0.0005623064429828276
70.1795,0.0377015,0.0012621,0.037724,0.0005647405837833863
70.5304,0.0380584,0.00126647,0.03858674,0.0005707273777838242
70.8831,0.0390924,0.00128452,0.03980376,0.0005792046469219666
71.2375,0.0402154,0.00130046,0.04101478,0.0005875906727612343
71.5937,0.0439511,0.00135975,0.04305456,0.0006017662343269187
71.9517,0.0437566,0.00135555,0.044949220000000005,0.0006146701862267276
72.3114,0.0482573,0.00142318,0.04740064000000001,0.0006310676639220235
72.673,0.0485657,0.00142913,0.04897336000000001,0.0006412443181533853
73.0363,0.0524725,0.00148387,0.05000808,0.0006477429178524455
73.4015,0.0518147,0.00147398,0.04995792,0.0006469216210453937
73.7685,0.0489302,0.00143071,0.04899506,0.0006398153923093755
74.1374,0.0480065,0.00141381,0.04613252,0.0006198707439136
74.5081,0.0437514,0.00134678,0.04315804,0.0005983711369576577
74.8806,0.0381598,0.0012545,0.04059798,0.0005791488235194818
75.255,0.0369423,0.001232,0.037730719999999995,0.0005571098946312119
75.6313,0.0361299,0.00121699,0.03569074,0.0005406727483977716
76.0094,0.0336702,0.00117167,0.03477384,0.0005326311774727424
76.3895,0.0335515,0.00116735,0.03387496,0.000524771026841231
76.7714,0.0335753,0.00116533,0.032457320000000005,0.0005126400025593008
77.1553,0.0324479,0.00114457,0.031634640000000006,0.0005052228870191848
77.5411,0.0290417,0.00108002,0.031146800000000002,0.0005005562840800223
77.9288,0.0295568,0.00108815,0.030210400000000002,0.0004921895115095403
78.3184,0.0311123,0.00111596,0.029607300000000003,0.0004864519000353478
78.71,0.0288933,0.00107254,0.02964284,0.00048596534019207583
79.1035,0.0294324,0.00108151,0.02969712,0.00048564422236036127
79.4991,0.0292194,0.00107453,0.0292128,0.00048063164892045966
79.8966,0.0298282,0.00108456,0.02919408,0.00047969720524097283
80.296,0.0286907,0.00106032,0.02914956,0.00047840637254116926
80.6975,0.0287997,0.00106203,0.028996160000000003,0.0004764036487601664
81.101,0.0292098,0.00106712,0.02858636,0.000472337728440149
81.5065,0.0284524,0.00105205,0.028689080000000002,0.00047268573477099983
81.9141,0.0277792,0.00103915,0.02865678,0.0004716976724810077
82.3236,0.0292043,0.00106419,0.02831262,0.000468298359651195
82.7352,0.0286382,0.00105099,0.02815024,0.0004662849747225402
83.1489,0.027489,0.00102901,0.028191220000000003,0.0004658685393842344
83.5647,0.0276405,0.00102945,0.0275703,0.0004601685394070307
83.9825,0.0279841,0.00103447,0.0272295,0.0004568517451121315
84.4024,0.0260997,0.00100027,0.0273694,0.0004573854283468156
84.8244,0.0269342,0.00101417,0.027558620000000002,0.00045851259076278375
85.2485,0.0281885,0.00103492,0.027318000000000002,0.00045603781767743787
85.6748,0.0285866,0.00104191,0.027728660000000002,0.00045880494427588724
86.1031,0.026781,0.00100675,0.027921799999999997,0.0004597942683200825
86.5337,0.028153,0.00103142,0.02780252,0.00045846761425863007
86.9663,0.0278999,0.00102531,0.027754720000000004,0.0004574141955777061
87.4012,0.0275921,0.0010201,0.027799880000000003,0.00045736578513920343
87.8382,0.0283476,0.00103027,0.027587300000000002,0.00045505825804615394
88.2774,0.0270068,0.0010062,0.02738022,0.00045300929245215265
88.7187,0.0270901,0.00100558,0.02748578,0.0004531417760966208
89.1623,0.0268645,0.00100237,0.02768762,0.0004543428171018004
89.6082,0.0281199,0.00102157,0.02812166,0.0004572835053749479
90.0562,0.0293568,0.00104341,0.028583820000000003,0.00046041591896023754
90.5065,0.029177,0.00103897,0.028895880000000002,0.0004618791239058115
90.959,0.0294009,0.0010407,0.029067080000000002,0.0004626211697490723
91.4138,0.0284248,0.00101906,0.029021700000000004,0.0004614479279398706
91.8709,0.0289759,0.00102993,0.029451900000000003,0.0004641595105866086
92.3302,0.0291299,0.00103034,0.029153520000000002,0.0004609513782645627
92.7919,0.031328,0.00106874,0.029240200000000004,0.0004609841025198158
93.2558,0.027909,0.00100442,0.028924500000000006,0.0004577555657677578
93.7221,0.0288582,0.00101943,0.029034200000000003,0.000457898807995129
94.1907,0.0273974,0.000993278,0.0284846,0.0004526403865137975
94.6617,0.0296784,0.00103193,0.02908372,0.0004566240734820712
95.135,0.02858,0.00101119,0.02946466,0.00045898043050587677
95.6107,0.0309046,0.00104853,0.030380320000000002,0.00046522685248811684
96.0887,0.0307629,0.00104555,0.030662440000000003,0.0004665582923708462
96.5692,0.0319757,0.00106345,0.031360360000000004,0.0004710450031493806
97.052,0.031089,0.00104685,0.03200332,0.0004752260100752062
97.5373,0.0320696,0.00106192,0.0326499,0.0004792188660476547
98.0249,0.0341194,0.00109468,0.0330562,0.0004814145447948161
98.5151,0.0339958,0.00109016,0.033920979999999996,0.0004868989865875672
99.0076,0.0340072,0.00108796,0.03469824,0.0004916288273484377
99.5027,0.0354129,0.00110845,0.035468360000000004,0.0004961785895058351
100.0,0.0359559,0.00111507,0.03636644,0.0005014813097175207
100.5,0.03797,0.00114485,0.037356600000000004,0.0005076368968150365
101.003,0.0384862,0.00114922,0.03822432,0.0005129400013568838
101.508,0.038958,0.00115713,0.03914264,0.0005185859667364708
102.015,0.0397515,0.00116789,0.03950058000000001,0.0005203823633598664
102.525,0.0405475,0.00117855,0.0400705,0.0005239531857752179
103.038,0.0397597,0.00116505,0.04069648,0.0005276536041798635
103.553,0.0413358,0.00118909,0.040880780000000005,0.0005283682799563199
104.071,0.0420879,0.00119843,0.04097664,0.0005285879491324032
104.591,0.040673,0.00117594,0.04118600000000001,0.0005295711979441481
105.114,0.0410268,0.00118101,0.04149962000000001,0.0005309578558303851
105.64,0.0408065,0.00117616,0.04160002000000001,0.0005311548182554686
106.168,0.0429039,0.00120445,0.04166828,0.0005312336581655947
106.699,0.0425899,0.00120061,0.04152518,0.0005297333099098073
107.232,0.0410143,0.00117683,0.04159508,0.000529506151242835
107.768,0.0403113,0.00116404,0.0406033,0.0005224318898191418
108.307,0.041156,0.0011736,0.03987748,0.0005167926306363123
108.849,0.037945,0.00112457,0.03982634,0.0005155848038179559
109.393,0.0389608,0.00113796,0.039722640000000004,0.0005140156791460743
109.94,0.0407586,0.00116351,0.03965892,0.0005128408744474255
110.49,0.0397928,0.00114656,0.040025120000000004,0.0005145925665106328
111.042,0.0408374,0.00116068,0.04035710000000001,0.0005161097897230782
111.597,0.039776,0.0011444,0.040626180000000005,0.0005171636057806079
112.155,0.0406207,0.00115501,0.04099466,0.00051901705872158
112.716,0.042104,0.00117515,0.04138808000000001,0.0005209199884320048
113.28,0.0416352,0.00116731,0.042036760000000006,0.0005244535282482139
113.846,0.0428045,0.0011818,0.0428752,0.0005290291517374066
114.415,0.0430194,0.00118406,0.04341746,0.0005319042706277136
114.987,0.0448129,0.00120605,0.044108900000000006,0.0005356154595154998
115.562,0.0448153,0.00120716,0.04482916000000001,0.0005394194203363464
116.14,0.0450924,0.00120899,0.0459002,0.0005454121505210532
116.721,0.0464058,0.00122429,0.046855480000000005,0.0005506561887166983
117.305,0.0483746,0.00125081,0.048155739999999995,0.0005577404234480409
117.891,0.0495893,0.00126422,0.04880326,0.0005611579844785246
118.481,0.0513166,0.0012859,0.049206080000000006,0.0005633337215150537
119.073,0.04833,0.0012479,0.049828040000000004,0.0005667723378006376
119.668,0.0484199,0.00124902,0.049445680000000006,0.0005645410753559036
120.267,0.0514844,0.00128906,0.04889182000000001,0.0005614126201004035
120.868,0.0476775,0.00123901,0.04916402000000001,0.0005628730449328695
121.472,0.0485473,0.00125119,0.04898728000000001,0.0005615832402698642
122.08,0.049691,0.00126424,0.0483683,0.0005576329765248823
122.69,0.0475362,0.00123442,0.04882080000000001,0.0005599414535645668
123.304,0.0483895,0.00124545,0.04872970000000001,0.0005588747907537071
123.92,0.04994,0.00126477,0.04865902000000001,0.0005578631422239687
124.54,0.0480918,0.00123921,0.048992259999999996,0.0005594432628533478
125.162,0.0493376,0.00125302,0.0491235,0.0005596883649424918
125.788,0.0492024,0.00125217,0.04905012,0.0005586993057987453
126.417,0.0490457,0.0012482,0.049455700000000005,0.0005605571026577043
127.049,0.0495731,0.00125379,0.05008882,0.0005636929858424709
127.684,0.0501197,0.00126001,0.05083382,0.0005671594891174792
128.323,0.0525032,0.00128771,0.05160986,0.000570988929647502
128.964,0.0529274,0.00129071,0.05284512,0.0005772797728276992
129.609,0.0529259,0.00129111,0.05404084,0.0005832484721042996
130.257,0.0557494,0.00132385,0.05514224,0.0005886622091930141
130.909,0.0560983,0.00132695,0.05621788,0.0005940414953721667
131.563,0.0580102,0.00134789,0.05793954,0.0006025656394451977
132.221,0.0583056,0.00135092,0.05895582,0.0006074140999482973
132.882,0.0615342,0.00138635,0.060229340000000006,0.00061343996735785
133.546,0.0608308,0.00137813,0.061971939999999996,0.0006218290186474092
134.214,0.0624659,0.00139453,0.06397912,0.0006313624430642038
134.885,0.0667232,0.00144079,0.06515478,0.0006367727290768661
135.56,0.0683415,0.00145728,0.06798402,0.0006500145823718111
136.238,0.0674125,0.00144689,0.07108156,0.00066426181887566
136.919,0.074977,0.00152487,0.07419212,0.0006782088019688332
137.603,0.0779536,0.00155333,0.07694894000000001,0.0006901512397264819
138.291,0.082276,0.00159498,0.0809222,0.0007072475038570302
138.983,0.0821256,0.00159129,0.08379662000000002,0.0007191054450857677
139.678,0.0872788,0.00164035,0.08667566000000002,0.0007308432694579598
140.376,0.0893491,0.00165773,0.08960396,0.0007425760145574323
141.078,0.0923488,0.00168473,0.09240654,0.0007537048670454504
141.783,0.0969175,0.00172515,0.09501298,0.0007639059248965149
142.492,0.0961385,0.00171712,0.09725656,0.000772513537584941
143.205,0.100311,0.00175436,0.0997066,0.0007817650866724608
143.921,0.100567,0.00175462,0.10166710000000001,0.0007889911587945711
144.64,0.104599,0.00178824,0.10433500000000001,0.0007988767382869525
145.364,0.10672,0.00180552,0.10648380000000002,0.0008065590439490465
146.09,0.109478,0.00182782,0.10792720000000001,0.0008115857423488908
146.821,0.111055,0.00184014,0.109453,0.0008169358503970799
147.555,0.107784,0.00181164,0.1109774,0.0008222869812614085
148.293,0.112228,0.00184814,0.1116458,0.0008244743605595022
149.034,0.114342,0.00186526,0.11211059999999999,0.0008259994510046602
149.779,0.11282,0.00185229,0.11273599999999999,0.0008281366190140369
150.528,0.113379,0.00185716,0.1125288,0.0008271623510339431
151.281,0.110911,0.00183587,0.1118374,0.0008242975085489462
152.037,0.111192,0.0018372,0.11130000000000001,0.0008218989967970517
152.797,0.110885,0.00183328,0.11058380000000001,0.0008188047798272797
153.561,0.110133,0.00182545,0.109906,0.000816070777866724
154.329,0.109798,0.00182267,0.10936060000000002,0.000813653687073315
155.101,0.107522,0.00180518,0.10848360000000001,0.000809953552404087
155.876,0.108465,0.0018102,0.1077232,0.0008068437742190244
156.656,0.1065,0.00179185,0.10667400000000002,0.0008025495149982959
157.439,0.106331,0.00179069,0.10593600000000002,0.0007991965472447938
158.226,0.104552,0.00177464,0.104631,0.0007939516708389749
159.017,0.103832,0.0017676,0.10426640000000001,0.0007923233823584912
159.812,0.10194,0.00175155,0.10341360000000001,0.0007888914662917834
160.612,0.104677,0.00177374,0.1026592,0.0007859060700669005
161.415,0.102067,0.0017524,0.10261400000000001,0.0007857100429700514
162.222,0.10078,0.00174121,0.10190254000000001,0.0007828749176848114
163.033,0.103606,0.00176542,0.10161474000000001,0.0007817768008581477
163.848,0.0983827,0.00171952,0.10130034000000002,0.00078048100063999
164.667,0.103238,0.00176159,0.10100844,0.0007793332535186729
165.491,0.100495,0.0017379,0.09983404000000001,0.0007747910843240261
166.318,0.0993205,0.00172831,0.09934002000000003,0.0007729553458227713
167.15,0.097734,0.00171471,0.09780598000000001,0.000766989787684295
167.985,0.0959126,0.00169874,0.09650878000000002,0.0007620264471840856
168.825,0.0955678,0.00169515,0.09570418,0.0007588911078672618
169.669,0.094009,0.00168243,0.09513586,0.0007566796010439293
170.518,0.0952975,0.00169347,0.0935538,0.00075033302643293
171.37,0.0948924,0.0016901,0.09257486000000001,0.0007464069748843456
172.227,0.0880023,0.00162684,0.09191154,0.000743668096610309
173.088,0.0906731,0.00165125,0.09054078000000002,0.0007380422404009135
173.954,0.0906924,0.00165183,0.08949151999999999,0.0007336351450223742
174.823,0.0884437,0.00163078,0.08924950000000001,0.0007327247414193136
175.698,0.0896461,0.00164143,0.08840162000000001,0.0007292866286227934
176.576,0.0867922,0.00161655,0.08675196,0.0007223371835341166
177.459,0.0864337,0.00161275,0.08515132,0.0007155990001977365
178.346,0.0824441,0.00157364,0.08360972000000001,0.0007089977233983196
179.238,0.0804405,0.00155474,0.08257462000000002,0.0007044022504932817
180.134,0.0819381,0.00156818,0.08138906000000001,0.0006992484493769007
181.035,0.0816167,0.00156552,0.08123992000000002,0.0006985190010214469
181.94,0.0805059,0.00155567,0.08076656,0.0006962997206548341
182.85,0.0816984,0.00156552,0.08049360000000001,0.0006950600005495929
183.764,0.0780737,0.00152965,0.079696,0.000691459594142709
184.683,0.0805733,0.00155437,0.07893117999999999,0.0006878273482146519
185.606,0.0776287,0.00152514,0.07818035999999999,0.0006844226551188965
186.534,0.0766818,0.00151488,0.07832444000000001,0.000685011905338878
187.467,0.0779443,0.00152776,0.07753170000000001,0.00068140794615267
188.404,0.0787941,0.00153623,0.07768482,0.0006820861235181375
189.346,0.0766096,0.00151425,0.07800142000000002,0.0006834759218758185
190.293,0.0783943,0.0015327,0.07761388,0.000681632516768383
191.244,0.0782648,0.00153046,0.07732641999999999,0.000680234560151129
192.201,0.0760066,0.00150703,0.07721982,0.000679737547990399
193.162,0.0773568,0.00152066,0.07642698,0.0006760898158114793
194.128,0.0760766,0.00150866,0.07526189999999999,0.0006707957993130249
195.098,0.0744301,0.00149182,0.07378574,0.000664191105312319
196.074,0.0724394,0.00147107,0.07195702,0.0006559244661818919
197.054,0.0686258,0.00143203,0.07043842,0.0006488538347023927
198.039,0.0682132,0.00142814,0.06927416,0.0006433822621210504
199.029,0.0684836,0.00143018,0.0686385,0.0006403892328232885
200.025,0.0686088,0.00143135,0.06882076000000001,0.0006411082067638817
201.025,0.0692611,0.00143805,0.06884384000000002,0.0006410485180015628
202.03,0.0695371,0.00144005,0.06829716,0.0006383982857527109
203.04,0.0683286,0.00142747,0.06832544,0.0006385283799111829
204.055,0.0657502,0.00140023,0.06807824000000001,0.0006372801341921776
205.075,0.0687502,0.0014328,0.06720836,0.0006332292396596986
206.101,0.0680251,0.00142414,0.06693472,0.0006319172264687837
207.131,0.0651877,0.00139466,0.06686176,0.0006317135034079927
208.167,0.0669604,0.00141286,0.0660695,0.0006278803746351688
209.208,0.0653854,0.00139793,0.0653832,0.0006247805602385529
210.254,0.0647889,0.00139004,0.06512732,0.0006236436331784362
211.305,0.0645936,0.00138964,0.06459946,0.0006213521437188417
212.362,0.0639083,0.00138188,0.0649426,0.000623197737483056
213.424,0.0643211,0.00138739,0.06451318,0.0006213751574886141
214.491,0.0671011,0.00141832,0.06381588,0.000618183911699423
215.563,0.0626418,0.00136949,0.06378012000000001,0.0006182384647625865
216.641,0.0611071,0.00135359,0.06435194,0.0006213897196832275
217.724,0.0637295,0.00138249,0.06462184,0.0006229749699883616
218.813,0.0671802,0.00142215,0.06588218,0.0006294069262504187
219.907,0.0684506,0.0014356,0.06776126,0.000638684246190557
221.006,0.0689435,0.00144114,0.06949846,0.0006473054114959954
222.111,0.0705025,0.00145819,0.07067506,0.0006530965983129907
223.222,0.0724155,0.00147934,0.0720547,0.0006598102747972329
224.338,0.0730632,0.00148687,0.07279012,0.0006634744374457843
225.46,0.0753488,0.0015104,0.0730722,0.0006647879474659569
226.587,0.0726206,0.0014826,0.07265611999999999,0.0006627077912383406
227.72,0.0719129,0.00147307,0.07208806000000001,0.0006598378064160919
228.859,0.0703351,0.00145582,0.07150226,0.0006566743147192525
230.003,0.0702229,0.00145461,0.07126706000000001,0.000655150549196137
231.153,0.0724198,0.00147553,0.07121158,0.0006546252471849829
232.309,0.0714446,0.00146565,0.07193058000000001,0.0006577377627687192
233.47,0.0716355,0.00146722,0.07322552000000002,0.0006633677415913439
234.638,0.0739301,0.00149048,0.07351512,0.0006646781559130705
235.811,0.0766976,0.00151718,0.07465456,0.0006698265711540562
236.99,0.0738678,0.0014902,0.07592964,0.0006756346018285328
238.175,0.0771418,0.00152312,0.07696524,0.000680411495252689
239.366,0.0780109,0.00153235,0.07768814,0.0006839574712012436
240.562,0.0791081,0.00154385,0.07852239999999999,0.000687868084210919
241.765,0.0803121,0.00155653,0.07830088,0.0006870182020150558
242.974,0.0780391,0.00153454,0.0779112,0.0006854136748971383
244.189,0.0760342,0.0015135,0.07719862000000001,0.0006823225047966687
245.41,0.0760625,0.00151428,0.07525138,0.0006735825591714798
246.637,0.0755452,0.00150923,0.07400688,0.0006679753932294214
247.87,0.0705759,0.00145826,0.0729066,0.0006631458666869606
249.109,0.0718166,0.00147199,0.07096930000000001,0.0006542807337007563
250.355,0.0705328,0.00145944,0.06870514,0.0006437527435871633
251.607,0.066376,0.00141459,0.0672524,0.0006368543775746541
252.865,0.0642244,0.00139145,0.06586818,0.0006301601214897687
254.129,0.0633122,0.00138046,0.0642936,0.0006223480711209765
255.4,0.0648955,0.00139811,0.06313504,0.0006166407579198767
256.677,0.0626599,0.00137308,0.06252724,0.0006138091348228699
257.96,0.0605832,0.00135066,0.06140346,0.000608446033468869
259.25,0.0611854,0.00135979,0.060363780000000006,0.0006033977828596986
260.546,0.0576933,0.00131977,0.06001138,0.0006018093423734796
261.849,0.0596971,0.0013423,0.059264380000000005,0.000598207679024601
263.158,0.0608979,0.00135554,0.059241260000000004,0.0005979442217832697
264.474,0.0568482,0.00131005,0.059889620000000005,0.000601179829887863
265.796,0.0610698,0.00135689,0.06002864000000001,0.0006019399980297039
267.125,0.0609351,0.00135602,0.06084736,0.0006061827242408019
268.461,0.0603922,0.00135079,0.06289416,0.0006163981166194459
269.803,0.0649915,0.00140201,0.06454214,0.0006247564312049937
271.152,0.0670822,0.00142424,0.06701750000000001,0.0006369931171621873
272.508,0.0693097,0.00144931,0.07062206,0.0006542530982670238
273.871,0.0733119,0.00149157,0.07355068,0.0006680323906727876
275.24,0.078415,0.00154331,0.07613232,0.0006800324918707929
276.616,0.0796346,0.001556,0.07886926,0.0006924987877650039
277.999,0.0799904,0.00155977,0.08170378,0.000705175650002182
279.389,0.0829944,0.00159005,0.08378752,0.0007144270638854606
280.786,0.0874845,0.00163332,0.08588922000000002,0.0007237149595220483
282.19,0.0888337,0.00164625,0.08873852000000002,0.0007359991269831779
283.601,0.0901431,0.00165984,0.09089274,0.0007452143141969296
285.019,0.0942369,0.0016974,0.09229482,0.0007513097369181369
286.444,0.0937655,0.00169396,0.09354400000000002,0.0007568114799684265
287.876,0.0944949,0.0017017,0.09429620000000001,0.0007602383760716108
289.316,0.0950796,0.00170809,0.09422890000000002,0.0007604859230833928
290.762,0.0939041,0.00169854,0.09342048000000001,0.0007576818741688361
292.216,0.0939004,0.00170017,0.09224930000000002,0.0007534150002939947
293.677,0.0897234,0.00166225,0.08994052000000002,0.0007445400297687156
295.146,0.088639,0.00165366,0.08785472,0.0007364437890565714
296.621,0.0835357,0.00160786,0.08550576000000001,0.0007270687853071399
298.104,0.0834751,0.00160788,0.08341435999999999,0.000718795416793958
299.595,0.0821556,0.00159611,0.08149688000000001,0.0007112191848199823
301.093,0.0792664,0.00156972,0.0804002,0.0007070117014646929
302.598,0.0790516,0.00156963,0.07837360000000002,0.0006987021247513135
304.111,0.0780523,0.00156078,0.07598830000000001,0.0006887545999643125
305.632,0.0733421,0.00151435,0.07402248,0.0006804483668964164
307.16,0.0702291,0.00148409,0.07222680000000001,0.0006727550582938787
308.696,0.0694373,0.00147638,0.06981056000000001,0.0006622176776861215
310.239,0.0700732,0.00148441,0.06823968,0.0006554816428215209
311.791,0.0659711,0.00144373,0.06621744,0.0006463520775366936
313.35,0.0654877,0.00143922,0.0639549,0.0006359310726989206
314.916,0.0601179,0.00138036,0.06074572,0.000620778413239378
316.491,0.0581246,0.00135854,0.057675580000000004,0.0006057145923056502
318.073,0.0540273,0.00131431,0.054095000000000004,0.0005874540973148455
319.664,0.0506204,0.00127376,0.0508312,0.0005701663796226501
321.262,0.0475848,0.00123558,0.047564880000000004,0.0005525255191138234
322.868,0.0437989,0.00118536,0.045008,0.000538146540659698
324.483,0.041793,0.00116211,0.04253716,0.0005239444499028499
326.105,0.0412429,0.00115557,0.04069336,0.000513308003300163
327.736,0.0382662,0.00111596,0.039037459999999996,0.0005037033365106887
329.374,0.0383658,0.00111841,0.03756868000000001,0.0004948351397465625
331.021,0.0355194,0.00107744,0.03593296,0.0004846979072742114
332.676,0.0344491,0.0010626,0.03448586,0.0004754590373186737
334.34,0.0330643,0.00104264,0.033492060000000004,0.0004693505385530095
336.011,0.0310307,0.00101173,0.03252112,0.00046328239206341524
337.691,0.0333968,0.00105193,0.03142414,0.0004560914190339037
339.38,0.0306647,0.00100965,0.03062534,0.00045096990331675127
341.077,0.0289642,0.000981753,0.03005464,0.0004473505802378711
342.782,0.0290703,0.000985373,0.02898698,0.000439877790231787
344.496,0.0281772,0.000970729,0.028171800000000004,0.0004340219176437982
346.218,0.0280585,0.000969951,0.02747812,0.00042918108851378815
347.95,0.0265888,0.00094417,0.02711078,0.00042688234568991025
349.689,0.0254958,0.000927024,0.026781100000000002,0.0004247904817766989
351.438,0.0272336,0.000960085,0.02638022,0.00042229106219488
353.195,0.0265288,0.00094751,0.026581720000000003,0.0004245392151286381
354.961,0.0260541,0.000942271,0.026811840000000003,0.0004269449876267902
356.736,0.0275963,0.000969047,0.026540360000000002,0.00042521152687113276
358.519,0.0266464,0.000954246,0.026337940000000004,0.00042415831225890173
360.312,0.0258762,0.000940656,0.026279680000000003,0.00042409239874621665
362.114,0.0255167,0.000935634,0.02550068,0.00041843046778522236
363.924,0.0257628,0.000941529,0.02541078,0.0004182693976947871
365.744,0.0237013,0.000905425,0.025293520000000003,0.00041807257499238093
367.572,0.0261969,0.000952479,0.025098660000000002,0.0004172172598856859
369.41,0.0252899,0.000938466,0.02500716,0.0004172403708677769
371.257,0.0245424,0.00092604,0.0250421,0.0004180361909480087
373.114,0.0253053,0.000941785,0.02501342,0.00041853868918019987
374.979,0.023876,0.000914556,0.02507398,0.00041962189922285987
376.854,0.0260535,0.00095798,0.02517518,0.0004210114993707892
378.738,0.0255927,0.000950482,0.02501266,0.00042019338548206583
380.632,0.0250484,0.000941676,0.02564868,0.00042625516898501067
382.535,0.0244927,0.000932606,0.025815820000000003,0.000428320075970576
384.448,0.0270561,0.000982185,0.02620796,0.00043230460418672387
386.37,0.0268892,0.000980735,0.026122260000000005,0.00043225913213099386
388.302,0.0275534,0.000994558,0.02652258,0.0004363299769410303
390.244,0.0246199,0.000941154,0.02617812,0.0004342093153681989
392.195,0.0264943,0.000978852,0.0258375,0.00043217272523434424
394.156,0.0253338,0.000958402,0.025586900000000003,0.00043078189975889194
396.127,0.0251861,0.000957982,0.025795440000000003,0.0004334144477186242
398.107,0.0263004,0.000979357,0.025676420000000002,0.0004331960433799459
400.098,0.0256626,0.0009709,0.025940440000000002,0.0004362453438734217
402.098,0.0258992,0.000976432,0.026329440000000003,0.0004403004116762555
404.109,0.0266539,0.000992378,0.02635338,0.0004413862441267965
406.129,0.0271311,0.00100329,0.02672066,0.0004451947545157737
408.16,0.0264201,0.000991501,0.02686996,0.0004472820937887409
410.201,0.027499,0.00101344,0.02702708,0.0004493342397288237
412.252,0.0266457,0.000999996,0.02686116,0.000448620063864335
414.313,0.0274395,0.00101529,0.02717938,0.00045210183312789165
416.384,0.0263015,0.000995268,0.02727252,0.0004536653935199378
418.466,0.0280112,0.00103028,0.02758982,0.0004571216552264397
420.559,0.0279647,0.00103076,0.0278334,0.0004600458799695526
422.662,0.0282322,0.0010386,0.028248060000000002,0.0004643722000378575
424.775,0.0286574,0.00104779,0.02829852,0.0004655111138651794
426.899,0.0283748,0.00104429,0.02827194,0.0004662985522216426
429.033,0.0282635,0.00104305,0.02846036,0.00046881632943829933
431.178,0.0278318,0.00103962,0.02872088,0.0004719180202619942
433.334,0.0291743,0.00106656,0.02861874,0.00047209695860913996
435.501,0.02996,0.00108204,0.02872204,0.00047407204093048987
437.678,0.0278641,0.00104631,0.02892786,0.0004767511380793968
439.867,0.02878,0.00106521,0.029344940000000003,0.00048122873762484304
442.066,0.0288609,0.00106981,0.029375699999999998,0.00048257436205003686
444.276,0.0312597,0.0011157,0.029876100000000006,0.00048759888501513204
446.498,0.0301138,0.00109692,0.030100540000000002,0.0004905032645844469
448.73,0.0303661,0.00110301,0.030370800000000003,0.0004936237834707723
450.974,0.0299022,0.00109804,0.030726680000000003,0.000497465287436219
453.229,0.0302122,0.00110511,0.03091346,0.0004999394729284735
455.495,0.0330391,0.00115757,0.03144,0.0005051993412149307
457.773,0.0310477,0.00112469,0.03175918,0.0005088290796092535
460.061,0.0329988,0.00116138,0.032217180000000005,0.0005135889802867659
462.362,0.0314981,0.00113917,0.03236206,0.0005159933608836454
464.673,0.0325022,0.00115885,0.032965400000000006,0.0005218463911880583
466.997,0.0337635,0.001184,0.0332157,0.0005250505979084301
469.332,0.0340644,0.00119029,0.03381796,0.0005310097563209174
471.679,0.0342503,0.00119694,0.034062419999999996,0.0005340959239162943
474.037,0.0345094,0.00120625,0.034555760000000005,0.0005392885498914288
476.407,0.0337245,0.00119378,0.03483572,0.0005428964611820564
478.789,0.0362302,0.00124145,0.03475064,0.0005435684110431732
481.183,0.0354642,0.00123061,0.03463824,0.0005438865691851565
483.589,0.0338249,0.00120454,0.03418082,0.0005415869399311619
486.007,0.0339474,0.00120983,0.0334115,0.0005367781695710062
488.437,0.0314374,0.00116735,0.03255294,0.0005311426477133992
490.879,0.0323836,0.00118809,0.03228506,0.0005302331058808003
493.334,0.0311714,0.00116788,0.03155496,0.0005254092605122219
495.8,0.0324855,0.00119448,0.03150082,0.0005260667952342174
498.279,0.0302969,0.00115602,0.03112512,0.0005240860607991783
500.771,0.0311667,0.00117473,0.030803660000000004,0.0005223393420449966
503.274,0.0305051,0.001166,0.0298312,0.0005151523842204362
505.791,0.0295641,0.00114815,0.029566820000000004,0.000514053019530087
508.32,0.0276232,0.00111372,0.029238380000000005,0.0005123454406628402
510.861,0.028975,0.00114372,0.029037700000000003,0.0005117178868204628
513.416,0.0295245,0.00115593,0.028942260000000004,0.000512213348728828
515.983,0.0295017,0.00115909,0.029089160000000003,0.0005147345426566979
518.563,0.0290869,0.00115366,0.029111340000000003,0.0005163831298251329
521.155,0.0283577,0.00114241,0.0292465,0.0005189007358907868
523.761,0.0290859,0.00116215,0.0292443,0.0005203382062735736
526.38,0.0302003,0.00118378,0.0292004,0.0005214184941560857
529.012,0.0294907,0.00117509,0.029264160000000004,0.0005233356826168077
531.657,0.0288674,0.00116579,0.02953364,0.0005270799202815452
534.315,0.0286765,0.00116412,0.0296361,0.000529598852124889
536.987,0.0304333,0.00120371,0.029879560000000003,0.0005331516093682921
539.672,0.0307126,0.00121156,0.030509860000000003,0.0005401845777213562
542.37,0.030708,0.00121459,0.031187460000000007,0.0005475387737649271
545.082,0.0320189,0.0012441,0.03090316,0.0005462324722570052
547.807,0.0320645,0.00124706,0.03127238,0.0005510560737420466
550.546,0.0290118,0.00118878,0.03136334,0.0005534092931854325
553.299,0.0325587,0.00126499,0.03131550000000001,0.0005544444917031822
556.066,0.0311628,0.00124105,0.03127396,0.000555573581427339
558.846,0.0317797,0.00125557,0.03163680000000001,0.0005604473476322285
561.64,0.0318568,0.00125956,0.03188104,0.0005640215544320979
564.448,0.030826,0.00124466,0.032098020000000005,0.0005671296918695052
567.271,0.0337799,0.0013041,0.03335644,0.0005798460482921307
570.107,0.0322477,0.00127597,0.03439888,0.0005904723753402864
572.958,0.0380718,0.00139323,0.03525376,0.0005991426235213116
575.822,0.037069,0.00137746,0.035846260000000005,0.0006057556128538967
578.702,0.0351004,0.00134426,0.0363264,0.0006114460360097201
581.595,0.0367424,0.00137836,0.03545926,0.000605666497184713
584.503,0.0346484,0.00134211,0.03497428,0.000603339620770922
587.426,0.0337361,0.00132862,0.03502648,0.0006055878133582281
590.363,0.0346441,0.00135169,0.03490484,0.0006066410112974558
593.314,0.0353614,0.0013693,0.0348939,0.0006086051648877127
596.281,0.0361342,0.00138989,0.03495298,0.0006108730583648292
599.262,0.0345937,0.00136416,0.03473224,0.0006106678598616435
602.259,0.0340315,0.00135439,0.034780319999999997,0.0006127727473966185
605.27,0.0335404,0.00134937,0.034474,0.000611834690650996
608.296,0.0356018,0.00139261,0.0348416,0.0006167880764217155
611.338,0.0346026,0.00137952,0.03465416,0.0006169304378420633
614.395,0.0364317,0.00141883,0.03452164,0.000617638181627399
617.467,0.0330943,0.00135601,0.034494040000000004,0.000619423982842124
620.554,0.0328778,0.00135744,0.03409424,0.000617552347805431
623.657,0.0354638,0.0014123,0.033613760000000006,0.0006150915512539575
626.775,0.0326036,0.00135838,0.033584180000000005,0.0006164931415482253
629.909,0.0340293,0.00139185,0.033688,0.0006194028192186406
633.058,0.0329464,0.00137183,0.03307676,0.0006158662572182373
636.224,0.0333969,0.00139016,0.0332719,0.0006196808892163772
639.405,0.0324076,0.00137309,0.033030220000000006,0.0006192645726375763
642.602,0.0335793,0.00140108,0.03324262,0.0006233633699408396
645.815,0.0328209,0.00138721,0.032999440000000005,0.0006228877549414502
649.044,0.0340084,0.00141748,0.0331433,0.000626223320977429
652.289,0.032181,0.00138482,0.03291612,0.0006260828784466159
655.551,0.0331269,0.00141051,0.03255504,0.000624692493487796
658.828,0.0324434,0.00139951,0.031850119999999996,0.0006199531148724072
662.122,0.0310155,0.00137145,0.031973180000000004,0.0006231537679257023
665.433,0.0304838,0.00136447,0.03185904,0.0006240280321107378
668.76,0.0327963,0.00142028,0.03182286,0.0006254671857675668
672.104,0.0325562,0.00142014,0.03142726,0.000623245777336678
675.464,0.0322625,0.00141548,0.031541700000000006,0.0006264237619279779
678.842,0.0290375,0.00134593,0.03157232,0.0006289120179929781
682.236,0.031056,0.00140038,0.03125962,0.0006278066683111927
685.647,0.0329494,0.00144751,0.031243840000000002,0.0006299491387532807
689.075,0.0309927,0.00140786,0.031686660000000005,0.0006365381657968358
692.521,0.0321836,0.00143908,0.03130058,0.0006344460210955696
695.983,0.0312516,0.00142132,0.03095616,0.0006328566106820723
699.463,0.0291256,0.00137644,0.0307481,0.000632450481432341
702.961,0.0312273,0.00143001,0.030204,0.0006286927477329447
706.475,0.0299524,0.00140329,0.030369760000000003,0.0006327602009102659
710.008,0.0294631,0.00139731,0.030462100000000002,0.0006357924631953417
713.558,0.0320804,0.00146575,0.03117562,0.00064570377193261
717.126,0.0295873,0.00141094,0.03125166,0.0006486927617508924
720.711,0.0347949,0.00153703,0.03157446,0.0006538781609137899
724.315,0.0303326,0.00143734,0.03162916,0.0006563359728706023
727.936,0.0310771,0.00145648,0.0320843,0.000663200765663008
731.576,0.0323539,0.00149296,0.03137354,0.0006580175879898652
735.234,0.031863,0.00148903,0.0315284,0.0006620750698553752
738.91,0.0312411,0.00148029,0.031659099999999996,0.0006660387953595496
742.605,0.0311069,0.00148319,0.031405,0.0006654650483383782
746.318,0.0317306,0.00150098,0.031529720000000004,0.000669010309516976
750.049,0.0310834,0.00148655,0.031304,0.0006684157522231205
753.8,0.0324866,0.00152823,0.03111908,0.0006683722663127189
757.569,0.0301125,0.00147356,0.03139306,0.0006735769343616214
761.356,0.0301823,0.0014827,0.031447420000000004,0.0006763902921420443
765.163,0.0331005,0.00155806,0.03136528,0.0006773509140349631
768.989,0.0313552,0.00151815,0.0315444,0.000681624611231138
772.834,0.0320759,0.00153883,0.03171568,0.0006856218188564304
776.698,0.0310081,0.00152203,0.03167228,0.0006873104364462976
780.582,0.0310387,0.00152808,0.0316106,0.0006891252395638981
784.485,0.0328835,0.00157655,0.031432800000000004,0.0006900153806720543
788.407,0.0310468,0.00153858,0.031758720000000004,0.0006960444925606408
792.349,0.0311869,0.00154877,0.032030460000000004,0.000701300289023183
796.311,0.0326377,0.00158918,0.031772640000000005,0.0007007786135349737
800.292,0.0323974,0.00158702,0.03225294,0.0007085199574690893
804.294,0.0315944,0.00157074,0.032639100000000004,0.0007149944011780792
808.315,0.0334483,0.0016248,0.03207846,0.000710983755147753
812.357,0.0331177,0.00162145,0.032030260000000005,0.0007129191998564773
816.419,0.0298345,0.00154354,0.0328989,0.0007253931801195818
820.501,0.0321564,0.00160858,0.03347644,0.0007344708623682767
824.603,0.0359376,0.00170756,0.033289320000000004,0.0007347094476512466
828.726,0.036336,0.00172374,0.03368534,0.0007415192633559832
832.87,0.0321821,0.00162415,0.03391986,0.0007466073435534906
837.034,0.0318146,0.00162291,0.03294922,0.0007384413126335768
841.219,0.033329,0.00166638,0.03237882,0.0007341976876455006
845.425,0.0310844,0.00161635,0.03246338,0.0007377873393736165
849.653,0.033484,0.00167781,0.032692399999999996,0.000743066868805224
853.901,0.0326049,0.00166432,0.03263402,0.0007452511397267366
858.17,0.0329597,0.00168205,0.0330496,0.0007525895774457682
862.461,0.0330371,0.00169059,0.033017939999999996,0.0007550967978610424
866.773,0.0331623,0.00169923,0.03307364,0.0007586672502751124
871.107,0.0333257,0.00170574,0.033123,0.000761684379608772
875.463,0.0328834,0.00170443,0.03298374,0.0007624770961910921
879.84,0.0332065,0.0017158,0.03250356,0.0007593417623204983
884.239,0.0323408,0.0016995,0.03227492,0.0007593570380420531
888.661,0.0307614,0.00166376,0.031502920000000004,0.0007525211532601593
893.104,0.0321825,0.00170591,0.031050460000000002,0.0007501317224647948
897.569,0.0290234,0.00162687,0.03044936,0.0007455556147813521
902.057,0.0309442,0.00168944,0.031109620000000004,0.000756186679057493
906.568,0.0293353,0.00164839,0.031235100000000002,0.0007608164623849828
911.1,0.0340627,0.00177967,0.031953840000000004,0.0007722051812568988
915.656,0.0328099,0.00175662,0.0327066,0.0007836456727960668
920.234,0.0326171,0.0017559,0.03328848,0.0007932408736897008
924.835,0.034708,0.00181637,0.033328840000000005,0.0007969768234973963
929.46,0.0322447,0.00175939,0.03332160000000001,0.0007994496148100892
934.107,0.0342645,0.00182092,0.03354518,0.0008048951578037975
938.777,0.0327737,0.00178449,0.032958940000000006,0.0008009707934850058
943.471,0.033735,0.00181703,0.03251826,0.00079843630305241
948.189,0.0317768,0.00177247,0.032258220000000004,0.0007979834085217562
952.93,0.0300413,0.00173035,0.03213772,0.000799367486326533
957.694,0.0329643,0.00181595,0.031868980000000005,0.0007991711844379777
962.483,0.0321712,0.00179991,0.03215304,0.0008054469751485818
967.295,0.0323913,0.00181487,0.0326523,0.0008146095119601785
972.132,0.0331971,0.00184212,0.03236186,0.0008139454060807764
976.992,0.0325376,0.00183445,0.0324228,0.0008178447881792731
981.877,0.0315121,0.00180849,0.03298648,0.0008282224060118151
986.787,0.0324759,0.00184357,0.032596320000000005,0.0008267288146423833
991.72,0.0352097,0.00192894,0.032298160000000006,0.0008259952394632792
996.679,0.0312463,0.00182527,0.03270016,0.0008345457236197427
1001.66,0.0310468,0.00182617,0.03269614,0.0008375570317393319
1006.67,0.0335221,0.0019041,0.03203768,0.0008321401026245521
1011.7,0.0324558,0.0018774,0.03171638,0.0008310080195978858
1016.76,0.0319174,0.00186941,0.0326069,0.0008459050721186155
1021.85,0.0296398,0.00181233,0.032076339999999995,0.0008418016215783859
1026.96,0.0354994,0.00198983,0.03197922,0.0008438823819561587
1032.09,0.0308693,0.00185808,0.03189158,0.0008461874353758748
1037.25,0.0319702,0.00190061,0.0323322,0.0008549320842780436
1042.44,0.0314792,0.00189528,0.03152672,0.0008476899180549453
1047.65,0.0318429,0.00191218,0.03165026,0.0008533157621256037
1052.89,0.031472,0.0019108,0.03140662,0.0008532934900677494
1058.15,0.031487,0.00192138,0.03152088,0.0008581729523307059
1063.44,0.030752,0.00190036,0.03132986,0.0008586208450858853
1068.76,0.0320505,0.00194958,0.030703180000000004,0.0008525155216534185
1074.1,0.0308878,0.0019172,0.03092668,0.0008583649419332083
1079.47,0.0283386,0.00184119,0.0307176,0.0008588081960135219
1084.87,0.0326045,0.00198542,0.0305747,0.0008600848963236129
1090.3,0.0297066,0.00190536,0.030737760000000003,0.0008661024949738916
1095.75,0.031336,0.0019636,0.031408620000000005,0.0008786996851029367
1101.23,0.0317031,0.00198377,0.03107422,0.000877111029847419
1106.73,0.0316929,0.00198481,0.031132540000000004,0.0008808726188274899
1112.27,0.0309325,0.00196778,0.03146106,0.0008892164241825496
1117.83,0.0299982,0.00194826,0.03104684,0.0008864974108275783
1123.42,0.0329786,0.00205547,0.03098456,0.0008900538606870935
1129.03,0.029632,0.00195311,0.030763999999999996,0.0008911478880432811
1134.68,0.0313815,0.00202421,0.03171776,0.0009088568066114705
1140.35,0.0298297,0.00198012,0.0316227,0.0009112389465140305
1146.05,0.034767,0.00214304,0.03269072,0.0009303480493793707
1151.78,0.0325033,0.00208167,0.0327988,0.0009348574533157448
1157.54,0.0349721,0.00216666,0.033285340000000004,0.0009450886967263972
1163.33,0.0319219,0.0020755,0.033088360000000004,0.0009462232748310517
1169.15,0.0322624,0.00209803,0.033381339999999995,0.0009544103052021179
1174.99,0.0337821,0.00215552,0.03279212000000001,0.0009499581330500833
1180.87,0.0339682,0.0021731,0.03321194,0.0009601226877810981
1186.77,0.032026,0.00211718,0.03304314,0.0009613426509086133
1192.71,0.034021,0.00218931,0.03277554,0.000961002972605184
1198.67,0.0314184,0.00211195,0.03260536,0.0009621907225472506
1204.66,0.0324441,0.00215173,0.032589320000000005,0.0009654987055713746
1210.69,0.0331173,0.0021862,0.032867440000000005,0.0009738932759250369
1216.74,0.0319458,0.0021545,0.034193680000000004,0.0009975853756406014
1222.82,0.0354116,0.00228037,0.034263560000000005,0.0010027234423568645
1228.94,0.0380496,0.00237235,0.03430822,0.0010067523180286202
1235.08,0.0327935,0.00221063,0.0345994,0.0010144993369440908
1241.26,0.0333406,0.00223201,0.03446498,0.0010161581140196636
1247.46,0.0334017,0.00224351,0.03372822,0.0010093634431818897
1253.7,0.0347395,0.00229876,0.03369066,0.0010127359046365443
1259.97,0.0343658,0.00229869,0.03406684,0.0010226880622653226
1266.27,0.0326057,0.00224886,0.034375420000000004,0.0010314097563509858
1272.6,0.0352215,0.00234271,0.034067520000000004,0.0010308754147306065
1278.96,0.0349446,0.0023412,0.03482772,0.0010459859260028312
1285.36,0.0332,0.00229276,0.0353307,0.0010573949584786187
1291.79,0.0381668,0.00246344,0.035340840000000005,0.0010625362174890793
1298.24,0.0351206,0.00237851,0.03581966,0.0010741472209897488
1304.74,0.0352722,0.00240016,0.0358027,0.0010782986308495433
1311.26,0.0373387,0.00247011,0.035398360000000004,0.0010772123493462188
1317.82,0.0331152,0.00234097,0.034680459999999996,0.0010702197609295018
1324.41,0.0361451,0.00245153,0.034666840000000004,0.0010738463967234792
1331.03,0.0315311,0.00229824,0.03465046,0.001078556351312253
1337.68,0.0352041,0.00244032,0.03535542,0.0010938142826988503
1344.37,0.0372568,0.00252089,0.036184980000000005,0.0011116363181292702
1351.09,0.03664,0.00251173,0.037507040000000005,0.0011363253943725803
1357.85,0.0402929,0.00264436,0.039075080000000005,0.0011649471116681651
1364.64,0.0381414,0.00258252,0.03951546,0.0011760656632790537
1371.46,0.0430443,0.00275714,0.04005418,0.0011882516072499124
1378.32,0.0394587,0.00264681,0.0397846,0.001188684547760254
1385.21,0.0393336,0.00265124,0.039490880000000006,0.0011882720643791975
1392.14,0.038945,0.00264922,0.037802560000000006,0.0011668930581094396
1399.1,0.0366728,0.00257777,0.03676912,0.0011559822069374596
1406.09,0.0346027,0.00251854,0.036296980000000006,0.0011539213443090477
1413.12,0.0342915,0.00252428,0.03684612,0.0011676028677217267
1420.19,0.0369729,0.0026287,0.03797738,0.0011912325093767378
1427.29,0.0416907,0.00279507,0.0394404,0.0012186351894295522
1434.43,0.0423291,0.0028352,0.040760599999999994,0.0012428009521158246
1441.6,0.0419178,0.00282736,0.040214919999999994,0.0012380655660731382
1448.81,0.0408925,0.0028034,0.03935238,0.0012297660595235176
1456.05,0.0342445,0.00257223,0.03803108,0.0012136370014431829
1463.33,0.037378,0.00270192,0.03694410000000001,0.0012015742530963286
1470.65,0.0357226,0.00265577,0.036404040000000006,0.0011981936278031191
1478.0,0.0364829,0.00269548,0.03730546,0.0012185344143240272
1485.39,0.0381922,0.00276699,0.03743512,0.0012264545958297845
1492.82,0.0387516,0.00280095,0.038019159999999996,0.0012402756073308869
1500.28,0.0380263,0.00279007,0.03835408,0.00125013610180012
1507.78,0.0386428,0.00281166,0.0386756,0.0012603637187415385
1515.32,0.0381575,0.00280705,0.03796136,0.0012528613161160336
1522.9,0.0397998,0.00288065,0.03801756,0.0012571366614366158
1530.51,0.0351804,0.0027155,0.038174620000000006,0.0012647718953645358
1538.16,0.0383073,0.00283774,0.03880022,0.0012798100075401817
1545.86,0.0394281,0.002896,0.03825038000000001,0.0012750529529223483
1553.58,0.0412855,0.00297257,0.03855526,0.0012847099216383442
1561.35,0.0370506,0.00282742,0.03885500000000001,0.0012962511155451323
1569.16,0.0367048,0.002827,0.038393800000000006,0.0012941045935132138
1577.0,0.039806,0.00296605,0.03714246,0.0012781419709140295
1584.89,0.0371221,0.0028719,0.037249279999999996,0.0012854574642733223
1592.81,0.0350288,0.00279458,0.036269739999999995,0.0012735108821882912
1600.78,0.0375847,0.00290915,0.034761520000000004,0.0012509892895768533
1608.78,0.0318071,0.00268843,0.03457934,0.001252967569896364
1616.83,0.0322649,0.00271589,0.03494184,0.001265850449358059
1624.91,0.0362112,0.00289338,0.0341032,0.0012560465133266362
1633.03,0.0368413,0.00293614,0.03550788,0.001286483119998082
1641.2,0.0333915,0.0028009,0.03587866,0.001297440741264124
1649.41,0.0388305,0.00302693,0.035864839999999995,0.0013010583148652484
1657.65,0.0341188,0.00284322,0.03593022,0.0013075076766963932
1665.94,0.0361421,0.00293371,0.03632946,0.0013183277256888742
1674.27,0.0371682,0.00300691,0.035848960000000006,0.0013148568999796135
1682.64,0.0353877,0.00292495,0.035597920000000005,0.001315237718157444
1691.06,0.036428,0.00298895,0.03575326,0.0013232963193480136
1699.51,0.0328636,0.00284762,0.03524822,0.0013184644906678374
1708.01,0.0369188,0.00302295,0.03560042,0.001332637070201786
1716.55,0.034643,0.00295337,0.03482424,0.0013228770813616811
1725.13,0.0371487,0.00308134,0.03494220000000001,0.0013304131702865842
1733.76,0.0325471,0.00287852,0.0338873,0.0013155262654040776
1742.43,0.0334534,0.00293408,0.033741740000000006,0.0013167002260757762
1751.14,0.0316443,0.00285543,0.03312396000000001,0.0013068510633886326
1759.89,0.0339152,0.00296642,0.03289398,0.0013063985269587532
1768.69,0.0340598,0.00297467,0.03185334,0.0012892127029640998
1777.54,0.0313972,0.00287338,0.03239506,0.0013048674690143824
1786.42,0.0282502,0.00273745,0.03277502,0.0013181983440180769
1795.36,0.0343529,0.00302799,0.03305092,0.001329878459586439
1804.33,0.035815,0.00311028,0.03456408,0.0013650782557641157
1813.35,0.0354393,0.00310192,0.036694000000000004,0.0014101363203109123
1822.42,0.038963,0.00326004,0.03724952,0.0014256626356386002
1831.53,0.0388998,0.0032588,0.03666352,0.0014179591871362166
1840.69,0.0371305,0.0032046,0.03621692,0.001413745616365264
1849.89,0.032885,0.00302096,0.0361772,0.0014179766419627653
1859.14,0.0332063,0.00305346,0.03625958,0.001426162305446333
1868.44,0.0387644,0.00330566,0.03534992,0.0014126941238541343
1877.78,0.0393117,0.00334691,0.03525338,0.001416572734858327
1887.17,0.0325822,0.00305182,0.03509638,0.0014182792122427797
1896.61,0.0324023,0.00306603,0.03410156,0.0014023228128202151
1906.09,0.0324213,0.0030732,0.033204700000000004,0.0013882078526243828
1915.62,0.0337903,0.00313085,0.03333304,0.0013959673122734644
1925.2,0.0348274,0.00319642,0.03395,0.0014131337283144862
1934.82,0.0332239,0.00313906,0.034313920000000005,0.001424596993411119
1944.5,0.0354871,0.0032567,0.03490686,0.0014431214818233424
1954.22,0.0342409,0.00320278,0.03443972,0.0014386460718675735
1963.99,0.036755,0.00333621,0.03508876,0.001455784245916956
1973.81,0.0324917,0.00314558,0.03508744,0.0014596785040083312
1983.68,0.0364691,0.00333074,0.034648200000000004,0.0014538989019199375
1993.6,0.0354805,0.00329999,0.034446000000000004,0.0014531552273724924
2003.57,0.0320447,0.00313637,0.034559000000000006,0.0014596853443533645
2013.59,0.035744,0.0033281,0.03331832,0.0014391471948761877
2023.65,0.0330567,0.00322028,0.032939420000000004,0.0014369577003572511
2033.77,0.0302657,0.00309926,0.03399536,0.0014663399869689155
2043.94,0.033586,0.00327605,0.03422186,0.001477117577726296
2054.16,0.0373244,0.00345969,0.034297140000000004,0.0014825635938441224
2064.43,0.0368765,0.00344519,0.03480318,0.0014962947423659552
2074.75,0.0334331,0.00328225,0.0341897,0.001486811501316828
2085.13,0.0327959,0.00326006,0.03306718,0.0014666141294164595
2095.55,0.0305186,0.00316627,0.03315516,0.001474600756151983
2106.03,0.0317118,0.003237,0.03397778,0.0014987646179103642
2116.56,0.0373164,0.00352939,0.035193840000000004,0.001531576110521446
2127.14,0.0375462,0.00354533,0.03593434,0.0015519896592890044
2137.78,0.0388762,0.00362129,0.03607296,0.0015594074267926265
2148.47,0.0342211,0.00340572,0.03530962,0.0015474168463397314
2159.21,0.0324049,0.00332493,0.035424960000000005,0.0015560482473496765
2170.01,0.0334997,0.00339489,0.03496388,0.0015509607274718467
2180.86,0.0381229,0.00363855,0.03427500000000001,0.0015395543020497848
2191.76,0.0365708,0.00356631,0.034227820000000006,0.0015427232133030217
2202.72,0.0307767,0.00327378,0.03449356,0.0015535314494660223
2213.73,0.032169,0.00336145,0.03452576,0.001559285364446162
2224.8,0.0348284,0.00351595,0.035331800000000003,0.0015835294637220995
2235.93,0.0382839,0.00369957,0.03726562,0.0016327418551136611
2247.11,0.040601,0.00382406,0.037863820000000006,0.0016502501201151297
2258.34,0.0404458,0.00383075,0.03748482,0.0016450432276277726
2269.63,0.03516,0.0035688,0.037184,0.0016436610916682308
2280.98,0.0329334,0.00345441,0.037855200000000006,0.0016636845361534141
2292.39,0.0367798,0.00368418,0.037766520000000005,0.001666174501995514
2303.85,0.043957,0.00403473,0.03869214000000001,0.001691229980027554
2315.37,0.0400024,0.00385771,0.03869268000000001,0.0016957210153312366
2326.94,0.0397881,0.00385219,0.03779232,0.0016794845240549257
2338.58,0.0329361,0.00350902,0.03567004000000001,0.001636672577945876
2350.27,0.032278,0.0034933,0.034550800000000007,0.0016165350884332825
2362.02,0.0333456,0.00356788,0.033098180000000005,0.001588614736300781
2373.83,0.0344062,0.00363925,0.03313126,0.0015951641840299701
2385.7,0.032525,0.00354995,0.033943,0.0016183309243526186
2397.63,0.0331015,0.00358253,0.03391314,0.001621039630651885
2409.62,0.0363367,0.00375024,0.03328512,0.0016086960765874952
2421.67,0.0331963,0.00359849,0.03386982,0.0016271518133315036
2433.77,0.0312661,0.00349964,0.03361718,0.0016258426683956845
2445.94,0.0354485,0.00375435,0.03167658,0.0015838287824408294
2458.17,0.0318383,0.00356764,0.03094434,0.0015695712680219398
2470.46,0.0266337,0.00327002,0.03203268000000001,0.0016037476469943767
2482.82,0.0295351,0.00343877,0.0314917,0.0015950045136111685
2495.23,0.0367078,0.00386766,0.0320356,0.0016128676369125895
2507.71,0.0327436,0.00366005,0.033803780000000005,0.0016606136535281166
2520.25,0.0345578,0.00376306,0.034492060000000005,0.0016825791025755668
2532.85,0.0354746,0.00382105,0.034354340000000004,0.0016839687003920231
2545.51,0.0329765,0.00369608,0.034710279999999996,0.0016981594365370997
2558.24,0.0360192,0.00388275,0.0347397,0.0017044391272004993
2571.03,0.0345233,0.00382045,0.03403536,0.0016930877143101594
2583.88,0.0347049,0.00383338,0.03404872,0.0016984418353585148
2596.8,0.0319529,0.00369273,0.03453614,0.0017175632524806764
2609.79,0.0330433,0.00375699,0.03433562,0.0017186501211916287
2622.84,0.0384563,0.00408763,0.034790100000000004,0.0017354612936657503
2635.95,0.0335207,0.00383265,0.036251660000000005,0.0017771644632053614
2649.13,0.0369773,0.00401827,0.03623564,0.0017824564072582536
2662.38,0.0392607,0.00415914,0.03480922,0.0017502931594175874
2675.69,0.0329632,0.00381915,0.03463654,0.001748580843297787
2689.07,0.0313242,0.00372399,0.03348872,0.0017229755872466678
2702.51,0.0326573,0.00381306,0.0317766,0.001681953353939401
2716.02,0.0312382,0.00373152,0.0318748,0.0016886144303753891
2729.61,0.0307001,0.00371571,0.032095,0.0016985140229482947
2743.25,0.0334542,0.00389194,0.03221828,0.001706662442919513
2756.97,0.0324252,0.00383489,0.03183772,0.0017004061935643497
2770.75,0.0332737,0.00390296,0.03086304,0.0016771226642520814
2784.61,0.0293354,0.00365942,0.0301277,0.001661490074622175
2798.53,0.0258267,0.003441,0.02963982,0.001654407537980893
2812.52,0.0297775,0.00372054,0.029610760000000003,0.0016591644706417745
2826.59,0.0299858,0.00375756,0.030237500000000004,0.0016829612738943223
2840.72,0.0331284,0.00395312,0.031226700000000003,0.0017168958009127987
2854.92,0.0324691,0.00392169,0.031882600000000004,0.0017420023502923293
2869.2,0.0307727,0.00383729,0.03190678,0.001746873809974836
2883.54,0.033057,0.00400168,0.031309540000000004,0.0017364606369175202
2897.96,0.0301067,0.00381368,0.03162432,0.0017507336027562845
2912.45,0.0301422,0.00383671,0.03254598,0.0017812825171925986
2927.01,0.034043,0.00407725,0.032616160000000005,0.0017869391607617756
2941.65,0.035381,0.004174,0.034534300000000004,0.0018423027570320788
2956.36,0.0334079,0.00406424,0.0349772,0.001855667136751632
2971.14,0.0396974,0.0044235,0.03562258,0.0018768415815992568
2985.99,0.0323567,0.00399448,0.034690620000000005,0.0018563772860644464
3000.92,0.0372699,0.00431275,0.03406764000000001,0.0018449310328161321
3015.93,0.0307212,0.00393857,0.03255702,0.0018108220341690126
3031.01,0.030293,0.00393178,0.0317025,0.0017941091842839443
3046.16,0.0321443,0.00405586,0.02990548,0.0017475337128501985
3061.39,0.0280841,0.00380127,0.029509360000000005,0.0017400920733823253
3076.7,0.0282848,0.00380473,0.03143344,0.0018002702805323429
3092.08,0.0287406,0.00385532,0.03221426,0.0018270485110253643
3107.54,0.0399134,0.00455908,0.03346996000000001,0.0018651932875763844
3123.08,0.0360484,0.00434492,0.03547168,0.0019253769663574976
3138.7,0.0343626,0.00423918,0.0368293,0.0019673361390682583
3154.39,0.0382934,0.00449213,0.03600956,0.0019520389635465786
3170.16,0.0355287,0.0043528,0.03650696,0.0019710920423541872
3186.01,0.0358147,0.00439162,0.03777994,0.0020142465713313255
3201.94,0.0385354,0.00455489,0.037509020000000004,0.0020156383481190272
3217.95,0.0407275,0.00471914,0.037248859999999995,0.0020136601693701945
3234.04,0.0369388,0.00450771,0.037627179999999996,0.002027487698314345
3250.21,0.0342279,0.00432985,0.037589040000000004,0.00203302397159699
3266.47,0.0377063,0.00454789,0.03599372000000001,0.001994348063404179
3282.8,0.0383447,0.00461617,0.0358469,0.0019958365537137554
3299.21,0.0327509,0.00428675,0.03640932,0.002019001515165355
3315.71,0.0362047,0.00452415,0.03558138,0.0020031963499647257
3332.29,0.03704,0.0045905,0.03406456000000001,0.001966782588040681
3348.95,0.0335666,0.00436967,0.03443782,0.0019830909223996765
3365.69,0.0307606,0.00420654,0.03429088,0.001983833349235767
3382.52,0.0346172,0.00447064,0.03327998,0.0019594645016932557
3399.43,0.03547,0.00453228,0.033313579999999995,0.001967851506958795
3416.43,0.0319855,0.00432092,0.03418364,0.001997941142209149
3433.51,0.0337346,0.0044629,0.033254740000000005,0.001975340133851383
3450.68,0.0351109,0.00454733,0.03250122,0.0019585573590385347
3467.93,0.0299727,0.00421208,0.032690659999999996,0.0019700583001911387
3485.27,0.0317024,0.00434638,0.031969840000000006,0.0019523134839856023
3502.7,0.0329327,0.00444971,0.0321963,0.00196608866996888
3520.21,0.0301305,0.0042635,0.0342238,0.0020327466715181213
3537.81,0.0362432,0.00469336,0.034918040000000004,0.002060325608564821
3555.5,0.0401102,0.00494019,0.03549028,0.002085335795779663
3573.28,0.0351736,0.00465973,0.0358242,0.0021032021032692033
3591.15,0.0357939,0.00473202,0.0346245,0.002074416047558445
3609.1,0.0318001,0.00447753,0.03363904,0.002053766415228373
3627.15,0.0302447,0.00436133,0.0334941,0.002056044670560443
3645.28,0.0351829,0.00471957,0.03366294,0.00206433405109832
3663.51,0.0344489,0.00468478,0.03416128,0.002084858940845639
3681.83,0.0366381,0.0048214,0.03524004,0.0021246415717875804
3700.24,0.0342918,0.00470928,0.03479244,0.002115842526516565
3718.74,0.0356385,0.00481745,0.03382634,0.0020931850729173475
3737.33,0.0329449,0.00461969,0.03399062,0.0021070056356972565
3756.02,0.0296184,0.00442301,0.03347718,0.0020954923002063264
3774.8,0.0374595,0.00496962,0.03311728,0.002088072363607162
3793.67,0.0317246,0.00457905,0.03279016,0.0020840134552828587
3812.64,0.033839,0.00473622,0.03296528,0.0020939630679245513
3831.7,0.0313093,0.00457364,0.031795920000000005,0.0020645102097204557
3850.86,0.030494,0.00453897,0.03251202,0.0020959922909982278
3870.12,0.0316127,0.00465136,0.03347844,0.0021352069148876415
3889.47,0.0353051,0.00492364,0.03493632,0.0021858227419248796
3908.92,0.0386711,0.00515557,0.036678020000000006,0.0022461969730146105
3928.46,0.0385987,0.00513673,0.036920800000000004,0.002257787761060813
3948.1,0.0392025,0.00522415,0.036024139999999996,0.002232450148374203
3967.84,0.0328266,0.0047896,0.0344995,0.002189575724701934
3987.68,0.0308218,0.00462579,0.03295588,0.0021471085084103225
4007.62,0.0310479,0.00467334,0.03120138,0.002094836088764942
4027.66,0.0308806,0.0046671,0.032247700000000004,0.0021395385224052405
4047.8,0.03043,0.00466351,0.03365292,0.002195788660938935
4068.04,0.0380582,0.00526046,0.03523472,0.0022540462496994157
4088.38,0.0378479,0.00524352,0.03575334,0.0022784047737397324
4108.82,0.0389569,0.00532175,0.037709820000000005,0.002348188006675786
4129.36,0.0334737,0.00495398,0.038496260000000004,0.002376529767881732
4150.01,0.0402124,0.00546075,0.03715778,0.00233924951762483
4170.76,0.0419904,0.00556957,0.034899360000000004,0.0022725231878623375
4191.61,0.0311555,0.00480618,0.03551642,0.0022971224690799576
4212.57,0.0276648,0.00454179,0.035873300000000004,0.00231502563222354
4233.63,0.036559,0.00522993,0.03406724,0.002262473711191359
4254.8,0.0419968,0.0056466,0.03295252,0.00223129446190681
4276.08,0.0329601,0.00500062,0.03330934000000001,0.0022496547544447795
4297.46,0.0255819,0.0044268,0.03209248000000001,0.0022169891913394616
4318.94,0.0294489,0.00476284,0.030112580000000003,0.002156758862464694
4340.54,0.0304747,0.00486873,0.029982300000000003,0.0021614300729859387
4362.24,0.0320973,0.00502974,0.031318320000000004,0.0022182408041608107
4384.05,0.0323087,0.00505079,0.03384684,0.0023147242184588645
4405.97,0.032262,0.00508103,0.035807460000000006,0.0023879440345200725
4428.0,0.0420915,0.00579815,0.036397360000000004,0.002413599148164417
4450.14,0.0402778,0.00568443,0.03711880000000001,0.00244207676010399
4472.39,0.0350468,0.00532709,0.03724192,0.002450024590367207
4494.75,0.0359159,0.00538214,0.03634226,0.002428365585348302
4517.23,0.0328776,0.0051758,0.0360937,0.0024267766039032103
4539.81,0.0375932,0.0055657,0.036573940000000006,0.002447754202715624
4562.51,0.039035,0.00566744,0.03789138,0.0025002359072023583
4585.33,0.037448,0.00556186,0.04031718,0.0025826863945248944
4608.25,0.0425031,0.00595478,0.040105100000000005,0.002578576176451648
4631.29,0.0450066,0.0061046,0.038223759999999996,0.002522936439210469
4654.45,0.0365328,0.00551785,0.0369925,0.002489029689149569
4677.72,0.0296283,0.00500237,0.0334813,0.002372068945934751
4701.11,0.0312917,0.00516583,0.031043440000000002,0.002295624105382238
4724.62,0.0249471,0.00460928,0.030779320000000002,0.0022974079804179317
4748.24,0.0328173,0.00532406,0.032079760000000006,0.0023532896635799
4771.98,0.0352122,0.00553638,0.032193860000000005,0.0023654158245796867
4795.84,0.0361305,0.00561435,0.034037880000000006,0.0024410408014697337
4819.82,0.0318622,0.00530248,0.034691860000000005,0.0024693978042251512
4843.92,0.0341672,0.00550751,0.03463204,0.002470951200860106
4868.14,0.0360872,0.00564152,0.034666140000000005,0.0024778201841473483
4892.48,0.0349131,0.00555368,0.03540828000000001,0.0025079777586430067
4916.94,0.036301,0.00568953,0.035835740000000005,0.0025249324347253336
4941.53,0.0355729,0.00564582,0.035693020000000006,0.002527004814373728
4966.23,0.0363045,0.00569789,0.0354211,0.0025249687584974197
4991.07,0.0353736,0.00566467,0.03465982,0.002501527700617365
5016.02,0.0335535,0.00553048,0.03396934,0.002483082566923621
5041.1,0.0324946,0.00542449,0.03401182,0.0024934747984248808
5066.31,0.0321205,0.00543845,0.03437492,0.0025130010552763407
5091.64,0.0365169,0.00581024,0.03532892,0.002552783369340219
5117.1,0.0371891,0.00587643,0.036704520000000004,0.002610814426831597
5142.68,0.0383235,0.00596862,0.036868820000000004,0.0026220519488537983
5168.4,0.0393726,0.00607588,0.036587480000000006,0.002618753462924679
5194.24,0.032942,0.00557197,0.037018180000000005,0.0026427930551800685
5220.21,0.0351102,0.00577293,0.03550792,0.0025967689897124077
5246.31,0.0393426,0.00613959,0.03448664,0.0025686267189983054
5272.54,0.0307722,0.0054402,0.03513622,0.0026031371658274175
5298.9,0.0342662,0.00576907,0.03498674,0.0026041332380690512
5325.4,0.0361899,0.00595893,0.03387068,0.0025665735959516144
5352.03,0.0343628,0.00578415,0.0351291,0.0026170739441964573
5378.79,0.0337623,0.00573056,0.03505682,0.002616501061148648
5405.68,0.0370643,0.00601167,0.03540066,0.002631518399785949
5432.71,0.0339048,0.00576257,0.03660344,0.0026823393499659956
5459.87,0.0379091,0.00612202,0.03690542,0.00270385042484454
5487.17,0.0403767,0.00634096,0.03732794,0.002731237232446131
5514.61,0.0352722,0.00597795,0.039218460000000004,0.0028085659786659814
5542.18,0.0391769,0.00631359,0.03882572,0.0027991610263755815
5569.89,0.0433574,0.00662698,0.038403240000000005,0.002787660530466362
5597.74,0.0359454,0.00601337,0.03925482,0.0028236091756077006
5625.73,0.0382643,0.00621301,0.039294640000000006,0.002826968438804367
5653.86,0.0395301,0.00638583,0.0371961,0.0027552194226493102
5682.13,0.039376,0.00635106,0.036368700000000004,0.0027339784274554913
5710.54,0.0328647,0.00582271,0.0358876,0.002728539913486332
5739.09,0.0318084,0.00576591,0.03566736,0.0027271706122969277
5767.79,0.0358588,0.00615295,0.03717538,0.002794835586082301
5796.62,0.0384289,0.00637119,0.039756620000000006,0.002897180222102864
5825.61,0.0469161,0.0070482,0.041905080000000004,0.002979411376467506
5854.74,0.0457709,0.00696187,0.04158014,0.0029716900033987395
5884.01,0.0425507,0.00673251,0.039242580000000006,0.002887896580028447
5913.43,0.0342341,0.00605888,0.036949380000000004,0.0028048456873710536
5943.0,0.0267411,0.00532139,0.03569146,0.00276186058011841
5972.71,0.0354501,0.00615284,0.036060840000000004,0.0027794970321739867
6002.57,0.0394813,0.00651809,0.03788952,0.0028522298789760967
6032.59,0.0443976,0.00691158,0.04030182,0.0029522381648904956
6062.75,0.0433775,0.00685203,0.04106882,0.0029943431702722386
6093.06,0.0388026,0.00654443,0.042707600000000005,0.003063792196756823
6123.53,0.0392851,0.00664206,0.04340962,0.0031017749694050986
6154.15,0.0476752,0.00728037,0.0423919,0.0030748592452871726
6184.92,0.0479077,0.00732288,0.041552160000000005,0.0030479915569266267
6215.84,0.0382889,0.00654172,0.04070952,0.0030193253636950092
6246.92,0.0346039,0.00622229,0.0387521,0.0029548765415793603
6278.16,0.0350719,0.00630625,0.037847820000000004,0.0029252908138139018
6309.55,0.0378881,0.0065862,0.03776484,0.0029291140162083142
6341.09,0.0433863,0.00701964,0.03841842,0.0029629721119241066
6372.8,0.037874,0.00658435,0.03955782,0.003013193601874264
6404.66,0.0378718,0.00661092,0.04027576,0.0030439445731445243
6436.69,0.0407689,0.00687547,0.03954978,0.0030222910069667348
6468.87,0.0414778,0.0069307,0.03979858,0.0030398321132305973
6501.22,0.0397564,0.0067817,0.040482359999999995,0.0030712386306908815
6533.72,0.039118,0.00678322,0.04019626,0.003063141985153153
6566.39,0.0412907,0.00696437,0.042405439999999996,0.003155175358779921
6599.22,0.0393384,0.00678457,0.0421272,0.00315489083626296
6632.22,0.0525237,0.00789569,0.04215616,0.003161969030616207
6665.38,0.0383652,0.00677839,0.042017200000000005,0.0031632722866677156
6698.71,0.0392628,0.00686512,0.0414054,0.0031460000396567067
6732.2,0.0405959,0.00697915,0.039358040000000004,0.0030768059743149227
6765.86,0.0362794,0.00658073,0.04019682,0.0031190704829855962
6799.69,0.0422869,0.00718174,0.04064326000000001,0.0031462009355729334
6833.69,0.0425591,0.00724522,0.040419580000000004,0.003146426345609253
6867.86,0.041495,0.00716794,0.041483700000000005,0.0031963033717549404
6902.2,0.0394775,0.00698169,0.040879399999999996,0.0031797680988940057
6936.71,0.0416,0.00715646,0.03977684,0.0031400121303192447
6971.39,0.0392654,0.00699583,0.03819774,0.0030787782501154578
7006.25,0.0370463,0.00679794,0.03677022,0.00302631681805458
7041.28,0.0335995,0.00646988,0.036111279999999996,0.0030070948387638193
7076.49,0.0323399,0.00638255,0.03560294,0.0029904732159877307
7111.87,0.0383053,0.00695094,0.03518912,0.0029766261906917367
7147.43,0.0367237,0.00681538,0.03532648000000001,0.0029860934346064927
7183.16,0.0349772,0.00664427,0.03584266,0.0030069971944922066
7219.08,0.0342863,0.00657804,0.035657760000000004,0.003005715731691206
7255.18,0.0349208,0.00662336,0.0368241,0.003064667285136186
7291.45,0.0373808,0.00693707,0.03848936,0.00314484809147469
7327.91,0.0425554,0.00744284,0.03902602,0.003176476006999581
7364.55,0.0433035,0.00752286,0.04030732,0.0032388945964362593
7401.37,0.0369696,0.00694758,0.04152410000000001,0.0032943067489339855
7438.38,0.0413273,0.00734029,0.041030540000000004,0.0032808378536239797
7475.57,0.0434647,0.00756131,0.0404103,0.003263813410210823
7512.95,0.0400876,0.00729259,0.04170526000000001,0.003323156130556011
7550.51,0.0402023,0.00733539,0.04278846000000001,0.003373157757515648
7588.26,0.0434444,0.00761847,0.04238766000000001,0.0033597436376074886
7626.21,0.0467433,0.0078899,0.04321428000000001,0.0033954354607672933
7664.34,0.0414607,0.0074105,0.04440634,0.0034448907143344912
7702.66,0.0442207,0.00769477,0.04528836,0.0034838854968451535
7741.17,0.0461626,0.00789083,0.04534142000000001,0.003497284437737944
7779.88,0.0478545,0.00804958,0.045749420000000006,0.003526285570806766
7818.78,0.0470086,0.00803673,0.04592774000000001,0.0035427863132822452
7857.87,0.0435007,0.00774647,0.04772258000000001,0.003618063084873452
7897.16,0.0451123,0.00788198,0.04788006,0.0036367881183390375
7936.65,0.0551368,0.00870295,0.0485294,0.003669937479302883
7976.33,0.0486419,0.00825784,0.050496700000000005,0.003894666893324254
8016.21,0.0502553,0.00840502,0.05214168,0.0040967922656073245
8050.87,0.0533372,0.0101246,0.05178176,0.004225441317287462
