energy_cm-1,relative_intensity_difference_H_minus_D
-20.1034,-1.3494392348800621
-19.9824,-0.9972062720671746
-19.8614,-0.6822370377823715
-19.7404,-0.48833795656084034
-19.6194,-0.5644715136283375
-19.4985,-0.6232941801662003
-19.3775,-0.7961335512382129
-19.2565,-0.7292335152284557
-19.1355,-0.6576373985984635
-19.0145,-0.5397990921929867
-18.8935,-0.5201571810089456
-18.7726,-0.5585053473626865
-18.6516,-0.4547724082900063
-18.5306,-0.4227972450914673
-18.4096,-0.46266216283145506
-18.2886,-0.5800424823629271
-18.1676,-0.5850876643458077
-18.0467,-0.42497237487138095
-17.9257,-0.4230690101748517
-17.8047,-0.5344191556958366
-17.6837,-0.6395054343174971
-17.5627,-0.7304783490772035
-17.4417,-0.6349412600602508
-17.3208,-0.5645395756190476
-17.1998,-0.5927483025356677
-17.0788,-0.6823384924592728
-16.9578,-0.8139768806710449
-16.8368,-0.7150723749505343
-16.7158,-0.7140766897446461
-16.5949,-0.545835746765531
-16.4739,-0.4468959685719567
-16.3529,-0.3691293502326438
-16.2319,-0.4467628080367053
-16.1109,-0.5730425547059416
-15.9899,-0.5166387754596203
-15.869,-0.529977250117969
-15.748,-0.4099640091037111
-15.627,-0.445636261997553
-15.506,-0.38911149128388334
-15.385,-0.4128383079839306
-15.264,-0.43386246382039595
-15.1431,-0.41562514500129766
-15.0221,-0.41513745731627893
-14.9011,-0.31073609501968846
-14.7801,-0.27917283145258676
-14.6591,-0.27853880575905643
-14.5381,-0.35420088554392803
-14.4172,-0.3932293470680851
-14.2962,-0.42742142597532073
-14.1752,-0.47766311441799836
-14.0542,-0.46655503314722335
-13.9332,-0.7751722304289146
-13.8122,-0.8389310666128844
-13.6913,-0.8729801207852748
-13.5703,-0.5094602820633436
-13.4493,-0.17162139177812263
-13.3283,-0.13313644744559983
-13.2073,-0.2802916937714004
-13.0863,-0.5151314329030383
-12.9654,-0.48353896481566316
-12.8444,-0.22058812458003763
-12.7234,-0.21016424563521352
-12.6024,-0.4315548871340371
-12.4814,-0.6396727094672954
-12.3604,-0.5689850117652364
-12.2395,-0.49539886966271296
-12.1185,-0.6235092040778238
-11.9975,-0.6191881877671408
-11.8765,-0.4931270806916759
-11.7555,-0.3461741140807655
-11.6345,-0.42452475119035626
-11.5136,-0.5054774072009609
-11.3926,-0.30161387243874027
-11.2716,-0.054427768993245085
-11.1506,0.019802274817652288
-11.0296,-0.10074056022629851
-10.9086,-0.27267743537662614
-10.7877,-0.14619212695129846
-10.6667,-0.11596940010152301
-10.5457,-0.33813005146256847
-10.4247,-0.42420940128271445
-10.3037,-0.328187116828663
-10.1828,-0.05551743198508263
-10.0618,0.03024995924201157
-9.94078,0.001977522766879236
-9.8198,-0.07807688913895561
-9.69882,-0.13338108120263814
-9.57783,-0.12715253470345567
-9.45685,0.10390365775859789
-9.33587,0.20972712415489547
-9.21488,0.028065716396356244
-9.0939,-0.052031080556291354
-8.97292,-0.23673419015105734
-8.85194,-0.1364258896979842
-8.73095,-0.1020014209908846
-8.60997,0.091551076097798
-8.48899,0.3447984961550823
-8.368,0.4494938711060912
-8.24702,0.26456193972583364
-8.12604,-0.053571213792959815
-8.00505,-0.33903908269437033
-7.88407,-0.23698190886966586
-7.76309,-0.06175998290122431
-7.6421,-0.10634382811361887
-7.52112,-0.07719936980129671
-7.40014,-0.29549259805595574
-7.27915,-0.26344007482327636
-7.15817,-0.12448681087958313
-7.03719,-0.0544568009887576
-6.9162,0.02546452933656873
-6.79522,-0.049466880431280114
-6.67424,0.2218674711971107
-6.55326,0.1463714178606148
-6.43227,0.15626757222667953
-6.31129,0.14364766216763325
-6.19031,0.3419097064722223
-6.06932,0.20230064293061334
-5.94834,-0.010778399663053051
-5.82736,-0.1460900247649537
-5.70637,-0.22623555029956277
-5.58539,-0.29524660248042967
-5.46441,-0.1917890416107424
-5.34342,0.0868605621610854
-5.22244,0.23754567769966384
-5.10146,0.17083053175069152
-4.98047,0.07948116102810765
-4.85949,0.15257370911496393
-4.73851,0.18274337631963533
-4.61752,-0.021760375449098035
-4.49654,-0.08459809282790776
-4.37556,-0.22936829669510628
-4.25457,0.009858512381109907
-4.13359,-0.11387966835954755
-4.01261,-0.3081004040380382
-3.89163,-0.6122317404381343
-3.77064,-0.6915685910026079
-3.64966,-0.8528425602022818
-3.52868,-0.8658239315220619
-3.40769,0.11714279264206162
-3.28671,1.8810000528209034
-3.16573,2.762569314682212
-3.04474,3.9690874431842396
-2.92376,5.737762424835299
-2.80278,8.879142093587383
-2.68179,12.056260951758333
-2.56081,15.129077530833936
-2.43983,17.370283282208604
-2.31884,18.730768799704023
-2.19786,21.805013667312707
-2.07688,27.466999679515723
-1.95589,34.6811344087004
-1.83491,41.766082060506164
-1.71393,48.408232902589845
-1.59295,54.3765826724845
-1.47196,59.415870357240635
-1.35098,62.97619119133495
-1.23,66.00789194491512
-1.10901,70.46319675715398
-0.988029,77.29794665593087
-0.867046,87.61772203929226
-0.746063,99.0273036856268
-0.62508,109.4498326239709
-0.504097,118.36995797436174
-0.383113,123.23092242324293
-0.26213,125.00375969637233
-0.141147,121.24571027391463
-0.0201639,116.6583963731374
0.100819,111.00754518098589
0.221802,105.7545819430702
0.342786,94.72362962544108
0.463769,79.44306514556357
0.584752,60.03903935164854
0.705735,40.32670954095414
0.826718,21.90740656264441
0.947701,5.721771152257418
1.06868,-6.907730611280158
1.18967,-15.31722452796786
1.31065,-21.025950197286612
1.43163,-23.292132068256112
1.55262,-24.672682361994145
1.6736,-25.600391835853507
1.79458,-25.413123178882984
1.91557,-23.574284084809538
2.03655,-20.95735417822165
2.15753,-17.946325357308474
2.27852,-15.902259838881024
2.3995,-12.45280928534261
2.52048,-10.317883116796843
2.64147,-7.584908410748372
2.76245,-5.516815408608621
2.88343,-4.12243901518619
3.00442,-2.9558800102732725
3.1254,-2.969067099278621
3.24638,-2.2173684435973895
3.36736,-2.3743399705395793
3.48835,-2.4487773867804803
3.60933,-2.7725382320761316
3.73031,-3.2689744818284936
3.8513,-3.3076071665798263
3.97228,-4.272252464324469
4.09326,-4.849330961723554
4.21425,-5.561145395266529
4.33523,-5.940559723759192
4.45621,-5.907345996576092
4.5772,-6.049061930476515
4.69818,-5.438944875675885
4.81916,-5.420676453428074
4.94015,-5.559200949683467
5.06113,-5.487183556227384
5.18211,-5.82624551714119
5.3031,-5.080853285990333
5.42408,-5.111730771729716
5.54506,-4.660272154365494
5.66605,-5.20548137887152
5.78703,-5.28212006198555
5.90801,-5.712926555298145
6.02899,-5.5864330077753745
6.14998,-5.518916729946675
6.27096,-5.954437076036637
6.39194,-5.500688442652624
6.51293,-5.492273375923688
6.63391,-4.734444740953375
6.75489,-5.249320978707356
6.87588,-5.2591720133562365
6.99686,-5.291521538471796
7.11784,-5.055967329710391
7.23883,-5.347085677310638
7.35981,-5.838963188139973
7.48079,-6.186665176689301
7.60178,-6.41723269606779
7.72276,-6.6193013082579135
7.84374,-7.069742723906572
7.96473,-7.2729252837019
8.08571,-7.215136103993563
8.20669,-6.491709237609845
8.32767,-5.711010469575244
8.44866,-4.777292194672885
8.56964,-4.1888130271739925
8.69062,-3.547326595086509
8.81161,-3.221367749634658
8.93259,-2.965185658948748
9.05357,-2.815415877722894
9.17456,-2.3092386273126593
9.29554,-2.0889127294405347
9.41652,-2.0598530494989333
9.53751,-1.9857114621864373
9.65849,-1.8242330306474943
9.77947,-1.403656596893323
9.90046,-1.3734224392275758
10.0214,-1.1509930211769506
10.1424,-1.047658759384575
10.2634,-1.1175923506672765
10.3844,-1.2363661512979622
10.5054,-1.2708099695585602
10.6264,-0.9142780123891376
10.7473,-0.7169347278069986
10.8683,-0.6364229064188052
10.9893,-0.7122503192840146
11.1103,-0.5348856071113135
11.2313,-0.42578034135092224
11.3523,-0.33646579843698365
11.4732,-0.38454884024105795
11.5942,-0.44867477445427606
11.7152,-0.5829739666095973
11.8362,-0.7096429257879413
11.9572,-0.7385979050347685
12.0782,-0.601196950499461
12.1991,-0.3626384867336109
12.3201,-0.24979506977453103
12.4411,-0.25665833779086156
12.5621,-0.48944744713610944
12.6831,-0.5735607827893748
12.8041,-0.5544145850301437
12.925,-0.4327409076405261
13.046,-0.26400755601092873
13.167,-0.27930417347207603
13.288,-0.23272234664367986
13.409,-0.259512636026924
13.53,-0.32987230385666577
13.6509,-0.39734436313469945
13.7719,-0.4419532413639732
13.8929,-0.41382969753158183
14.0139,-0.3191699269196381
14.1349,-0.16915294028289574
14.2559,-0.18958010939583203
14.3768,-0.1922609853882593
14.4978,-0.2942632885603955
14.6188,-0.20913974112011247
14.7398,-0.19486292079760137
14.8608,-0.18028562562568906
14.9817,-0.12404696717207164
15.1027,-0.21848720262563115
15.2237,-0.19333877931738486
15.3447,-0.20445326622292725
15.4657,-0.13744672522505808
15.5867,-0.25577614804253124
15.7076,-0.3167975770056648
15.8286,-0.3531319410310495
15.9496,-0.3825119242214129
16.0706,-0.2511493140748934
16.1916,-0.18114654026928534
16.3126,-0.026577137261682315
16.4335,-0.08065268396835223
16.5545,-0.16261771987307838
16.6755,-0.18628300533249698
16.7965,-0.29726196469673183
16.9175,-0.2764439559371231
17.0385,-0.17279551129320636
17.1594,0.03001805947598979
17.2804,0.11244383738297592
17.4014,0.16349192542184415
17.5224,0.04619625950363915
17.6434,0.09720591708832804
17.7644,-0.04631432841642169
17.8853,0.00040284385880751117
18.0063,-0.16757856269983296
18.1273,-0.1326529483002598
18.2483,-0.12394589230811959
18.3693,0.0017432694010336425
18.4903,0.048013563944335425
18.6112,0.0667245758644891
18.7322,-0.05319426611945899
18.8532,-0.11074780658091188
18.9742,-0.08609223770601526
19.0952,0.0015186269034945798
19.2162,0.004558054303770431
19.3371,-0.1353757844437964
19.4581,-0.16987664433944882
19.5791,-0.23804807285021656
19.7001,-0.3030973785917722
19.8211,-0.2863209366149657
19.9421,-0.2208807732310381
20.063,-0.0591077389268585
20.184,-0.07185678867572193
20.305,-0.13238571643258518
20.426,-0.1910335574292628
20.547,-0.1491701798490988
20.668,-0.060469237005329635
20.7889,-0.014957366840425257
20.9099,0.06941313615914046
21.0309,0.12903930719429701
21.1519,0.06331332000199641
21.2729,-0.0067540308376431435
21.3939,-0.05936750547622616
21.5148,-0.016769608379763934
21.6358,-0.06660882131843981
21.7568,-0.1175202397763409
21.8778,-0.18022607434703697
21.9988,-0.11909742996325312
22.1198,-0.0849404288310926
22.2407,0.08049819971158817
22.3617,0.07327533105482598
22.4827,0.10723100017893894
22.6037,-0.016189213931272484
22.7247,-0.08263016417307134
22.8457,-0.17589295118137205
22.9666,-0.11306859556481808
23.0876,0.03209007361598859
23.2086,0.07992415244856732
23.3296,0.08018058231020658
23.4506,-0.055007798939195496
23.5716,-0.18946000510044958
23.6925,-0.21276623157741792
23.8135,-0.25484100191137204
23.9345,-0.12043843327391762
24.0555,-0.07917298606288542
24.1563,0.08847913391823459
24.2571,0.10185279215085496
24.3784,0.0638703385077315
24.5003,-0.03802562540653254
24.6228,-0.0706474457131081
24.7459,-0.050384823315337446
24.8696,0.024626536295392798
24.994,0.019027904605325996
25.119,-0.0184653614154624
25.2446,-0.03816321129416167
25.3708,0.018837102340969802
25.4976,0.03805996752186891
25.6251,0.0508898906367633
25.7533,0.034898690711130165
25.882,0.05355754540115165
26.0114,0.05612195515628304
26.1415,0.021376510308695362
26.2722,0.02007433319845231
26.4036,-0.011311541029621619
26.5356,0.012108664777317424
26.6682,-0.0016065517402380491
26.8016,0.03458266346260552
26.9356,0.024503675639747757
27.0703,-0.01786321991779094
27.2056,-0.06558445909951649
27.3417,-0.09497876611422285
27.4784,-0.12988494782987026
27.6158,-0.08816215627132934
27.7538,-0.01535908519400997
27.8926,0.024097869797784055
28.0321,0.03193421063744584
28.1722,0.022720464460532996
28.3131,0.08279957819683675
28.4547,0.07460509486821365
28.5969,0.08018175710478459
28.7399,0.06439123737473607
28.8836,0.040817929901977745
29.028,-0.006649623932418858
29.1732,-0.004233736143526401
29.319,0.03531361832750213
29.4656,0.10940122417427328
29.613,0.1035890697765745
29.761,0.11470458104853565
29.9098,0.09601003402707503
30.0594,0.14069816491932075
30.2097,0.13588195301973272
30.3607,0.13242988223629182
30.5125,0.11138091165556252
30.6651,0.0970649821410774
30.8184,0.08621003624803864
30.9725,0.07454243791928117
31.1274,0.10896757587585715
31.283,0.1440335920307781
31.4394,0.18712849320241914
31.5966,0.18732714814324236
31.7546,0.18707253632716397
31.9134,0.20813163416506036
32.0729,0.20809458989181823
32.2333,0.1732584148348137
32.3945,0.15056643504095907
32.5564,0.12665420109570136
32.7192,0.1733963203112726
32.8828,0.15877571595418832
33.0472,0.1658413901770538
33.2125,0.14502973552272935
33.3785,0.16333512070616535
33.5454,0.17638955051472538
33.7132,0.23391132231620715
33.8817,0.19394440562052556
34.0511,0.2523977885440589
34.2214,0.196736809616526
34.3925,0.21037207623276188
34.5645,0.14691379468059734
34.7373,0.14449390320420258
34.911,0.14394417930242132
35.0855,0.17194675229168682
35.2609,0.17274142651765295
35.4373,0.18938390441804076
35.6144,0.17290526018351532
35.7925,0.19957471898381568
35.9715,0.1983381948058081
36.1513,0.19085043394117351
36.3321,0.2066227837886805
36.5137,0.2204268363015549
36.6963,0.2248922027948625
36.8798,0.2530066749218656
37.0642,0.22227195880401773
37.2495,0.22595453967143192
37.4358,0.22335484645924697
37.6229,0.25411509576116503
37.8111,0.28764180337153905
38.0001,0.24943343609012986
38.1901,0.21325148185068865
38.3811,0.1433589914886217
38.573,0.14264382218233224
38.7658,0.1377236547108367
38.9597,0.207413796520924
39.1545,0.1837774048911726
39.3502,0.2330595430415277
39.547,0.2289348021109444
39.7447,0.21367405244997723
39.9434,0.20299980092668246
40.1432,0.164402909653731
40.3439,0.15771951767641723
40.5456,0.12537148737495174
40.7483,0.11700706250296627
40.9521,0.1345022105120225
41.1568,0.1448506398154048
41.3626,0.19405197343412722
41.5694,0.20636460961259212
41.7773,0.20700677153367264
41.9862,0.18868410558892712
42.1961,0.14930641602700556
42.4071,0.1719382256132706
42.6191,0.16129481003566204
42.8322,0.20609653238131453
43.0464,0.21049586122292413
43.2616,0.19494007371874
43.4779,0.18154266627906368
43.6953,0.14508420070979772
43.9138,0.14712313189975068
44.1333,0.12561406229140654
44.354,0.1631766475820522
44.5758,0.15445402876528191
44.7987,0.14218104645193613
45.0226,0.1319787819215591
45.2478,0.13816984505065788
45.474,0.20144300784225294
45.7014,0.17717600360213365
45.9299,0.17890747266512702
46.1595,0.11792422774526995
46.3903,0.08274169266157472
46.6223,0.05729655502854464
46.8554,0.062206237190946145
47.0897,0.10930626407055105
47.3251,0.10473344463452922
47.5617,0.10510132083910828
47.7995,0.10472264054336838
48.0385,0.13588759966192632
48.2787,0.14477120998998688
48.5201,0.139258659524725
48.7627,0.15357833200533383
49.0065,0.14789142716449455
49.2516,0.12583700813154097
49.4978,0.07230521085217567
49.7453,0.08491042941160293
49.994,0.08006003718360533
50.244,0.10380422527079919
50.4952,0.12460651947930829
50.7477,0.10732888532009416
51.0015,0.0992713844409332
51.2565,0.06323999524658636
51.5127,0.09118119535785851
51.7703,0.07648444516559494
52.0292,0.09273646816102338
52.2893,0.055542544710512454
52.5507,0.08895824615878622
52.8135,0.06055981574558772
53.0776,0.07477958089416203
53.343,0.03833814218298626
53.6097,0.026671049516715728
53.8777,0.055519725892974214
54.1471,0.07704025162936212
54.4178,0.07362660628651146
54.6899,0.05187952154746761
54.9634,0.06168125333283181
55.2382,0.07815103315096095
55.5144,0.07843000262393668
55.792,0.0553240076029235
56.0709,0.06761959261812261
56.3513,0.06935973227655473
56.633,0.05496673680751296
56.9162,0.05119698421633889
57.2008,0.051045635052795635
57.4868,0.10127680053335908
57.7742,0.1267409218468789
58.0631,0.1340571599171737
58.3534,0.13033297379589953
58.6452,0.11222010721160713
58.9384,0.12558508157882725
59.2331,0.09233109205776541
59.5293,0.06970564175955529
59.8269,0.05259206663798216
60.126,0.04911276662277425
60.4267,0.06313852521144031
60.7288,0.06920540320396185
61.0324,0.08956781343368125
61.3376,0.10451065693519418
61.6443,0.11190104121624861
61.9525,0.10600615720958256
62.2623,0.05799611526272236
62.5736,0.030644423173095403
62.8865,0.03427353357693613
63.2009,0.043870533116939
63.5169,0.09218735826051466
63.8345,0.11370241459745595
64.1537,0.14237846784799385
64.4744,0.13027340313447844
64.7968,0.08693717576401333
65.1208,0.10964238154630579
65.4464,0.08151861691481099
65.7736,0.09344454510206512
66.1025,0.05942291023745261
66.433,0.06407548622722936
66.7652,0.06501304805642405
67.099,0.07465937464746775
67.4345,0.07450978514003248
67.7716,0.06626541770791283
68.1105,0.09055776886279554
68.4511,0.11841974182737303
68.7933,0.14425401594493337
69.1373,0.1336858755744087
69.483,0.08382309234990715
69.8304,0.06751557666294139
70.1795,0.0516497152959694
70.5304,0.045901667031448934
70.8831,0.009450018209912425
71.2375,-0.015153736710326826
71.5937,-0.026297738555364103
71.9517,-0.02723685025261202
72.3114,-0.014448370553144851
72.673,0.035881855841908505
73.0363,0.12573260640692996
73.4015,0.2162438400648381
73.7685,0.25300505588720745
74.1374,0.24507512648232077
74.5081,0.17203023646646554
74.8806,0.15855429282942313
75.255,0.16165180998175788
75.6313,0.20313799731808335
76.0094,0.1803939782413969
76.3895,0.1673783735960639
76.7714,0.1564175883346005
77.1553,0.17143839995053567
77.5411,0.13570797870232787
77.9288,0.1317515714299694
78.3184,0.16289477199917457
78.71,0.20827527479486374
79.1035,0.2252499043420073
79.4991,0.19245659592855746
79.8966,0.17668838689337518
80.296,0.1765892901168935
80.6975,0.20798861167456817
81.101,0.1942946412730313
81.5065,0.15119028727646977
81.9141,0.12270543217335317
82.3236,0.16167138355641786
82.7352,0.15893036882423128
83.1489,0.13745647144456907
83.5647,0.09938883907409357
83.9825,0.10791961400401295
84.4024,0.13786504061161864
84.8244,0.18399722180993838
85.2485,0.19979123996563297
85.6748,0.17843917328859638
86.1031,0.1629360656276112
86.5337,0.1517868846537015
86.9663,0.1523731053569105
87.4012,0.14342633176181552
87.8382,0.17832544484898438
88.2774,0.22211613828057652
88.7187,0.21859811983392097
89.1623,0.22406300448177852
89.6082,0.21835091287320552
90.0562,0.23535682215140996
90.5065,0.23862508452094822
90.959,0.2314677482349765
91.4138,0.2522779292190642
91.8709,0.22843466847322857
92.3302,0.20773668556839187
92.7919,0.18303203027801496
93.2558,0.18453825939214574
93.7221,0.1957180179341811
94.1907,0.1741121430815319
94.6617,0.17891722396597265
95.135,0.1612242514321478
95.6107,0.1811711316079473
96.0887,0.14389909985801874
96.5692,0.1561402222019609
97.052,0.14284031743738745
97.5373,0.12153523804903821
98.0249,0.12146233611123536
98.5151,0.09783232350855897
99.0076,0.1384956866255873
99.5027,0.11499722254400768
100.0,0.09543961684276137
100.5,0.04747245025471947
101.003,-0.009753822730252382
101.508,-0.01682004816527316
102.015,-0.009480752978280771
102.525,0.013921235644692609
103.038,0.015383872484274308
103.553,0.015030519360569539
104.071,0.06522913129162833
104.591,0.08504527351531244
105.114,0.08942802306584863
105.64,0.09079431750995737
106.168,0.09479817955184533
106.699,0.11090109403411275
107.232,0.07447168185088704
107.768,0.01790411044747442
108.307,-0.025452594404545392
108.849,-0.03941449529110341
109.393,-0.0007599439436707378
109.94,0.025240462935213426
110.49,0.018474550264878098
111.042,-0.005306809813137803
111.597,-0.03243070957375205
112.155,0.000739060762646182
112.716,0.0294254204303267
113.28,0.08110782000660521
113.846,0.08779099307097082
114.415,0.07252793104918642
114.987,0.05088353094526621
115.562,0.06667791210803897
116.14,0.0618716698840146
116.721,0.08549719095337871
117.305,0.08275650064880624
117.891,0.06498452176048253
118.481,0.0476294282451849
119.073,-0.022242373634765333
119.668,0.007813943703451676
120.267,0.006160418889722408
120.868,0.04640605483616711
121.472,0.02556370041278644
122.08,0.01386945575807308
122.69,0.019005317663285726
123.304,0.050912826628602637
123.92,0.059298838076275895
124.54,0.09165122275375193
125.162,0.07022896048871408
125.788,0.05210550423332516
126.417,0.04184659411744962
127.049,0.05743017390331606
127.684,0.10643103942635657
128.323,0.09132926154739118
128.964,0.09776667105713321
129.609,0.09758497876369832
130.257,0.10243803362325488
130.909,0.11434188147735413
131.563,0.10177900725705491
132.221,0.07997272713543413
132.882,0.06926686855045028
133.546,0.05852696261259416
134.214,0.037569097458876266
134.885,0.017919699359090657
135.56,0.021311659152002838
136.238,0.05244994418885407
136.919,0.05506673485539049
137.603,0.01944913791727365
138.291,0.034973689615413917
138.983,0.08981853364317727
139.678,0.15572647317012323
140.376,0.20339269133404325
141.078,0.18863530978187515
141.783,0.2021596418477244
142.492,0.1659121807820313
143.205,0.15599478333135053
143.921,0.09711646560979903
144.64,0.10264002542712036
145.364,0.10974188265416551
146.09,0.13338709400050341
146.821,0.15899403173724158
147.555,0.14296804983156974
148.293,0.17099855646383322
149.034,0.14443624959865864
149.779,0.14702922868819435
150.528,0.08516852883550363
151.281,0.01969743415100833
152.037,-0.028270270814130805
152.797,-0.005969394346967083
153.561,0.03140104256528897
154.329,0.06520002039284933
155.101,-0.007314875097471085
155.876,-0.0849814382788584
156.656,-0.1299340710770095
157.439,-0.13500456365354918
158.226,-0.0731246244339332
159.017,-0.05745668696379924
159.812,-0.025347624861161266
160.612,-0.07990384940939432
161.415,-0.08730331848728468
162.222,-0.1219140331773938
163.033,-0.09405384322450172
163.848,-0.09423707435589024
164.667,-0.06401507971580433
165.491,-0.06487673726710452
166.318,-0.023038018892976075
167.15,-0.0181709953092708
167.985,0.016372714002842348
168.825,0.0015563524451760458
169.669,0.0045342549178476466
170.518,-0.0030551722385224744
171.37,-0.04102570936303951
172.227,-0.021871391930759487
173.088,-0.02512147312014079
173.954,-0.01931507475595784
174.823,-0.02393490653327035
175.698,-0.018606651560344523
176.576,0.012919161852885386
177.459,0.0530749752567089
178.346,0.05265884952726557
179.238,0.048348263747279185
180.134,0.015892335648051925
181.035,0.016188825152835706
181.94,0.026701928395114094
182.85,0.05050718293989942
183.764,0.049179736402075624
184.683,0.02212134882439143
185.606,-0.018107541703626717
186.534,-0.02202560720276825
187.467,-0.05366770680867816
188.404,-0.017268625487795397
189.346,0.027020969617793877
190.293,0.08114268399024582
191.244,0.07921538701493969
192.201,0.07463253906275868
193.162,0.09322673451937624
194.128,0.06343997067968221
195.098,0.03517973615865411
196.074,-0.0029903874469535685
197.054,-0.025142033193506053
198.039,-0.07707603014970665
199.029,-0.09345320113124422
200.025,-0.09204159493463437
201.025,-0.07845888576450866
202.03,-0.09122741012951185
203.04,-0.07994906224928178
204.055,-0.07129523808166571
205.075,-0.01847477671767339
206.101,-0.017423022075510497
207.131,0.011203837367039116
208.167,0.011334963276794174
209.208,0.0072608987893583166
210.254,0.022473118779890333
211.305,-0.00025175639741092937
212.362,0.09054764078812794
213.424,0.08500493188673586
214.491,0.11845533881684978
215.563,0.11165840826213158
216.641,0.11663733683730237
217.724,0.10783351834073118
218.813,0.08107565256196037
219.907,0.07108530252722789
221.006,0.07509085884702416
222.111,0.09756631229394785
223.222,0.1449439108559598
224.338,0.24144726911571612
225.46,0.28666494994787906
226.587,0.30646538849941496
227.72,0.2469746784909176
228.859,0.20781532652187018
230.003,0.16526185246562108
231.153,0.1695020049746746
232.309,0.18383647706005724
233.47,0.18893022177141694
234.638,0.16006953217246045
235.811,0.04878309414985893
236.99,-0.038795825485176794
238.175,-0.06254774639402827
239.366,-0.07881121647239908
240.562,-0.056945593336796274
241.765,-0.08299413974181746
242.974,-0.06549136899653041
244.189,-0.05808399905189099
245.41,-0.04139210874028032
246.637,-0.01003447179918826
247.87,0.05081230975480289
249.109,0.0841114768496527
250.355,0.10106529018456845
251.607,0.06349393294614258
252.865,0.06807555118110742
254.129,0.0720453541153544
255.4,0.11869889833242647
256.677,0.10135987346370795
257.96,0.09733805792899825
259.25,0.0685146923718809
260.546,0.05770905932234627
261.849,0.059822738359854466
263.158,0.05405737135173749
264.474,0.1012352086278463
265.796,0.11753692683129763
267.125,0.10708185741270676
268.461,0.03863444926596127
269.803,-0.0010841035838146662
271.152,-0.016854167804791487
272.508,0.0029943318880185643
273.871,0.03209850831413624
275.24,0.07961688687128299
276.616,0.11141843096871473
277.999,0.1150265511391309
279.389,0.13706854550535663
280.786,0.19613703552980227
282.19,0.22477155588651931
283.601,0.2172508280962876
285.019,0.18030339614943042
286.444,0.1814919611413051
287.876,0.16102711435331807
289.316,0.1320648802494982
290.762,0.09687129779808085
292.216,0.11281155615300359
293.677,0.11685640119008894
295.146,0.13753963827726257
296.621,0.09474123681980534
298.104,0.09011586125120569
299.595,0.10989686926557884
301.093,0.13035614279658336
302.598,0.15838694643548656
304.111,0.107153502676889
305.632,0.08868178409070943
307.16,0.05443040534466448
308.696,0.07473572285306285
310.239,0.07390309052681654
311.791,0.09010498398711075
313.35,0.11617670073972297
314.916,0.16467227416625108
316.491,0.14218608313908232
318.073,0.06257036458667697
319.664,-0.0347665511813986
321.262,-0.0960572907304279
322.868,-0.14980778839504538
324.483,-0.18462938826063469
326.105,-0.14276888412806765
327.736,-0.08165094105640408
329.374,-0.023716111801560413
331.021,-0.010643932196657435
332.676,0.004943664453065211
334.34,-0.004116902348727747
336.011,0.023791197962046484
337.691,0.09161250988076491
339.38,0.21386024469958725
341.077,0.2604466726691118
342.782,0.2521889182933558
344.496,0.1953110135182844
346.218,0.12743292993878397
347.95,0.11764910168156617
349.689,0.18657030754787313
351.438,0.29342919068566625
353.195,0.35977084193581255
354.961,0.36210124148941325
356.736,0.3075213802106817
358.519,0.2721586333381871
360.312,0.21604881838844808
362.114,0.15943254828243936
363.924,0.07590282389356956
365.744,0.02380833979306668
367.572,0.01763752082286829
369.41,0.04744736218501988
371.257,0.07774722652306709
373.114,0.13157598607287124
374.979,0.19323988556172234
376.854,0.24173754267415382
378.738,0.26553390994171194
380.632,0.26005110687148336
382.535,0.20079927051369445
384.448,0.14796682780608084
386.37,0.10505049091402685
388.302,0.11462143701324223
390.244,0.12573004825999345
392.195,0.09315262764956678
394.156,0.05134471772176408
396.127,0.004049330131539075
398.107,-0.02243512727545205
400.098,-0.010943155398291826
402.098,0.016110498855553157
404.109,0.08165799253472683
406.129,0.11101566898385962
408.16,0.11941012282084584
410.201,0.0975320509901868
412.252,0.08401754086977509
414.313,0.0729767794563263
416.384,0.08280244227197348
418.466,0.08707342340319074
420.559,0.1177591300822643
422.662,0.09428128965126642
424.775,0.08790577376817033
426.899,0.069044306306006
429.033,0.07789139306727871
431.178,0.08783219055310576
433.334,0.06802513651097836
435.501,0.07449104376987903
437.678,0.0919158069212977
439.867,0.12248882237195574
442.066,0.12610020203319183
444.276,0.12791629528599607
446.498,0.1457544654660079
448.73,0.1435017448741378
450.974,0.13934772839705734
453.229,0.10774138978077424
455.495,0.14463574627680797
457.773,0.21244029941571296
460.061,0.29191498559147677
462.362,0.35199100250862436
464.673,0.34145440854720643
466.997,0.3437193548831521
469.332,0.26043710755715066
471.679,0.2017986358497298
474.037,0.14177751367804947
476.407,0.13134069912712276
478.789,0.10768218805432783
481.183,0.10061454262723046
483.589,0.09380745494671638
486.007,0.0996470175168519
488.437,0.09192036883987875
490.879,0.0897001976839068
493.334,0.10200577497821373
495.8,0.09518685066021904
498.279,0.120158934554773
500.771,0.151668282147077
503.274,0.17907045160605117
505.791,0.1887738832452991
508.32,0.2067945444824461
510.861,0.2382616391294508
513.416,0.2790231326621126
515.983,0.28660944882056016
518.563,0.30825121426657187
521.155,0.29901832040632853
523.761,0.2865072419136596
526.38,0.2895148857388948
529.012,0.2707176914766312
531.657,0.29470073877516
534.315,0.27088937864567186
536.987,0.336685760493254
539.672,0.3819313802124354
542.37,0.4408322040921069
545.082,0.5151180145487968
547.807,0.5464618368211945
550.546,0.5548487536933788
553.299,0.4194248568456864
556.066,0.28457452804394623
558.846,0.17198881627003448
561.64,0.13053802327233577
564.448,0.14625532294695187
567.271,0.1735649165097708
570.107,0.24132823202418463
572.958,0.330287284205987
575.822,0.37421600026800356
578.702,0.36134118523553077
581.595,0.31887243489231054
584.503,0.29677648554349334
587.426,0.32094662547569774
590.363,0.3268139990886766
593.314,0.3449377248008322
596.281,0.3595002594875796
599.262,0.3931637212369449
602.259,0.42978716091626434
605.27,0.4274059960999363
608.296,0.40023025855428795
611.338,0.33921966385285274
614.395,0.2969484858082606
617.467,0.26703958849968956
620.554,0.30815939119533087
623.657,0.2781793105705307
626.775,0.2377631947760015
629.909,0.19485309462798317
633.058,0.22995324761979363
636.224,0.2851586178692864
639.405,0.28816519173163085
642.602,0.30250233576169827
645.815,0.31066161890282246
649.044,0.31809904541885875
652.289,0.2875885711291268
655.551,0.2460842376590507
658.828,0.19179406968827095
662.122,0.1481219077112944
665.433,0.13293943394459
668.76,0.16493118020011682
672.104,0.19073416754313977
675.464,0.17680018202805137
678.842,0.16311811147688993
682.236,0.16104365592450515
685.647,0.16452290671594622
689.075,0.16929275652509823
692.521,0.17875259872182425
695.983,0.18449139247015078
699.463,0.13760994325837939
702.961,0.10953052218660286
706.475,0.08289642992557456
710.008,0.12154874996541831
713.558,0.13599682572265015
717.126,0.18192347801046155
720.711,0.19096864056613844
724.315,0.1998512864519857
727.936,0.20732496172737552
731.576,0.21067994033385384
735.234,0.22716493574047336
738.91,0.28727094723464186
742.605,0.35711414956144066
746.318,0.31977408247998773
750.049,0.2211216049656628
753.8,0.11747892700557605
757.569,0.1495676209869088
761.356,0.2163621873461311
765.163,0.3723034710920532
768.989,0.47421000507931355
772.834,0.5388944119895815
776.698,0.5274116915693383
780.582,0.5232619567289535
784.485,0.5316618133858045
788.407,0.46190122846314785
792.349,0.3674227054032676
796.311,0.2609792237394248
800.292,0.22223724455661287
804.294,0.20452084164651713
808.315,0.19574242431549355
812.357,0.18340312127731173
816.419,0.15149815937255084
820.501,0.10323577380615867
824.603,0.09260073137963487
828.726,0.14687593682730699
832.87,0.20715038414532444
837.034,0.245862223293838
841.219,0.28499216153161233
845.425,0.3284660350861597
849.653,0.3613831427418096
853.901,0.38691065711516
858.17,0.4402336790837485
862.461,0.5030188106893589
866.773,0.48134880081365883
871.107,0.3933015324801131
875.463,0.29046182915967644
879.84,0.2557707100161921
884.239,0.2295220221719605
888.661,0.2174582656013203
893.104,0.2189477242615575
897.569,0.23799134485694684
902.057,0.2256901228298105
906.568,0.208994453716552
911.1,0.19656355552911275
915.656,0.20870233609563926
920.234,0.2327365307399627
924.835,0.24815245274969744
929.46,0.2957407764023061
934.107,0.3532247935552306
938.777,0.45771373864595
943.471,0.5724100621169493
948.189,0.5856107138916993
952.93,0.5555137820069477
957.694,0.3914465482008548
962.483,0.33419497323417213
967.295,0.2866567714658165
972.132,0.3750393182915709
976.992,0.42750574963661536
981.877,0.4637496663657502
986.787,0.49659759494255007
991.72,0.5070131673960515
996.679,0.5278191952914432
1001.66,0.436609546477861
1006.67,0.31361948014288465
1011.7,0.19922431287131082
1016.76,0.14830230981894565
1021.85,0.19422065978837533
1026.96,0.2689115862885705
1032.09,0.3567930323711448
1037.25,0.39266280984677937
1042.44,0.3481368588128334
1047.65,0.3067085960939062
1052.89,0.23636740752715413
1058.15,0.24758964366620395
1063.44,0.1941031181160402
1068.76,0.1812306374878364
1074.1,0.17968687964960273
1079.47,0.24443259265291284
1084.87,0.29363117191006527
1090.3,0.36242129242775833
1095.75,0.4399248368497821
1101.23,0.5000403391697
1106.73,0.4094573560632242
1112.27,0.3329699483965791
1117.83,0.31665346127167193
1123.42,0.4020618408681317
1129.03,0.42962541464697923
1134.68,0.39528106089325576
1140.35,0.37778011107148135
1146.05,0.43172231494775404
1151.78,0.5124630558102982
1157.54,0.45400317110327204
1163.33,0.33996800342048306
1169.15,0.23353833086878917
1174.99,0.257985409237855
1180.87,0.26891667905867805
1186.77,0.2250733185995063
1192.71,0.19314737345006727
1198.67,0.2224146647980898
1204.66,0.30268574456792485
1210.69,0.36449341703948956
1216.74,0.4135331543256596
1222.82,0.4585776282995798
1228.94,0.4721711594967223
1235.08,0.4549667802862837
1241.26,0.3971461135046891
1247.46,0.41613721812621707
1253.7,0.49434083638606185
1259.97,0.5787613323083314
1266.27,0.5040652003334641
1272.6,0.38614051620536716
1278.96,0.2980548032346584
1285.36,0.3192445310609441
1291.79,0.33156030819176285
1298.24,0.30622130023391914
1304.74,0.2826170956612375
1311.26,0.21000291656363101
1317.82,0.23448859067678096
1324.41,0.282786890448503
1331.03,0.40740011091834116
1337.68,0.45626463388823646
1344.37,0.4208264881197795
1351.09,0.38375404932370893
1357.85,0.31416698411205957
1364.64,0.27362460340929895
1371.46,0.1519764378711529
1378.32,0.15473403411815578
1385.21,0.1613108371745804
1392.14,0.24685495207099994
1399.1,0.2598254412982979
1406.09,0.2960880804923057
1413.12,0.28347250301901006
1420.19,0.28205641812004967
1427.29,0.28579906686344714
1434.43,0.3281181279093959
1441.6,0.42265925617402544
1448.81,0.4445260507329134
1456.05,0.34333250487130207
1463.33,0.1971763304136993
1470.65,0.0963224287981026
1478.0,0.11925667849386501
1485.39,0.10596454695544022
1492.82,0.17192591665744794
1500.28,0.14995702558820578
1507.78,0.17347809988850826
1515.32,0.14916553579908443
1522.9,0.2317204947155831
1530.51,0.23612336830640313
1538.16,0.20178561552602037
1545.86,0.22376572314590604
1553.58,0.2642953842418827
1561.35,0.3530356314408858
1569.16,0.3031419105200288
1577.0,0.23907590120884903
1584.89,0.13605699941036098
1592.81,0.09845846154259308
1600.78,0.12978623334582362
1608.78,0.1799750827358415
1616.83,0.17778100325933388
1624.91,0.15502698547859373
1633.03,0.21532973690473112
1641.2,0.23267225949897974
1649.41,0.19634969773652344
1657.65,0.10807842614895291
1665.94,0.1328104374812774
1674.27,0.15350927921353397
1682.64,0.2759612610859489
1691.06,0.3464691286761432
1699.51,0.4345492011013483
1708.01,0.26802164005200635
1716.55,0.2010819631825791
1725.13,0.13591008754878464
1733.76,0.16168382144528526
1742.43,0.11708561641906334
1751.14,0.12021725816017781
1759.89,0.19738535509401944
1768.69,0.3271389689417933
1777.54,0.3777972229336244
1786.42,0.33041035870063784
1795.36,0.1917696861584578
1804.33,0.11448555425336149
1813.35,0.1700938971950644
1822.42,0.22200502971960945
1831.53,0.24894194473099152
1840.69,0.22822363748894658
1849.89,0.264962239539976
1859.14,0.31285864799456764
1868.44,0.2931617384898576
1877.78,0.18543570752255223
1887.17,0.14759846567752632
1896.61,0.16817471107212578
1906.09,0.18779184124242887
1915.62,0.1432405943994246
1925.2,0.09075452371393
1934.82,0.19508109020693698
1944.5,0.2527994938848478
1954.22,0.28142397838052946
1963.99,0.16884266631669953
1973.81,0.1555696756197894
1983.68,0.060355477282314496
1993.6,0.07372114059672918
2003.57,0.01846286845022793
2013.59,0.10713651637892196
2023.65,0.10119793698389035
2033.77,0.1693431265139591
2043.94,0.1659498189299352
2054.16,0.16189323282124302
2064.43,0.19272051270120039
2074.75,0.2075444294946881
2085.13,0.18892799743684452
2095.55,0.1542680518875157
2106.03,0.20265052939210926
2116.56,0.23678229468813516
2127.14,0.221534451651196
2137.78,0.2479795896524658
2148.47,0.35299691684581014
2159.21,0.3495057807931099
2170.01,0.30576378299332446
2180.86,0.19979472347851213
2191.76,0.21517814823104753
2202.72,0.21630329324888553
2213.73,0.25539853501194043
2224.8,0.32321076594282966
2235.93,0.3087895633995424
2247.11,0.2453113920200114
2258.34,0.1736786953443557
2269.63,0.11244920854447504
2280.98,0.12799687492295186
2292.39,0.12969647477067608
2303.85,0.1729972621972194
2315.37,0.20109665515251263
2326.94,0.16753078430615542
2338.58,0.217975412074502
2350.27,0.25130765362697116
2362.02,0.3302755076145808
2373.83,0.30768675382496313
2385.7,0.25572921395148507
2397.63,0.16539287558060534
2409.62,0.09129532198344004
2421.67,0.0829945336012976
2433.77,0.10234394105727807
2445.94,0.12956211961046837
2458.17,0.1717743016012684
2470.46,0.22274050406589774
2482.82,0.23584030010727708
2495.23,0.2114044873007327
2507.71,0.23943579590200714
2520.25,0.27603792135288796
2532.85,0.3101064354743044
2545.51,0.20330307608131093
2558.24,0.17371914536312671
2571.03,0.14637005353741683
2583.88,0.2461870757922262
2596.8,0.22750158057435088
2609.79,0.21920002206058498
2622.84,0.2175583257720839
2635.95,0.27648486915193593
2649.13,0.3172957605052984
2662.38,0.21741327129498245
2675.69,0.18027229256715682
2689.07,0.06009135485875883
2702.51,0.0574214935727666
2716.02,0.011588933357591036
2729.61,0.13870728139366362
2743.25,0.24958843194294866
2756.97,0.2964592176871662
2770.75,0.26841778745483347
2784.61,0.15641908446734032
2798.53,0.11257264107251075
2812.52,0.07464365043593535
2826.59,0.11899864166663088
2840.72,0.19755939740325945
2854.92,0.17170974328721733
2869.2,0.18251602951888257
2883.54,0.19275418874740624
2897.96,0.3021211448598452
2912.45,0.33716408937340114
2927.01,0.22937359895172238
2941.65,0.11307487818796502
2956.36,0.011020682832570738
2971.14,0.06616360039762814
2985.99,0.14719342160264004
3000.92,0.279551134049302
3015.93,0.30682955523968336
3031.01,0.31151014604716776
3046.16,0.18653177242735852
3061.39,0.12148563156635772
3076.7,0.15063951313394786
3092.08,0.2817638511524906
3107.54,0.3396127625830795
3123.08,0.2892010455375357
3138.7,0.13279950069833424
3154.39,0.04949520691668108
3170.16,-0.05787118346566633
3186.01,-0.03187801533844825
3201.94,-0.0103966192220446
3217.95,0.15437218343403591
3234.04,0.337166654594233
3250.21,0.43251518957730406
3266.47,0.3792748359799454
3282.8,0.28955158352713417
3299.21,0.18760366350407032
3315.71,0.18259817764413233
3332.29,0.07350998531577535
3348.95,0.10204653416542209
3365.69,0.10422249345795387
3382.52,0.1582930524521503
3399.43,0.2351051434645599
3416.43,0.2807109417585938
3433.51,0.3423789078752123
3450.68,0.23613431092312664
3467.93,0.2082678693881096
3485.27,0.12244955851418993
3502.7,0.0780028770320369
3520.21,0.023020529549768964
3537.81,0.11159279225133234
3555.5,0.24421509821984622
3573.28,0.333701098027814
3591.15,0.3034607614902205
3609.1,0.293132436531197
3627.15,0.2660467615127208
3645.28,0.2625824331195551
3663.51,0.27206425454005667
3681.83,0.2742742583793748
3700.24,0.2515950411205322
3718.74,0.24661399538258555
3737.33,0.22632164380658049
3756.02,0.12322913276486736
3774.8,0.010608900762969387
3793.67,-0.0017917281030573884
3812.64,0.08519764210304193
3831.7,0.17739011603220944
3850.86,0.1856625532640096
3870.12,0.15040245566681054
3889.47,0.21409623133812405
3908.92,0.2935518661526819
3928.46,0.44523494298299904
3948.1,0.3287307661430625
3967.84,0.2038981195240741
3987.68,0.07163564821786539
4007.62,0.019364235580705547
4027.66,0.10567383631955296
4047.8,0.14080361076231374
4068.04,0.2697473798853346
4088.38,0.23785291506668704
4108.82,0.2177013286862175
4129.36,0.1938945621564353
4150.01,0.21903246896729456
4170.76,0.2622348373925132
4191.61,0.33943488120271514
4212.57,0.312441759445777
4233.63,0.2889248365696234
4254.8,0.10749890837500164
4276.08,-0.016940873609171847
4297.46,-0.041718452977221876
4318.94,-0.0031655443674862838
4340.54,0.10610821839925277
4362.24,0.11442242497496191
4384.05,0.14276279261577474
4405.97,0.14511257483581075
4428.0,0.19414233032630834
4450.14,0.23061155579420278
4472.39,0.18491396941088545
4494.75,0.10158043301985065
4517.23,0.06735822277049608
4539.81,0.17419073380371686
4562.51,0.3088221770493418
4585.33,0.3334410571782896
4608.25,0.2618694301038986
4631.29,0.1168804041666186
4654.45,0.053857470892849424
4677.72,0.10253352596416809
4701.11,0.19397573601434126
4724.62,0.29329121166480143
4748.24,0.25759523670388185
4771.98,0.195497397496188
4795.84,0.1377911387734403
4819.82,0.14994076582241034
4843.92,0.25066548936207234
4868.14,0.3032376827979447
4892.48,0.2317400467818218
4916.94,0.14447747088407192
4941.53,0.06674447227064029
4966.23,0.10330180086535035
4991.07,0.20282001577870112
5016.02,0.27652443252269954
5041.1,0.25009672104742764
5066.31,0.17513600222884484
5091.64,0.1450165744245311
5117.1,0.17341488123285953
5142.68,0.1367894915358725
5168.4,0.05775042025120403
5194.24,0.028635555253011202
5220.21,-0.009517282262482163
5246.31,0.000748046754922127
5272.54,-0.01915471063992713
5298.9,0.039755317972975934
5325.4,0.14725481486453085
5352.03,0.19518879049238536
5378.79,0.17450154718565847
5405.68,0.09036297873418131
5432.71,0.049059255215340714
5459.87,0.05501799287866538
5487.17,0.0597067898252418
5514.61,0.029494606363403286
5542.18,-0.02090974755362296
5569.89,0.01944662597537794
5597.74,0.20130999307023068
5625.73,0.4228679826569396
5653.86,0.44972781322011923
5682.13,0.28420439163628275
5710.54,0.005952197306911988
5739.09,-0.09161615257364908
5767.79,-0.01992015540741565
5796.62,0.09229398675945022
5825.61,0.13087206187258882
5854.74,0.11086668104467479
5884.01,0.12821842930974592
5913.43,0.12563369496792398
5943.0,0.09958322117512564
5972.71,0.0273076035932327
6002.57,0.0016942340939486433
6032.59,-0.04853873117216034
6062.75,-0.08780708967607631
6093.06,-0.17117475202466115
6123.53,-0.2527837693314623
6154.15,-0.2221086345230473
6184.92,-0.12734707180609783
6215.84,-0.009240658059299411
6246.92,0.02735659111144262
6278.16,0.11133858196233992
6309.55,0.10119585060072989
6341.09,-0.009436941448203284
6372.8,-0.18799490476998204
6404.66,-0.20263882760260288
6436.69,-0.03984406755310388
6468.87,0.16417722125628942
6501.22,0.2556385958642895
6533.72,0.2081800859938555
6566.39,0.0899916512083252
6599.22,0.2064922721739384
6632.22,0.3504207069479237
6665.38,0.4756064623207268
6698.71,0.3937678458103716
6732.2,0.29482795907475856
6765.86,0.2414976118708163
6799.69,0.2496891099656814
6833.69,0.22995381162417816
6867.86,0.08546737530105442
6902.2,-0.06749612277194683
6936.71,-0.05045942832460848
6971.39,0.014487631315761362
7006.25,0.025376937601263583
7041.28,-0.09002004844113753
7076.49,-0.12586922206646012
7111.87,-0.043065982727569896
7147.43,0.13933485907107657
7183.16,0.2572713371111053
7219.08,0.26696437885227575
7255.18,0.23847026375109737
7291.45,0.26950013829445263
7327.91,0.29276051287855376
7364.55,0.27367786030254515
7401.37,0.24381001176710548
7438.38,0.2105985732792891
7475.57,0.1582201027269995
7512.95,0.15570098509059016
7550.51,0.2140273368917166
7588.26,0.31007527797052026
7626.21,0.22510575429110036
7664.34,0.1323625791661317
7702.66,0.018252720741254724
7741.17,0.045644091235315876
7779.88,0.13392163710919114
7818.78,0.15417357434748047
7857.87,0.09947344657291413
7897.16,0.07497130022361209
7936.65,0.09872617946825546
7976.33,0.2101249962184205
8016.21,0.26005220200552615
8050.87,0.3401863130595336
