mode,frequency_cm-1,ir_intensity_km_mol
1,9.0358,0.1949
2,29.3081,0.0939
3,48.0478,2.0101
4,69.7037,0.4369
5,88.9767,0.4812
6,96.6669,1.6664
7,98.2737,0.0633
8,107.2513,1.5053
9,113.6356,0.5807
10,121.6785,5.1009
11,130.8854,4.8259
12,137.8814,4.5899
13,166.5836,0.0019
14,197.4199,0.2177
15,207.9237,65.9796
16,216.1563,21.7859
17,230.7149,0.2721
18,248.4557,10.0755
19,254.7783,38.3768
20,263.8015,31.3162
21,271.2325,1.3543
22,290.8143,0.7583
23,300.3048,0.0
24,302.9433,11.3011
25,315.7574,2.3374
26,322.4351,2.1636
27,337.9298,0.3243
28,344.0282,35.5776
29,349.208,0.3305
30,367.5257,7.752
31,371.3231,0.0801
32,390.8116,65.9005
33,407.8249,1.7443
34,452.2253,1.1993
35,475.8583,11.302
36,476.4586,8.4384
37,482.9597,15.893
38,504.2203,580.8843
39,507.1567,99.1011
40,525.6993,7.2528
41,558.9318,0.3719
42,559.416,12.6983
43,565.9464,11.3262
44,595.1112,17.4399
45,595.8753,86.0668
46,624.1946,234.0378
47,654.205,129.8289
48,654.4114,0.7634
49,679.3459,0.7738
50,682.6466,247.9481
51,750.6083,8.5614
52,751.581,0.2021
53,807.0606,122.9864
54,809.4543,0.3293
55,869.1638,9.2116
56,887.1541,2.0685
57,887.4411,116.0348
58,906.8084,0.0109
59,916.0295,17.9306
60,946.162,0.8997
61,948.0367,13.3696
62,969.9162,7.0362
63,1021.4251,0.1448
64,1022.4409,0.5395
65,1038.0992,0.7791
66,1046.4515,35.1313
67,1065.1799,31.7541
68,1087.503,45.7518
69,1092.7751,1.5613
70,1105.0331,11.1984
71,1116.14,7.1269
72,1164.7354,57.3447
73,1165.4011,10.6567
74,1237.4925,0.2707
75,1245.853,16.9377
76,1251.1683,88.0257
77,1264.7698,75.9641
78,1268.2349,90.4139
79,1287.8607,5.3759
80,1304.1674,299.7056
81,1315.3746,2.1223
82,1382.8159,24.1195
83,1385.7043,24.9072
84,1396.8022,64.6252
85,1398.7272,7.339
86,1409.324,84.4984
87,1414.1342,2.1391
88,1445.3228,186.7238
89,1452.4417,26.9118
90,1480.9965,87.5082
91,1491.5088,96.6686
92,1502.5206,204.1691
93,1503.9045,2.0122
94,1553.6746,315.8133
95,1559.6323,178.2448
96,1604.9256,32.0728
97,1605.345,243.301
98,1619.9182,618.405
99,1629.8138,0.8043
100,1642.2111,617.7483
101,1654.4958,255.9594
102,3048.983,19.2924
103,3051.4196,51.5219
104,3107.4289,10.4025
105,3107.742,13.7668
106,3113.3319,39.4292
107,3127.1152,39.5585
108,3201.5326,1.2192
109,3201.5427,0.7469
110,3208.3937,0.3787
111,3208.4195,0.1376
112,3232.5247,0.2729
113,3232.5473,3.8277
114,3679.8914,23.0271
115,3680.251,44.7184
116,3840.8965,95.9439
117,3840.986,83.4997