energy_cm-1,relative_intensity_anchor_1
-20.1034,0.05935053666498729
-19.9824,0.004676815129739455
-19.8614,0.03482956504061448
-19.7404,0.01278262195391428
-19.6194,0.03704977151594968
-19.4985,0.029740638930382333
-19.3775,0.02868509712413564
-19.2565,0.0316714101782205
-19.1355,-0.004972695345760743
-19.0145,0.027075396790322056
-18.8935,0.03276304392020294
-18.7726,0.07107643830046757
-18.6516,0.017646489064880033
-18.5306,0.08273468597069628
-18.4096,0.03746924819761292
-18.2886,0.08064105906997711
-18.1676,0.05238243604361673
-18.0467,0.02169519402730023
-17.9257,0.020765200597505657
-17.8047,0.034797045469946435
-17.6837,0.0085895124200453
-17.5627,0.017227969924368952
-17.4417,0.03123985374663757
-17.3208,0.05989427272539778
-17.1998,0.03570958218796679
-17.0788,0.003520363217456097
-16.9578,0.02431351665090405
-16.8368,0.019383910656991056
-16.7158,0.03148988247287212
-16.5949,0.013630708786692241
-16.4739,0.14465699402788948
-16.3529,0.15908743381917492
-16.2319,0.21434072555102804
-16.1109,0.08176001956330228
-15.9899,0.13763269310658757
-15.869,0.3081000615772617
-15.748,0.6769355957821047
-15.627,0.6902147764804322
-15.506,0.5672027423978597
-15.385,0.6570496757618344
-15.264,0.5861592214159235
-15.1431,0.5710084160501574
-15.0221,0.6234082719770426
-14.9011,0.7244618987009849
-14.7801,0.7034522304816283
-14.6591,0.6541484365562695
-14.5381,0.6815096962090208
-14.4172,0.5016761021298661
-14.2962,0.6241367398228107
-14.1752,0.6498349346367677
-14.0542,0.7310491557433317
-13.9332,0.7581810842901378
-13.8122,1.186671174475783
-13.6913,1.2335630695528428
-13.5703,1.0936254275789528
-13.4493,1.330451134465294
-13.3283,1.6716900748649866
-13.2073,1.4985913096511305
-13.0863,1.3743437160257033
-12.9654,1.722349894375845
-12.8444,1.9374077445928384
-12.7234,2.2132105323634175
-12.6024,1.684329986358721
-12.4814,1.4103281125243434
-12.3604,1.8476592538250083
-12.2395,1.9928541650093836
-12.1185,1.6863389813529908
-11.9975,1.3427573796960028
-11.8765,1.7387779859815973
-11.7555,1.5453369955599552
-11.6345,1.5705328495540802
-11.5136,1.6776769167764154
-11.3926,1.8019278249673698
-11.2716,1.8575469710763646
-11.1506,1.9362712169022216
-11.0296,1.8028036068365492
-10.9086,2.11050761466187
-10.7877,1.8056401383573304
-10.6667,2.1862152375733257
-10.5457,1.7605672031843398
-10.4247,1.6410782208001509
-10.3037,1.9985725271131456
-10.1828,1.5230664297857166
-10.0618,1.454233584061801
-9.94078,1.5749728942196919
-9.8198,1.6159166173164683
-9.69882,1.4976039374092176
-9.57783,1.4087802104233509
-9.45685,1.4967108461422878
-9.33587,1.5721930785979237
-9.21488,2.035962299395129
-9.0939,1.6240512976892323
-8.97292,1.6440296572591933
-8.85194,1.46012283043272
-8.73095,1.622641870770246
-8.60997,2.017244947865567
-8.48899,1.9706137986099446
-8.368,1.7454472601064783
-8.24702,1.9454842359263547
-8.12604,1.5733583325231062
-8.00505,1.619378865151689
-7.88407,1.7729180109071299
-7.76309,2.1477180321203493
-7.6421,1.88546960764383
-7.52112,1.769471967614485
-7.40014,1.9602410499365075
-7.27915,1.8236588531308646
-7.15817,1.743513763549207
-7.03719,2.1887600873277533
-6.9162,1.9344725126763715
-6.79522,2.1795919990807597
-6.67424,2.050132435307046
-6.55326,2.5113302898256094
-6.43227,2.2263855620471933
-6.31129,2.194438674645194
-6.19031,2.372475405923791
-6.06932,2.3441391852355986
-5.94834,2.192061762877455
-5.82736,2.3051856745951076
-5.70637,2.5911350840131866
-5.58539,2.37334124409639
-5.46441,2.0614177943555156
-5.34342,2.3525559719631945
-5.22244,2.565766136041554
-5.10146,2.401316913712283
-4.98047,2.591025335065746
-4.85949,2.7686418530925625
-4.73851,2.7777495425899565
-4.61752,2.6736500879464713
-4.49654,2.9218042432331295
-4.37556,3.2443998574000252
-4.25457,3.2560781766059437
-4.13359,4.035564551531918
-4.01261,4.411314748196139
-3.89163,4.984649878760557
-3.77064,6.162097722230569
-3.64966,7.655755116952604
-3.52868,8.96075112474257
-3.40769,11.251082758072068
-3.28671,15.502808541856332
-3.16573,17.396718138186447
-3.04474,16.425845066895292
-2.92376,19.77760738455737
-2.80278,25.245314677485407
-2.68179,30.770769067590617
-2.56081,40.881740721426226
-2.43983,52.53917816452619
-2.31884,63.481221881435765
-2.19786,77.38611889420201
-2.07688,93.28469024280297
-1.95589,109.2953675632198
-1.83491,126.75513610342621
-1.71393,147.22795519296662
-1.59295,168.98041754686793
-1.47196,190.2707558093285
-1.35098,216.95212441553156
-1.23,242.15847453382472
-1.10901,270.95210526470856
-0.988029,300.5847261874246
-0.867046,327.55796070251114
-0.746063,349.90144691833785
-0.62508,363.1638338179964
-0.504097,366.87920397394305
-0.383113,367.710276037017
-0.26213,359.8160489789665
-0.141147,348.2272966992819
-0.0201639,332.7923962393676
0.100819,319.99456411253607
0.221802,302.67017715984457
0.342786,277.9020126041878
0.463769,245.2540945932807
0.584752,209.56771436400115
0.705735,175.12359646564192
0.826718,139.90781088414928
0.947701,106.85139108632305
1.06868,78.73790920152851
1.18967,56.37376219391829
1.31065,39.11515095267976
1.43163,25.629288679506548
1.55262,18.585689621137778
1.6736,13.772977304801563
1.79458,9.005932335722758
1.91557,9.418153801732993
2.03655,9.535047479309744
2.15753,6.913704918225976
2.27852,7.859718748066494
2.3995,6.708827940166928
2.52048,6.306586999242794
2.64147,5.172416333000397
2.76245,5.214253515649156
2.88343,5.518677945028298
3.00442,4.578998618194453
3.1254,6.420534396351328
3.24638,5.578045496462995
3.36736,5.833819469610586
3.48835,7.834270250522219
3.60933,7.80053533916107
3.73031,7.960334226056313
3.8513,8.903033490370083
3.97228,10.524077003986319
4.09326,10.12809690905716
4.21425,10.614932927925143
4.33523,11.731720539405023
4.45621,11.200174714431764
4.5772,12.3209029760379
4.69818,11.319499073394788
4.81916,11.584664315534852
4.94015,11.300237764833778
5.06113,10.28270297662715
5.18211,10.848425655031804
5.3031,9.301315366915036
5.42408,10.52062617298791
5.54506,10.371702743871
5.66605,10.256702051495088
5.78703,9.823735088137981
5.90801,10.59961963519155
6.02899,11.193733408758112
6.14998,11.003731464213006
6.27096,11.77018054806709
6.39194,11.14064511757132
6.51293,11.653087996558742
6.63391,10.369231551128275
6.75489,10.524795159850445
6.87588,9.45734301481095
6.99686,9.670580063698583
7.11784,10.045037579807369
7.23883,10.681850323059654
7.35981,10.187891671159743
7.48079,10.697646069219912
7.60178,11.549018004719938
7.72276,12.549777408510625
7.84374,11.713508843260826
7.96473,12.274248624823592
8.08571,12.621486192256583
8.20669,11.289097141813315
8.32767,11.291711965728865
8.44866,9.360900206534257
8.56964,8.394232950611498
8.69062,7.275217214527518
8.81161,5.403489427272539
8.93259,4.956034129712944
9.05357,4.45729145490276
9.17456,4.114208142929957
9.29554,4.1317053660606184
9.41652,3.410006599668248
9.53751,2.717608592532357
9.65849,3.298500932497768
9.77947,2.528674674656979
9.90046,2.2648978671875692
10.0214,1.9828209751599093
10.1424,1.727989811762141
10.2634,1.6579714564348236
10.3844,1.5203838414193998
10.5054,1.3525637059494238
10.6264,1.445069546950452
10.7473,1.0996770876606825
10.8683,1.152459702248895
10.9893,1.052241972122294
11.1103,1.0542749056453675
11.2313,1.108184472512676
11.3523,0.9296361932877835
11.4732,1.127902454546258
11.5942,1.1908129082439873
11.7152,0.9080215432027834
11.8362,0.5012212332540783
11.9572,0.7383747138425093
12.0782,0.76039447749189
12.1991,0.9042061099964345
12.3201,0.6211827253683577
12.4411,0.7365296056992848
12.5621,0.8202371166520822
12.6831,0.7401314335716878
12.8041,0.7569804749993368
12.925,0.7973960773221848
13.046,0.7947075963949303
13.167,0.9749757668431481
13.288,0.644738237711801
13.409,0.6790145281089883
13.53,0.7658156335534203
13.6509,0.7863917197733717
13.7719,0.6499899826464081
13.8929,0.5219372677962703
14.0139,0.5565192347920368
14.1349,0.6970420817239272
14.2559,0.8624389015087902
14.3768,0.721610377978321
14.4978,0.6957309869155685
14.6188,0.810727996440893
14.7398,0.7982118287268238
14.8608,0.7578625177145111
14.9817,0.6913340316018038
15.1027,0.8504810539434489
15.2237,0.5488320207653844
15.3447,0.49281070737247734
15.4657,0.5499935918399816
15.5867,0.649291345890381
15.7076,0.3738126489713061
15.8286,0.6422828812265956
15.9496,0.4551856009380956
16.0706,0.5421060307414901
16.1916,0.7518248524650055
16.3126,0.9581502956592448
16.4335,0.7976829713827774
16.5545,0.6603373196508064
16.6755,0.5891997460306236
16.7965,0.4152903854029478
16.9175,0.37454148510213253
17.0385,0.4102404606804141
17.1594,0.6337301973124027
17.2804,0.6501262481180631
17.4014,0.5222665146385944
17.5224,0.6238093344057792
17.6434,0.5576307190986738
17.7644,0.6018293455427195
17.8853,0.4663512673425433
18.0063,0.40746248648393824
18.1273,0.3258055867370237
18.2483,0.48589431397332433
18.3693,0.6566791441644494
18.4903,0.4820998730153119
18.6112,0.6311588310337614
18.7322,0.7573796960027811
18.8532,0.4889735453476757
18.9742,0.47074932751148296
19.0952,0.6970468694296884
19.2162,0.5298185680487667
19.3371,0.6306266591241886
19.4581,0.5706024554301421
19.5791,0.6152481799352406
19.7001,0.526464964305812
19.8211,0.42520351432334247
19.9421,0.5316806173046835
20.063,0.3685049247078026
20.184,0.5868563482032108
20.305,0.424279487111496
20.426,0.41102343471484415
20.547,0.49335945210968407
20.668,0.41487459157187007
20.7889,0.5308387176608889
20.9099,0.5990009162932256
21.0309,0.6547268650691933
21.1519,0.6733539867594156
21.2729,0.4188399167970394
21.3939,0.43090125246382693
21.5148,0.434596993026154
21.6358,0.43174388867773866
21.7568,0.5218706082006771
21.8778,0.33697825055758357
21.9988,0.3315744038938042
22.1198,0.5520880289678295
22.2407,0.4888394895863716
22.3617,0.509340813939442
22.4827,0.3967719078049915
22.6037,0.6183097336267828
22.7247,0.5551897257307512
22.8457,0.5716730600952826
22.9666,0.5914087198116736
23.0876,0.7063011363803765
23.2086,0.6055946919811085
23.3296,0.4578033711341116
23.4506,0.6180574583616911
23.5716,0.4319379749035828
23.6925,0.31659661884853474
23.8135,0.48659368729946884
23.9345,0.28017801426588995
24.0555,0.4072142623544906
24.1563,0.45782583652268194
24.2571,0.5421454372427528
24.3784,0.6375673593372048
24.5003,0.5578631069706049
24.6228,0.43306492718267803
24.7459,0.4624205609128755
24.8696,0.6098200264575987
24.994,0.6578447663746901
25.119,0.49237613100341465
25.2446,0.5345296705174551
25.3708,0.645728556234182
25.4976,0.5672716853608163
25.6251,0.5254809066294256
25.7533,0.584476121869945
25.882,0.6005385064125794
26.0114,0.5580277303917669
26.1415,0.5873306993585946
26.2722,0.5174994328410097
26.4036,0.6079178341303021
26.5356,0.5908872281687981
26.6682,0.5441378594093886
26.8016,0.5471765794273019
26.9356,0.6253362442584358
27.0703,0.5961069323033137
27.2056,0.48607477365200286
27.3417,0.5329725612899994
27.4784,0.419679606730483
27.6158,0.39697556944235746
27.7538,0.5396760859253235
27.8926,0.5639810583628697
28.0321,0.46854956085689614
28.1722,0.5765598345368889
28.3131,0.5366311050614152
28.4547,0.5827621232075565
28.5969,0.5355468738491092
28.7399,0.6146180442000995
28.8836,0.5418983179684805
29.028,0.5477102244771087
29.1732,0.5104946510278098
29.319,0.55320614240552
29.4656,0.5480902946575096
29.613,0.6117045411020855
29.761,0.5347009230696707
29.9098,0.5465434974116925
30.0594,0.5161820771866555
30.2097,0.5443323139202912
30.3607,0.5179737839963937
30.5125,0.5169484783934521
30.6651,0.49691340292447783
30.8184,0.5065911976924732
30.9725,0.572491021210273
31.1274,0.5734651351900792
31.283,0.5219984031159862
31.4394,0.5737140958896441
31.5966,0.545662559551694
31.7546,0.5326992937765717
31.9134,0.5541474790151172
32.0729,0.5854329264520005
32.2333,0.5263080748708792
32.3945,0.5592618536228936
32.5564,0.582544098452908
32.7192,0.5685072817321771
32.8828,0.5588854662930782
33.0472,0.5446015302980751
33.2125,0.47309861789983226
33.3785,0.46894841357528194
33.5454,0.4911655780160335
33.7132,0.4957801897993876
33.8817,0.6480133967372887
34.0511,0.4943645020344065
34.2214,0.6144582084846983
34.3925,0.5654704031395563
34.5645,0.5730025691565681
34.7373,0.5216378520436875
34.911,0.5373595729071833
35.0855,0.5413562023623275
35.2609,0.5598444805854849
35.4373,0.6134097009230696
35.6144,0.5773365477253241
35.7925,0.5819423206672736
35.9715,0.606403814254694
36.1513,0.580501957803371
36.3321,0.5149483222405873
36.5137,0.585134615554593
36.6963,0.5413263712725868
36.8798,0.5654961830936533
37.0642,0.6262374377966536
37.2495,0.5669770573139938
37.4358,0.5851401398304709
37.6229,0.6483717380992364
37.8111,0.5244614935874204
38.0001,0.5399570874249803
38.1901,0.5506708680626143
38.3811,0.5214047276016393
38.573,0.4722924419067147
38.7658,0.5833414356046208
38.9597,0.4969307123222287
39.1545,0.545565700581301
39.3502,0.5768040075306927
39.547,0.6293630730883794
39.7447,0.615740208773434
39.9434,0.5506167301590106
40.1432,0.5438925815604089
40.3439,0.5558721579442032
40.5456,0.5241281956094529
40.7483,0.5549982175003167
40.9521,0.57767279198376
41.1568,0.5339974986078826
41.3626,0.5692114427640824
41.5694,0.5667811296628569
41.7773,0.5678056986956816
41.9862,0.4858523294766521
42.1961,0.577764126678275
42.4071,0.485347778946469
42.6191,0.5330373794603002
42.8322,0.4888022927954602
43.0464,0.574600189740462
43.2616,0.6514561254644075
43.4779,0.5632006623238494
43.6953,0.5474034430233552
43.9138,0.5451782646997297
44.1333,0.5483466210582448
44.354,0.5675320628971952
44.5758,0.5734478257923286
44.7987,0.5277149237944555
45.0226,0.5020944371278478
45.2478,0.5697682897725765
45.474,0.5174231978338945
45.7014,0.565154782844398
45.9299,0.5520014819790754
46.1595,0.5729742112070616
46.3903,0.538105350150702
46.6223,0.48600885062652643
46.8554,0.529797207515372
47.0897,0.5311889567515489
47.3251,0.5456713983930986
47.5617,0.4976584435978799
47.7995,0.4777537410396244
48.0385,0.5416924466207634
48.2787,0.4906282501156415
48.5201,0.4897786164856175
48.7627,0.5353748847267766
49.0065,0.5429943343026594
49.2516,0.5160605431173414
49.4978,0.4724983132544318
49.7453,0.4963978038425389
49.994,0.5339418875640446
50.244,0.5252761401368841
50.4952,0.5259475237985802
50.7477,0.5868103125708948
51.0015,0.49699111107182736
51.2565,0.5630949645120517
51.5127,0.5186643184811334
51.7703,0.5054034783787207
52.0292,0.48635577515165973
52.2893,0.5806028679094077
52.5507,0.46602496678068767
52.8135,0.5708823520746232
53.0776,0.5022141297718694
53.343,0.502360338940105
53.6097,0.4790648358479837
53.8777,0.4936986426485883
54.1471,0.5284095094148392
54.4178,0.5654158969508942
54.6899,0.4739423589689196
54.9634,0.49954369481248384
55.2382,0.5614855588062849
55.5144,0.4823068492182043
55.792,0.5045122285370833
56.0709,0.5136066597723703
56.3513,0.5507876144261675
56.633,0.510065598934625
56.9162,0.5407131766501379
57.2008,0.5294642778224632
57.4868,0.5029031911163752
57.7742,0.5390536841764115
58.0631,0.5537537822875511
58.3534,0.5653131454195649
58.6452,0.5688777765010562
58.9384,0.5070095695189607
59.2331,0.5405526043646197
59.5293,0.48934477668667187
59.8269,0.47034826508274613
60.126,0.553105600584542
60.4267,0.5001248486348409
60.7288,0.4990398808524176
61.0324,0.5190694320455141
61.3376,0.4913206260256738
61.6443,0.5133525430819861
61.9525,0.5306807233707805
62.2623,0.52054146742445
62.5736,0.49956836991140524
62.8865,0.49544726010647855
63.2009,0.5639320764500856
63.5169,0.5434418006487709
63.8345,0.5909719337322595
64.1537,0.5619856899157655
64.4744,0.5731053206878973
64.7968,0.5927798450845732
65.1208,0.5377293311059452
65.4464,0.6383507016566935
65.7736,0.5906736228348523
66.1025,0.6036405714605596
66.433,0.6512141621809546
66.7652,0.6228134916075199
67.099,0.6171746790763999
67.4345,0.5987788404029332
67.7716,0.6362389551310947
68.1105,0.6262643226059261
68.4511,0.6669130493708216
68.7933,0.7254298623203135
69.1373,0.7366728685870524
69.483,0.7636044500620193
69.8304,0.6912935202453662
70.1795,0.7123829958369058
70.5304,0.8053760779703661
70.8831,0.7415500676171366
71.2375,0.7602309589259039
71.5937,0.8671426382763081
71.9517,0.8653535094619794
72.3114,0.9657494895569086
72.673,1.1278479483575958
73.0363,1.2187826852989445
73.4015,1.2975065628397429
73.7685,1.2604176794505777
74.1374,1.1233335101101611
74.5081,0.999254222756481
74.8806,0.8399646740971858
75.255,0.800785773000875
75.6313,0.8292612054411908
76.0094,0.8052269225216624
76.3895,0.6874968695770023
76.7714,0.7888827999092543
77.1553,0.7243165365883837
77.5411,0.7382402897961466
77.9288,0.72258633338342
78.3184,0.7743193355548286
78.71,0.7368640085324283
79.1035,0.7018110049468047
79.4991,0.7739234291169113
79.8966,0.7091792841127719
80.296,0.738423327470235
80.6975,0.7127667488678915
81.101,0.7572813638921542
81.5065,0.6886013564675275
81.9141,0.6698298670343625
82.3236,0.6521864347354681
82.7352,0.7707112468364314
83.1489,0.6477430755043295
83.5647,0.6805152897224899
83.9825,0.7208480279071684
84.4024,0.7258014619443682
84.8244,0.743565323457401
85.2485,0.7760465924793244
85.6748,0.7016113944450828
86.1031,0.6311098491209772
86.5337,0.7049690493236813
86.9663,0.6520354378614717
87.4012,0.6790406763481444
87.8382,0.7530048377925286
88.2774,0.7099482633149778
88.7187,0.7543199837365318
89.1623,0.7284803674600999
89.6082,0.7652897224898427
90.0562,0.7722989237237449
90.5065,0.7244686383175559
90.959,0.7316096856024111
91.4138,0.7258069862202462
91.8709,0.7184191879461773
92.3302,0.6946202391790484
92.7919,0.6862973651413771
93.2558,0.6970512888503907
93.7221,0.703844306754937
94.1907,0.717813359024899
94.6617,0.7143013927067773
95.135,0.7328732716382202
95.6107,0.6607232823921438
96.0887,0.6991000586309811
96.5692,0.6795989964968723
97.052,0.6825625863628462
97.5373,0.7002516860089978
98.0249,0.6960200906865128
98.5151,0.7650996873996424
99.0076,0.7227237037102511
99.5027,0.7656451175713218
100.0,0.7606147119568898
100.5,0.7566968955042704
101.003,0.7652609962552775
101.508,0.7067972163542137
102.015,0.7281146603969816
102.525,0.7312999578681892
103.038,0.7156868810969591
103.553,0.6768420145487328
104.071,0.7536633314771767
104.591,0.7523456075377637
105.114,0.7591990241919085
105.64,0.7660656991081608
106.168,0.7598147968097672
106.699,0.7391042865434531
107.232,0.7415644307344194
107.768,0.763193443936702
108.307,0.7301070825636174
108.849,0.706156400352375
109.393,0.7215857028793998
109.94,0.7731349308066031
110.49,0.7500581890392471
111.042,0.7321359649510474
111.597,0.727081620807811
112.155,0.6973392877661595
112.716,0.7310425266122782
113.28,0.6817847683192351
113.846,0.6822480709228633
114.415,0.6642065224757004
114.987,0.6732895368741731
115.562,0.6832726399556878
116.14,0.7141433984166689
116.721,0.6959412776839878
117.305,0.746181620513183
117.891,0.7320667273600443
118.481,0.654280871863316
119.073,0.7242870737837017
119.668,0.7172889211015551
120.267,0.7523599706550463
120.868,0.7418785778893433
121.472,0.7363200515009825
122.08,0.683157735017427
122.69,0.7463370368078818
123.304,0.7163310116643242
123.92,0.6758579568723461
124.54,0.709921746790764
125.162,0.7641288879853627
125.788,0.6768210223003969
126.417,0.6848150177808026
127.049,0.7411825191287258
127.684,0.6999143368953863
128.323,0.8055211822834262
128.964,0.7215160970033381
129.609,0.7520428772196539
130.257,0.7569116056933922
130.909,0.738804134220753
131.563,0.7146103838708822
132.221,0.7502312830167555
132.882,0.6904361526291133
133.546,0.7529046642566094
134.214,0.697695419417756
134.885,0.7866241076453031
135.56,0.7426280379834478
136.238,0.7966823408787577
136.919,0.7685718789314431
137.603,0.7586499111696436
138.291,0.7415382824952637
138.983,0.776130929757727
139.678,0.7564637710622223
140.376,0.7911691135525953
141.078,0.8516860826549524
141.783,0.804795292433068
142.492,0.8179692172616678
143.205,0.7242215190432835
143.921,0.7768586610333783
144.64,0.6896137720934203
145.364,0.7707874818435463
146.09,0.7511136940169877
146.821,0.6737222718179435
147.555,0.6979296487149799
148.293,0.6908696241430003
149.034,0.7262655011181134
149.779,0.7102561496239074
150.528,0.7371814702528793
151.281,0.7845502944807327
152.037,0.7938384436568051
152.797,0.842308440209657
153.561,0.9025561929342302
154.329,0.8653483534711598
155.101,0.8822342234046625
155.876,0.8343461172442849
156.656,0.8112399126722466
157.439,0.8595957408569548
158.226,0.8060839218528569
159.017,0.9382908921631883
159.812,0.8150037859704014
160.612,0.7809816122635977
161.415,0.6981579854512665
162.222,0.7488977228198258
163.033,0.6865249653075471
163.848,0.7036207577244104
164.667,0.653127034774948
165.491,0.6921910309329982
166.318,0.6781229099822924
167.15,0.6384777600018855
167.985,0.6407648102153434
168.825,0.6014614287692504
169.669,0.6451643435245176
170.518,0.5784137815215181
171.37,0.5813957856404179
172.227,0.4940812908243987
173.088,0.5274066692004674
173.954,0.5235812922975391
174.823,0.48815263795221703
175.698,0.4471050584689357
176.576,0.5017154718026228
177.459,0.5338601282810514
178.346,0.5318087805050513
179.238,0.5412018909228041
180.134,0.6014820527325275
181.035,0.5900309654077204
181.94,0.6676536706235213
182.85,0.723448120420375
183.764,0.8154199480865381
184.683,0.8430564271635276
185.606,0.8559799181523287
186.534,0.8845021227950771
187.467,0.9364255283417446
188.404,0.917880165934516
189.346,0.9868304945921016
190.293,1.0637936012680793
191.244,1.032958198172717
192.201,1.0667409865914774
193.162,1.1046345728335263
194.128,1.1139168294486628
195.098,0.9374375756825793
196.074,0.9098846973138762
197.054,0.8075677423536657
198.039,0.7215963831460972
199.029,0.6756465612487512
200.025,0.6879056659919681
201.025,0.6840924424959707
202.03,0.711744757830477
203.04,0.6783361470311805
204.055,0.6966804257964531
205.075,0.6945421627466406
206.101,0.687464460491852
207.131,0.7197623235546283
208.167,0.7609229665508777
209.208,0.8135748399433134
210.254,0.7509457560302994
211.305,0.7707753284366151
212.362,0.7351411710286347
213.424,0.8364088818570994
214.491,0.7897526892174971
215.563,0.7795283594226466
216.641,0.8809021363479675
217.724,0.7791652303549383
218.813,0.7488859376979533
219.907,0.7402113514293879
221.006,0.6653721446859413
222.111,0.6751390644381001
223.222,0.7881355495255014
224.338,0.8004469507470293
225.46,0.90645633170404
226.587,0.9114848958931798
227.72,0.8139825315031037
228.859,0.7863022265041498
230.003,0.756051291796671
231.153,0.7732590428713271
232.309,0.8283913161329477
233.47,0.8231075303982484
234.638,0.7908715392253048
235.811,0.6822930017000038
236.99,0.5970519517634961
238.175,0.5274902699087535
239.366,0.5915184687591151
240.562,0.5458095052900466
241.765,0.5980603162537453
242.974,0.5771174181155001
244.189,0.5396182651711345
245.41,0.5106386504856942
246.637,0.5897554881839422
247.87,0.6255211233578167
249.109,0.7140071329450132
250.355,0.6256584936846478
251.607,0.6390776963622273
252.865,0.5965669203414149
254.129,0.578393525843299
255.4,0.5729348047057992
256.677,0.5093430236497934
257.96,0.48103994861686855
259.25,0.49064997893409457
260.546,0.47861258179611144
261.849,0.4567327664689712
263.158,0.5776982036527984
264.474,0.578962157973666
265.796,0.5994181832645373
267.125,0.560771822362858
268.461,0.4876046297851277
269.803,0.44454510902710864
271.152,0.38652069320086835
272.508,0.45165816664751585
273.871,0.44252432891096644
275.24,0.46558007842998606
276.616,0.5310254381855627
277.999,0.5404992030311332
279.389,0.5169337469911109
280.786,0.5656633845102248
282.19,0.6009579830942423
283.601,0.5756159199318819
285.019,0.5172412650149819
286.444,0.515286039639257
287.876,0.47955870611146934
289.316,0.4314109589848292
290.762,0.46463800525027144
292.216,0.416009277837194
293.677,0.4808786397612331
295.146,0.4358705227585435
296.621,0.5173344411347892
298.104,0.48239155478166595
299.595,0.5055286952986202
301.093,0.5543389872455519
302.598,0.5211307235180944
304.111,0.5851994337248938
305.632,0.5595450648329017
307.16,0.5746020311657545
308.696,0.6759032559345453
310.239,0.6930999584574454
311.791,0.6885376431524023
313.35,0.6901312126006522
314.916,0.7947458980410179
316.491,0.8313191823482443
318.073,0.7246192669064938
319.664,0.6404900695616816
321.262,0.5954933693958063
322.868,0.5316655176172841
324.483,0.4350982289908106
326.105,0.43777381994101544
327.736,0.49474935992056823
329.374,0.4777692090120825
331.021,0.46037915683345554
332.676,0.4863837648161079
334.34,0.49161341264720343
336.011,0.4235421804243233
337.691,0.5488600104298327
339.38,0.6434245649080318
341.077,0.7110803715848927
342.782,0.6683475196737878
344.496,0.5846138604818346
346.218,0.495731576171662
347.95,0.4528915533085256
349.689,0.5839196431465096
351.438,0.6941193714994506
353.195,0.7986276225579015
354.961,0.8007227962558667
356.736,0.797441008099325
358.519,0.6795201834943474
360.312,0.6585216743122643
362.114,0.5731182106649461
363.924,0.44689218970510675
365.744,0.41954076326341805
367.572,0.4320285730279808
369.41,0.4721624372810545
371.257,0.5101908158545244
373.114,0.5109012377324246
374.979,0.5954068224070522
376.854,0.656731808927819
378.738,0.6940652335958468
380.632,0.6661083465179384
382.535,0.6491149373473458
384.448,0.5670879111166108
386.37,0.6078018243368657
388.302,0.6363306581106681
390.244,0.7257550580269939
392.195,0.8114037995232918
394.156,0.8657700398631748
396.127,0.8939523173969022
398.107,0.945278732863696
400.098,0.9501783972823509
402.098,1.0
404.109,0.9773147452498594
406.129,0.9705055228027376
408.16,0.8240403964514998
410.201,0.7881911605693392
412.252,0.6646760859253235
414.313,0.6026288924047836
416.384,0.5470263191234226
418.466,0.5416659300965495
420.559,0.5125423159532247
422.662,0.5227279758169298
424.775,0.471369519550044
426.899,0.45740930612148684
429.033,0.45989670340678407
431.178,0.47684113066459244
433.334,0.49641253524488005
435.501,0.51306638559151
437.678,0.5065013361381924
439.867,0.5103889532160123
442.066,0.5596496577895236
444.276,0.5324960004242641
446.498,0.5994476460692199
448.73,0.6140564094858445
450.974,0.5941159832769117
453.229,0.5905660835977619
455.495,0.5464226999124954
457.773,0.7506224017489119
460.061,0.8822751030461592
462.362,0.8966864656714131
464.673,0.9722596645365058
466.997,0.951536264293143
469.332,0.9724647993141056
471.679,0.8716788053421958
474.037,0.8067273158501047
476.407,0.7159200055390071
478.789,0.6421926513872562
481.183,0.6357752842424081
483.589,0.6007848891167346
486.007,0.5650984352304435
488.437,0.5363806712216161
490.879,0.5299758257687583
493.334,0.5666459690463774
495.8,0.5525855820819006
498.279,0.5333261149461861
500.771,0.5734353041003384
503.274,0.6505939701423937
505.791,0.6042928042992124
508.32,0.6144250628294308
510.861,0.697872564530908
513.416,0.6880806013947692
515.983,0.728105821555577
518.563,0.6934579315343344
521.155,0.6900630798648245
523.761,0.6582229951297982
526.38,0.7278307126168568
529.012,0.7848898533046953
531.657,0.7100381248692587
534.315,0.8033935995003108
536.987,0.7567712890860933
539.672,0.8836565403006973
542.37,0.9293109975811036
545.082,0.9478725645309078
547.807,1.072420678764094
550.546,1.0197787490682388
553.299,0.9837188541326
556.066,0.7732391554781665
558.846,0.6726137337917745
561.64,0.6454151456493749
564.448,0.6144556304892885
567.271,0.710113623306257
570.107,0.6662096249090335
572.958,0.7589828408625529
575.822,0.8696175138696153
578.702,0.7968546982861485
581.595,0.7743900462860661
584.503,0.852436647604232
587.426,0.7869795027267825
590.363,0.867365819021776
593.314,0.8434077711093629
596.281,0.8251319933649762
599.262,0.9045405128295783
602.259,0.904820777759118
605.27,0.9140687838638111
608.296,0.8616728685870522
611.338,0.8436644657951567
614.395,0.7829512007566046
617.467,0.7857391186496606
620.554,0.8349898795265915
623.657,0.8383998308835009
626.775,0.7186405272663523
629.909,0.7097129291625787
633.058,0.7090102412709074
636.224,0.7293535713338696
639.405,0.8239637931593259
642.602,0.731231456847303
645.815,0.8099888483284275
649.044,0.8058611093924473
652.289,0.7663382300514714
655.551,0.6850057894411201
658.828,0.663603271549832
662.122,0.6070612030841663
665.433,0.6143742394913543
668.76,0.625041247926555
672.104,0.6506481080459974
675.464,0.6353488101446327
678.842,0.5709169708701249
682.236,0.6130119530598594
685.647,0.6415057997531015
689.075,0.6031522254729517
692.521,0.6533933048722639
695.983,0.637150460650951
699.463,0.6039948616868632
702.961,0.5577253683587154
706.475,0.6109764415413761
710.008,0.6047572117580159
713.558,0.6678588054011212
717.126,0.640116996797393
720.711,0.6453982045366825
724.315,0.6414704443874829
727.936,0.6308704638329341
731.576,0.7178181467306599
735.234,0.6383576990728055
738.91,0.7419691760137413
742.605,0.8760967529042958
746.318,0.8184873943390166
750.049,0.7015756707944055
753.8,0.7207968362840332
757.569,0.651997872785502
761.356,0.8074241111808397
765.163,0.927852220464275
768.989,1.1109447690263428
772.834,1.0868777087366053
776.698,1.119130272737183
780.582,1.1675520239473673
784.485,1.1648303973648468
788.407,1.1585875973377409
792.349,0.8537039164906263
796.311,0.6952091269876344
800.292,0.6689964379469139
804.294,0.6393520687308307
808.315,0.6530622166046475
812.357,0.6924724007177139
816.419,0.6672128334084634
820.501,0.5911004652176858
824.603,0.5883865726213939
828.726,0.6126561896933217
832.87,0.6678414960033704
837.034,0.741110703542313
841.219,0.7867854165009383
845.425,0.8844498263167663
849.653,0.8582901703244739
853.901,0.8264110473732434
858.17,0.8340330749445363
862.461,1.0484792036793151
866.773,1.0555815810330247
871.107,0.8715760538108664
875.463,0.717368838959256
879.84,0.6476594747960438
884.239,0.6894734554861215
888.661,0.6641059806547223
893.104,0.7040181373025624
897.569,0.8125646340277715
902.057,0.8019624437628714
906.568,0.7384925650612383
911.1,0.8054018579244631
915.656,0.7599341211687303
920.234,0.8428188833007768
924.835,0.8794308375391486
929.46,0.8814258377011939
934.107,0.9005825533055792
938.777,1.0163095038169063
943.471,1.1883498177725527
948.189,1.2672095924999482
952.93,1.0476196263527109
957.694,0.8823911128395954
962.483,0.8011113369926137
967.295,0.8054541544027741
972.132,0.8286863124648286
976.992,0.970491896255572
981.877,1.0630717625533646
986.787,1.1335736761625286
991.72,1.139251895194911
996.679,1.0657992816968216
1001.66,1.0475179796765572
1006.67,0.8729040897319178
1011.7,0.7673499091072475
1016.76,0.8046163058946233
1021.85,0.8221312067080913
1026.96,0.9591225682137584
1032.09,1.1802784824298562
1037.25,1.135791120499925
1042.44,1.0792387400526204
1047.65,0.8881901293711753
1052.89,0.9063307464990822
1058.15,0.9463419718276662
1063.44,0.8934731785357574
1068.76,0.7286781365365295
1074.1,0.7692907713656891
1079.47,0.8850129341712555
1084.87,0.8789380721308384
1090.3,0.85887648013765
1095.75,1.0814060976220568
1101.23,1.206116625566054
1106.73,1.0230454375373808
1112.27,0.7707458656319327
1117.83,0.8710173653770796
1123.42,0.9363968021071797
1129.03,0.988130909133764
1134.68,0.8707757703786855
1140.35,0.9302438636343549
1146.05,0.8802561643553096
1151.78,1.0591196955903017
1157.54,1.0529409771633798
1163.33,0.8621928870896935
1169.15,0.6905171753419894
1174.99,0.677743576372009
1180.87,0.7324556363818496
1186.77,0.7341515890763705
1192.71,0.757066285417974
1198.67,0.8810951177186359
1204.66,0.8677381552159475
1210.69,0.8181592523518681
1216.74,0.9444858151326855
1222.82,0.9308467462751647
1228.94,1.0360536340896433
1235.08,0.9461261567833686
1241.26,0.9828187654495582
1247.46,0.9554360347778945
1253.7,1.0914613845750432
1259.97,1.1250346187955016
1266.27,0.9574671268756757
1272.6,0.8918516194230592
1278.96,0.8312005945593984
1285.36,0.864644929009372
1291.79,0.8645944739563536
1298.24,0.8598818983474311
1304.74,0.735553650294186
1311.26,0.8012656484321368
1317.82,0.8200481864170579
1324.41,0.9695630813379648
1331.03,1.083692411265398
1337.68,1.238056147266883
1344.37,1.2950379480924303
1351.09,1.119002109536815
1357.85,1.0589617013001933
1364.64,0.857508301145219
1371.46,0.8449052181573371
1378.32,0.7890636278729916
1385.21,0.8631721570603191
1392.14,0.8246149211428032
1399.1,0.9655565081862403
1406.09,0.9914421600949878
1413.12,0.970555977855756
1420.19,0.8645513846045061
1427.29,0.8593618798447897
1434.43,0.874693586831305
1441.6,0.9852155646104577
1448.81,1.0536804935609039
1456.05,1.0314305517499431
1463.33,0.8982546234506245
1470.65,1.0021563090176804
1478.0,0.90345186219657
1485.39,0.8971401928635192
1492.82,0.7633157145761335
1500.28,0.8297760679530126
1507.78,0.7705407308543331
1515.32,0.9013268574088641
1522.9,0.9875994737943083
1530.51,0.9602660933204874
1538.16,0.8846958407358629
1545.86,0.8512507697157721
1553.58,0.8472257823111212
1561.35,0.8419033266452766
1569.16,0.9358252236963444
1577.0,0.9434457781274028
1584.89,0.8665180268170447
1592.81,0.8560263220697031
1600.78,1.0129234909888012
1608.78,1.0143833729608056
1616.83,1.0399036860914936
1624.91,0.9030994133955588
1633.03,0.8275405776477485
1641.2,1.0366955549466577
1649.41,0.8463128036510307
1657.65,0.7726819401846138
1665.94,0.8517022871975273
1674.27,0.9474158910583332
1682.64,0.7372142476230882
1691.06,0.9485723061421107
1699.51,1.0146783692926864
1708.01,0.9166335210113988
1716.55,0.7591507788492415
1725.13,1.0484246974906528
1733.76,0.9824961477382876
1742.43,0.8020725609953713
1751.14,0.8994209822309823
1759.89,0.8952147985775357
1768.69,0.9463997925818549
1777.54,1.077166400028284
1786.42,0.9785330322234694
1795.36,0.8467293340522257
1804.33,0.8181198458506058
1813.35,0.7907209106363671
1822.42,0.8607020691727727
1831.53,0.8108896735815868
1840.69,0.7727390243686857
1849.89,0.8199885242375761
1859.14,0.8241081609022689
1868.44,0.7672147484907679
1877.78,0.7538688345398352
1887.17,0.7483537657883804
1896.61,0.7650190329718247
1906.09,0.8432825541894633
1915.62,0.8447586407040429
1925.2,0.7989115703380267
1934.82,0.6924326259313927
1944.5,0.9559822015196914
1954.22,0.9012152670361301
1963.99,0.8548529658732333
1973.81,0.8506051660081729
1983.68,0.8174142116784663
1993.6,0.6151299604314532
2003.57,0.7118379339502843
2013.59,0.847202580352434
2023.65,0.7889877611509349
2033.77,0.6846481846492892
2043.94,0.787863755152308
2054.16,0.8237332467126874
2064.43,0.7085458338121037
2074.75,0.8646486118599572
2085.13,0.9051787508360069
2095.55,0.7274502741513974
2106.03,0.7594851816823851
2116.56,0.8660915527192694
2127.14,0.667749793023797
2137.78,0.6651253936967274
2148.47,0.9136191078073485
2159.21,0.8098853602269812
2170.01,0.69587314494816
2180.86,0.7801787508360067
2191.76,0.6955206961471487
2202.72,0.7518141721983082
2213.73,0.8332327915123552
2224.8,0.8213714346323482
2235.93,0.7029048115706326
2247.11,0.6363409700923066
2258.34,0.552854430174626
2269.63,0.752752562527437
2280.98,0.6052304580582243
2292.39,0.5371470724284126
2303.85,0.634652014813898
2315.37,0.5308593416241664
2326.94,0.6601395505743775
2338.58,0.8443590514155402
2350.27,0.8302968230257709
2362.02,0.8631187557268325
2373.83,0.8275814572892449
2385.7,0.7245732312741777
2397.63,0.7253551004534324
2409.62,0.7070903712608018
2421.67,0.699043342731968
2433.77,0.7461366897360425
2445.94,0.8123874889146195
2458.17,0.9936065713839562
2470.46,0.9173818762503275
2482.82,0.8743087289451433
2495.23,0.839579447925966
2507.71,0.7349684453361852
2520.25,0.7798259337499371
2532.85,0.8729692761872773
2545.51,0.8753734410493473
2558.24,0.6688148734130597
2571.03,0.9081622280951412
2583.88,0.8364486566434203
2596.8,0.842845399824991
2609.79,0.7583740656608065
2622.84,0.8215150658051742
2635.95,0.908204580876872
2649.13,1.0309598834451448
2662.38,0.930254543901052
2675.69,0.7549836334119989
2689.07,0.9101517039813085
2702.51,0.8929568428837015
2716.02,0.7556546487886366
2729.61,0.8881415157434496
2743.25,1.0702754182981693
2756.97,0.9285328112524343
2770.75,0.9850089566926233
2784.61,0.9660172327944584
2798.53,0.796839598598749
2812.52,0.7669414809773402
2826.59,0.7142060068766185
2840.72,0.8169704281829403
2854.92,0.8503904558190511
2869.2,0.7881672220405349
2883.54,0.8789778469171594
2897.96,0.9775478696919074
2912.45,0.973630053239288
2927.01,0.9020026604912625
2941.65,0.8765368535492366
2956.36,0.7634180978224039
2971.14,0.8092073474342316
2985.99,0.917920677290954
3000.92,0.896127040667509
3015.93,1.1624766875557953
3031.01,1.0603074149040541
3046.16,0.9821374380912816
3061.39,0.9071218228047999
3076.7,0.9672392026186538
3092.08,1.2784231359620044
3107.54,1.1971463063954908
3123.08,1.0489056777770902
3138.7,0.9109788722227622
3154.39,0.7678529864971965
3170.16,0.6481898052803239
3186.01,0.6836486590004449
3201.94,0.7612982490255176
3217.95,0.694335923113865
3234.04,0.8904878598513306
3250.21,1.059767140723194
3266.47,0.9170404760010723
3282.8,0.8315416265235952
3299.21,0.7340304232921149
3315.71,0.6621106122076184
3332.29,0.8882564206817102
3348.95,0.7924201778964146
3365.69,0.8779311807808231
3382.52,0.8367955811685536
3399.43,0.7737525448497545
3416.43,0.8348351998020098
3433.51,0.988277486587058
3450.68,1.0051710905067897
3467.93,0.786990919563597
3485.27,0.9393618651133874
3502.7,0.9667998385438303
3520.21,0.7095306280586073
3537.81,0.8002182457256833
3555.5,0.8407049270648271
3573.28,0.9262221907952306
3591.15,0.9809935446994941
3609.1,0.9892608076933275
3627.15,1.024532204318658
3645.28,0.8517597396666577
3663.51,0.8974852759633598
3681.83,0.9645930744731315
3700.24,0.9090630533483005
3718.74,0.7575910916263762
3737.33,0.9646652583446028
3756.02,0.994846955461078
3774.8,0.8136470238147848
3793.67,0.80451208122306
3812.64,0.7645306869842168
3831.7,0.7681814967694033
3850.86,0.8747944969373413
3870.12,0.8528940576469237
3889.47,0.8388719723285339
3908.92,1.0584656213263564
3928.46,0.9612387341600593
3948.1,1.095330587399937
3967.84,1.043358936510602
3987.68,0.9926777564663489
4007.62,0.8425666080356853
4027.66,0.608887528689406
4047.8,0.8705610601895635
4068.04,0.9079106894001668
4088.38,0.8952008037453116
4108.82,0.8284439808963172
4129.36,0.7397528365315207
4150.01,0.8394343436129057
4170.76,0.9854855175583583
4191.61,1.1184334774064482
4212.57,1.114716008025668
4233.63,1.0591760432042567
4254.8,1.0614579374268953
4276.08,1.021343960566982
4297.46,1.072008199498543
4318.94,1.1533697346285183
4340.54,1.088208690938125
4362.24,1.1607162849760322
4384.05,1.0012724248772136
4405.97,0.8501646970781735
4428.0,0.8172473785469533
4450.14,0.8949013879927284
4472.39,0.8229289121448626
4494.75,0.7441777815097329
4517.23,0.727048106867485
4539.81,0.7619828909493207
4562.51,0.8770159924103813
4585.33,0.8057031151023388
4608.25,0.6942965166126023
4631.29,0.8436755143469127
4654.45,0.9505584674627516
4677.72,0.882626446991995
4701.11,1.002357024374578
4724.62,1.0906445283152282
4748.24,1.0661473110771305
4771.98,1.0003642339228838
4795.84,0.7972859600896846
4819.82,0.8726264027977878
4843.92,0.8628561684801022
4868.14,0.9244002846106929
4892.48,1.0212032756746243
4916.94,0.9262435513286249
4941.53,0.8907578127992314
4966.23,0.9676358456266885
4991.07,0.8402953940797437
5016.02,1.0041745111384133
5041.1,1.0831333545465527
5066.31,0.9196424099395717
5091.64,0.8711521577085009
5117.1,0.8922512087115619
5142.68,0.8169939984266861
5168.4,0.6476627893615703
5194.24,0.6060447363226293
5220.21,0.7422965814307726
5246.31,0.7856525716609066
5272.54,0.8087573030927105
5298.9,0.914506306513342
5325.4,1.0900799473205054
5352.03,1.1518722875805438
5378.79,1.0347057107754316
5405.68,0.9208717454649376
5432.71,0.9064500708580451
5459.87,0.8419342625901929
5487.17,0.8631194922969498
5514.61,0.8713926478517193
5542.18,0.8222383776601229
5569.89,0.8279335378051977
5597.74,0.9099657200267522
5625.73,1.1695510752450564
5653.86,1.1335298502405637
5682.13,1.050185100070416
5710.54,0.8297315054609309
5739.09,0.7216866129854363
5767.79,0.8678972543612316
5796.62,0.9614961654159703
5825.61,0.8674424223139495
5854.74,0.809594783315803
5884.01,0.775883073913338
5913.43,0.9150837774851138
5943.0,1.0068957694358756
5972.71,1.0411355996122693
6002.57,0.8245125378965322
6032.59,0.6317097854813191
6062.75,0.6819125632345446
6093.06,0.7012442142417304
6123.53,0.6326452295299798
6154.15,0.684373075710569
6184.92,0.7871124536329109
6215.84,0.9554581318814062
6246.92,1.0052267015506273
6278.16,0.9818236592214158
6309.55,1.1286272395414407
6341.09,1.0201879137682632
6372.8,0.5872706688940547
6404.66,0.5181188883094537
6436.69,0.6289520669630623
6468.87,0.9454672948136624
6501.22,1.004779971774633
6533.72,0.9520397099681506
6566.39,0.9398461599653518
6599.22,1.0369084237104866
6632.22,1.1308163259293305
6665.38,1.045366090079579
6698.71,1.131879933178359
6732.2,1.2028550930877309
6765.86,1.1559580420198516
6799.69,1.1491182519128722
6833.69,1.27738604523719
6867.86,1.1591275032335424
6902.2,0.9907420501987266
6936.71,0.8860783828455765
6971.39,1.0756015568145993
7006.25,1.1068159252351866
7041.28,1.075628441623872
7076.49,0.976877222600328
7111.87,1.1935912507255215
7147.43,1.324712516683313
7183.16,1.3910925839174333
7219.08,1.4939343450860458
7255.18,1.2090227629628973
7291.45,1.2805941763820263
7327.91,1.3389552047517612
7364.55,1.2488671551599682
7401.37,1.0530227364463731
7438.38,1.0362447740350194
7475.57,0.9124685852845076
7512.95,0.7062057505502176
7550.51,1.0314640656902692
7588.26,1.0537066418000594
7626.21,0.9616423745842059
7664.34,0.8241254703000194
7702.66,1.058665600113137
7741.17,1.0278942786179586
7779.88,0.8413284336689145
7818.78,1.0469287235829126
7857.87,0.8242020735921932
7897.16,0.7278019863822917
7936.65,0.8495783872649971
7976.33,0.8844512994570003
8016.21,0.9594252985318683
8050.87,1.0997404326907494
