energy_cm-1,relative_intensity_final
-20.1034,1.3915837873871928
-19.9824,1.0309747258336734
-19.8614,0.7000983954622872
-19.7404,0.5172575660657999
-19.6194,0.5916528010049554
-19.4985,0.6559075810938908
-19.3775,0.8269097620937597
-19.2565,0.7481520264802668
-19.1355,0.6760060536233113
-19.0145,0.5585406374993257
-18.8935,0.5648762879844633
-18.7726,0.6000036414220428
-18.6516,0.5133404748876746
-18.5306,0.46988545897331163
-18.4096,0.5312686406128377
-18.2886,0.6382809597940765
-18.1676,0.6379378954507271
-18.0467,0.4573696602110098
-17.9257,0.4494593162603944
-17.8047,0.5563327026672935
-17.6837,0.6602107015421133
-17.5627,0.7499685180760961
-17.4417,0.6719565803771665
-17.3208,0.6078680148277165
-17.1998,0.6266080635341446
-17.0788,0.7040442519478718
-16.9578,0.830105967308122
-16.8368,0.7407555469069106
-16.7158,0.7361107300569526
-16.5949,0.6106617176722642
-16.4739,0.5553078831970529
-16.3529,0.5461016361352373
-16.2319,0.6022501676210146
-16.1109,0.7212012068713055
-15.9899,0.6968246029115962
-15.869,0.9134686182633691
-15.748,0.9822114413865918
-15.627,1.1063903681496952
-15.506,1.0430727822005748
-15.385,1.0312553465323644
-15.264,1.0535794793344482
-15.1431,1.0238506207757578
-15.0221,1.0706056320660928
-14.9011,1.0114456445509683
-14.7801,0.9903828887844202
-14.6591,0.9750768551985635
-14.5381,0.9818143915164499
-14.4172,1.0105911819786213
-14.2962,1.0339635048590827
-14.1752,1.1625565480089703
-14.0542,1.1972365652720083
-13.9332,1.6892312168129655
-13.8122,1.9246433718412106
-13.6913,2.073276586234268
-13.5703,1.7588704270289848
-13.4493,1.570690983916089
-13.3283,1.6705380056567274
-13.2073,1.8326864831955116
-13.0863,2.0848310688440703
-12.9654,2.203133549635087
-12.8444,2.22673054247555
-12.7234,2.2033194740938833
-12.6024,2.2446654130413
-12.4814,2.3279148716446896
-12.3604,2.362615697033686
-12.2395,2.383311882981265
-12.1185,2.33895319713002
-11.9975,2.247842505606634
-11.8765,2.0736166449594244
-11.7555,2.004469315720924
-11.6345,2.0619484883281824
-11.5136,2.2305497969281043
-11.3926,2.1247271823485434
-11.2716,1.9658740954245244
-11.1506,1.8919432092295598
-11.0296,2.09889466464237
-10.9086,2.226209375987423
-10.7877,2.230693334463651
-10.6667,2.0809347472583366
-10.5457,2.246882827130713
-10.4247,2.268865456198894
-10.3037,2.0917154758510135
-10.1828,1.755221683608591
-10.0618,1.524757238530484
-9.94078,1.5847462949975724
-9.8198,1.679615550606133
-9.69882,1.6781501190687205
-9.57783,1.6312021702104702
-9.45685,1.4256248217822542
-9.33587,1.5340399747219802
-9.21488,1.759199503687662
-9.0939,1.8638348990805889
-8.97292,1.851837473122837
-8.85194,1.751047727675578
-8.73095,1.8441095663432416
-8.60997,1.8249352636081289
-8.48899,1.6136368365483171
-8.368,1.4844287784088717
-8.24702,1.5336625384372324
-8.12604,1.808732091524927
-8.00505,2.0352532040660614
-7.88407,2.1293910925807467
-7.76309,2.045062886780674
-7.6421,2.088469600869317
-7.52112,1.9952850327920648
-7.40014,2.1924643757176874
-7.27915,2.1515448106845874
-7.15817,2.090651178741802
-7.03719,2.0584739166287753
-6.9162,2.1275121958738255
-6.79522,2.155089898810854
-6.67424,2.080803925799764
-6.55326,2.1722841542267464
-6.43227,2.2116814507117146
-6.31129,2.1768700339866056
-6.19031,2.0188313539924625
-6.06932,2.1576284901777933
-5.94834,2.34772208821104
-5.82736,2.567404841357306
-5.70637,2.709473477346115
-5.58539,2.6952160577078685
-5.46441,2.5102624521220434
-5.34342,2.2973431105836295
-5.22244,2.2627638585972245
-5.10146,2.410937560208698
-4.98047,2.5715870820071363
-4.85949,2.627079849256687
-4.73851,2.6251339041438992
-4.61752,2.8819562721086336
-4.49654,3.104196690737301
-4.37556,3.44791803139715
-4.25457,3.5891396995923146
-4.13359,4.111483388179443
-4.01261,4.896165524788643
-3.89163,5.9266975962761155
-3.77064,7.1143001918971605
-3.64966,8.633767349738356
-3.52868,10.385090977750718
-3.40769,12.0825928466287
-3.28671,13.200370692910592
-3.16573,14.086444276609354
-3.04474,14.340151205715298
-2.92376,15.252471928296735
-2.80278,17.011163174241084
-2.68179,21.042988046887643
-2.56081,27.29346008307837
-2.43983,36.22579128678992
-2.31884,47.33480660002928
-2.19786,58.178788042263605
-2.07688,68.16641876738825
-1.95589,77.81620644743634
-1.83491,89.15769476791232
-1.71393,102.90331157471272
-1.59295,118.63121064759513
-1.47196,137.40894518214816
-1.35098,158.84545727783473
-1.23,183.3736330217252
-1.10901,207.48632058386056
-0.988029,229.8231116625693
-0.867046,246.47157764128335
-0.746063,256.4383424400996
-0.62508,259.4475249890179
-0.504097,256.610703083456
-0.383113,250.606171536025
-0.26213,242.462044436909
-0.141147,234.2925237174102
-0.0201639,225.277249011614
0.100819,215.36628081721986
0.221802,201.86928258205722
0.342786,187.36969874457637
0.463769,170.84746873001072
0.584752,155.14349900198064
0.705735,138.87067749716775
0.826718,122.20319520334158
0.947701,105.4645221452407
1.06868,89.55969620136098
1.18967,74.83122297833641
1.31065,62.39861818630206
1.43163,51.75680310118142
1.55262,44.48074092341838
1.6736,39.73009163282134
1.79458,36.41129187635349
1.91557,33.1248217822545
2.03655,29.793209614895524
2.15753,26.249836232341977
2.27852,23.24036468167419
2.3995,19.583529212296813
2.52048,16.530649598865555
2.64147,13.287144431514276
2.76245,10.949910216789831
2.88343,9.352828749123349
3.00442,8.59832224851067
3.1254,8.631788651093965
3.24638,8.308723228804611
3.36736,8.948611635595764
3.48835,9.78222754841742
3.60933,10.832382838690778
3.73031,11.693897053723498
3.8513,12.662862119192026
3.97228,14.367991707576468
4.09326,15.529836540610523
4.21425,16.654168946569353
4.33523,17.399793460083075
4.45621,17.949320653221015
4.5772,17.950226192035878
4.69818,17.47144662715692
4.81916,17.1045300060883
4.94015,16.88889616745146
5.06113,16.56538760914632
5.18211,16.22163929498986
5.3031,15.557519054848676
5.42408,15.425553149348396
5.54506,15.30044429202278
5.66605,15.607603058023843
5.78703,15.762095686552552
5.90801,16.51298195858412
6.02899,16.7895624128178
6.14998,17.121897084550348
6.27096,17.53928304446003
6.39194,17.30734758047735
6.51293,16.8203834860547
6.63391,15.852187165239636
6.75489,15.617020661698405
6.87588,15.388219903357815
6.99686,15.25668942716
7.11784,15.439413673250767
7.23883,15.907240071826566
7.35981,16.62204158542506
7.48079,17.265958676603187
7.60178,18.30332082276871
7.72276,18.852397173177554
7.84374,19.5505695261142
7.96473,19.77824703098869
8.08571,19.575483403592866
8.20669,18.516432639472242
8.32767,16.621952958221907
8.44866,14.699380380249233
8.56964,12.738910039535437
8.69062,10.745614880122071
8.81161,9.245204497637893
8.93259,8.026449440107278
9.05357,7.436275114252026
9.17456,6.648516072350626
9.29554,6.070448993117906
9.41652,5.564326009386778
9.53751,5.2055707977218955
9.65849,4.743038911195543
9.77947,4.1678213892121425
9.90046,3.688165185693257
10.0214,3.192230476968487
10.1424,2.8815767164777237
10.2634,2.793546783603196
10.3844,2.7840790862920684
10.5054,2.7457979145633757
10.6264,2.2455570797721887
10.7473,1.9798604314218107
10.8683,1.7651629584531077
10.9893,1.8254814769145395
11.1103,1.6329928250499006
11.2313,1.482006751080866
11.3523,1.417842582673767
11.4732,1.49415060459166
11.5942,1.5508932080735531
11.7152,1.471124871875891
11.8362,1.4432458364481295
11.9572,1.4217730064659317
12.0782,1.4220273280054245
12.1991,1.1434373482740807
12.3201,1.0224419491819317
12.4411,1.0006223171004258
12.5621,1.2740430188737408
12.6831,1.3651421503271501
12.8041,1.3381937005325342
12.925,1.2351626501845756
13.046,1.1408941328791504
13.167,1.1040444831492708
13.288,1.0179431552825664
13.409,0.9732866049615817
13.53,1.0920335704432127
13.6509,1.1495911588584813
13.7719,1.110893824610618
13.8929,1.0042483257165316
14.0139,0.9256610433348488
14.1349,0.8919557326387014
14.2559,0.9687762509922389
14.3768,0.9710092711761211
14.4978,1.0553476883713397
14.6188,0.9963903681496948
14.7398,1.0033370068666814
14.8608,0.9479760244148677
14.9817,0.9095919680633797
15.1027,0.9326296461847912
15.2237,0.8396678021224286
15.3447,0.7481390214015428
15.4657,0.7154482995137064
15.5867,0.7931292724091958
15.7076,0.8856757246237198
15.8286,0.8557056652049599
15.9496,0.942572847707638
16.0706,0.848628590365067
16.1916,0.95043311728847
16.3126,0.8831660334317223
16.4335,0.9059904282620587
16.5545,0.8619259461917272
16.6755,0.7549700594187595
16.7965,0.7683242522561401
16.9175,0.6863756868608243
17.0385,0.6573439197885276
17.1594,0.5486671239316567
17.2804,0.5045082346231801
17.4014,0.45007128709819116
17.5224,0.5357714805366953
17.6434,0.5119396256078669
17.7644,0.6016738981326633
17.8853,0.5036608814938693
18.0063,0.5773555569256379
18.1273,0.5491056359194494
18.2483,0.6255282951979467
18.3693,0.5532275715375663
18.4903,0.5565780651525544
18.6112,0.5722652727791178
18.7322,0.6945320869008992
18.8532,0.6972914756043985
18.9742,0.6520268656026262
19.0952,0.5783682190556192
19.2162,0.6299411592438172
19.3371,0.7266829535208119
19.4581,0.790365645013371
19.5791,0.8229565649637398
19.7001,0.8383391647464105
19.8211,0.7930169470625861
19.9421,0.6736193423090853
20.063,0.5670651679678167
20.184,0.543127153063033
20.305,0.6181799440492612
20.426,0.644890256402352
20.547,0.5998142682090369
20.668,0.5520409303544317
20.7889,0.542615041963054
20.9099,0.5401754818622501
21.0309,0.5292309856115661
21.1519,0.5334159236110575
21.2729,0.5270268656026262
21.3939,0.49808353306565345
21.5148,0.45989349322194556
21.6358,0.5408068543508249
21.7568,0.5583727660164769
21.8778,0.5868617878033553
21.9988,0.5360550875867968
22.1198,0.5537722435013139
22.2407,0.4490566982898802
22.3617,0.40322525952357086
22.4827,0.4134952256910994
22.6037,0.5525769322656966
22.7247,0.6787622247740006
22.8457,0.7628359163667471
22.9666,0.751629584531085
23.0876,0.6180581779788372
23.2086,0.5245859568269918
23.3296,0.49418644080858826
23.4506,0.5700555654030226
23.5716,0.6562730719729956
23.6925,0.6346726958853857
23.8135,0.6249079047758502
23.9345,0.5214593432338911
24.0555,0.47036710928890146
24.1563,0.39220022811871413
24.2571,0.45751269681019124
24.3784,0.5296668002496975
24.5003,0.5943020415083577
24.6228,0.5670956094854226
24.7459,0.5645809089297685
24.8696,0.5663519116502385
24.994,0.582183042148015
25.119,0.5939579367587103
25.2446,0.6095170202763627
25.3708,0.5781002180999869
25.4976,0.5557863930269656
25.6251,0.5220333007082468
25.7533,0.549388086962553
25.882,0.5418468753130852
26.0114,0.5402575583590867
26.1415,0.5466377536472022
26.2722,0.5649818506901362
26.4036,0.5975825966999854
26.5356,0.5832617893446982
26.6682,0.5762284501028846
26.8016,0.5518066462695652
26.9356,0.5796377074069221
27.0703,0.6011328868577417
27.2056,0.6173036907450079
27.3417,0.5864323312037114
27.4784,0.5909031882672995
27.6158,0.5514702482332358
27.7538,0.527958992578435
27.8926,0.5129509390630178
28.0321,0.5177136878935241
28.1722,0.5175849857811141
28.3131,0.4965196482656042
28.4547,0.49070454773152883
28.5969,0.5117673805652102
28.7399,0.5135992663208919
28.8836,0.5413274428354539
29.028,0.5532275715375662
29.1732,0.5546743142951824
29.319,0.5152567876877547
29.4656,0.4757413858211888
29.613,0.47523235740653685
29.761,0.46358847692224703
29.9098,0.4496535832363571
30.0594,0.40825543130621067
30.2097,0.4033125380518968
30.3607,0.4070264031998272
30.5125,0.4118775865656572
30.6651,0.42230534768837125
30.8184,0.4521330255785814
30.9725,0.4899498678298665
31.1274,0.46078766463466314
31.283,0.426139437564062
31.4394,0.3735474772073953
31.5966,0.3770041307983384
31.7546,0.3705749978806538
31.9134,0.3631010273048852
32.0729,0.3609549003136631
32.2333,0.39753809043057403
32.3945,0.4192432778193083
32.5564,0.4575703044922431
32.7192,0.4106996154350053
32.8828,0.41235944881586345
33.0472,0.3727032067634116
33.2125,0.3627933367756653
33.3785,0.32623480814137196
33.5454,0.3209281580184498
33.7132,0.32457304808218423
33.8817,0.36563268262983867
34.0511,0.3477184275222144
34.2214,0.37518361244480053
34.3925,0.38841025917676875
34.5645,0.42016211071464343
34.7373,0.41297964657012715
34.911,0.4027193137942461
35.0855,0.387767711953883
35.2609,0.4129509390630178
35.4373,0.40859895805235935
35.6144,0.4326259854959655
35.7925,0.40356339157039695
35.9715,0.40588118560077685
36.1513,0.3904845210663008
36.3321,0.3674468429448893
36.5137,0.3402608337122467
36.6963,0.3530620698690629
36.8798,0.3389878773399508
37.0642,0.37848459042672067
37.2495,0.3815121727536857
37.4358,0.39167270359209894
37.6229,0.34638959747836323
37.8111,0.2974288477692916
38.0001,0.30226365436932096
38.1901,0.3374014504034464
38.3811,0.38418042957220017
38.573,0.3960555114560293
38.7658,0.3926156199665528
38.9597,0.34795483095324325
39.1545,0.369358107847746
39.3502,0.36531343203064165
39.547,0.39340902610263784
39.7447,0.3997244849988824
39.9434,0.38120294088180195
40.1432,0.39934955339596306
40.3439,0.3969847484143436
40.5456,0.43312634385813475
40.7483,0.4489376295691177
40.9521,0.4348137287391046
41.1568,0.4293203834860547
41.3626,0.3763985757993788
41.5694,0.37563445517390187
41.7773,0.34651772158727456
41.9862,0.3685920605439398
42.1961,0.3798030164075926
42.4071,0.3732891096434103
42.6191,0.35354412478710195
42.8322,0.33923006080596807
43.0464,0.375281295036106
43.2616,0.41625076103794023
43.4779,0.420358053900753
43.6953,0.42051315150627705
43.9138,0.41340024044945545
44.1333,0.44178502893870836
44.354,0.4138790200143344
44.5758,0.4155540741539955
44.7987,0.405474271137588
45.0226,0.41441964595359004
45.2478,0.4047130405296052
45.474,0.3629806099092919
45.7014,0.38117866473485046
45.9299,0.3984228211194771
46.1595,0.450166272339835
46.3903,0.4628064381883057
46.6223,0.4735027782701509
46.8554,0.46623053091548033
47.0897,0.4395105851707421
47.3251,0.4331051503965104
47.5617,0.41448438234546103
47.7995,0.4135038957435822
48.0385,0.37993749855499104
48.2787,0.3751614556440113
48.5201,0.3785159952834913
48.7627,0.3820840108818791
49.0065,0.3967485376511478
49.2516,0.39732499980733205
49.4978,0.43493992616968624
49.7453,0.4284427815069705
49.994,0.4513215086661989
50.244,0.4376711853695752
50.4952,0.43492817343187634
50.7477,0.4425439475326956
51.0015,0.46329061245250724
51.2565,0.4760440669867521
51.5127,0.45097644057738684
51.7703,0.4394599135306765
52.0292,0.4443654292253982
52.2893,0.4681080789475712
52.5507,0.46356574211795887
52.8135,0.4651874272678929
53.0776,0.4633794323234969
53.343,0.4684570003930425
53.6097,0.477215294743251
53.8777,0.45726473330918577
54.1471,0.46524079625762005
54.4178,0.46190590873710086
54.6899,0.4737927433587397
54.9634,0.46264845056528736
55.2382,0.44903589016392165
55.5144,0.4504541180822614
55.792,0.45720519894880424
56.0709,0.4683019027875182
56.3513,0.46845873440353897
56.633,0.49211102291205866
56.9162,0.48859695430689676
57.2008,0.48630170241297194
57.4868,0.4355036722488961
57.7742,0.418336582997449
58.0631,0.43233891042487105
58.3534,0.44625068397080697
58.6452,0.44839623295853015
58.9384,0.4265733255238638
59.2331,0.4326597023667315
59.5293,0.44276204751959425
59.8269,0.4641635904036005
60.126,0.4713252464221583
60.4267,0.4671002335134134
60.7288,0.449406968410182
61.0324,0.4260371309447658
61.3376,0.4159833380858065
61.6443,0.4125592453586318
61.9525,0.4284356527971515
62.2623,0.4717371702490038
62.5736,0.48705349229713996
62.8865,0.4982461447166627
63.2009,0.5036358346755859
63.5169,0.4879492050525212
63.8345,0.46576928412339974
64.1537,0.44722596854119606
64.4744,0.459948596222169
64.7968,0.4949991137279684
65.1208,0.4945810245304685
65.4464,0.5219853264178426
65.7736,0.5325739651810691
66.1025,0.5709896190571606
66.433,0.5773156746842174
66.7652,0.5810012176607042
67.099,0.5534435521783024
67.4345,0.5581791348443629
67.7716,0.5695284262120733
68.1105,0.5685099840471034
68.4511,0.5711146604807447
68.7933,0.5829947517282303
69.1373,0.6265916289679939
69.483,0.6647938068851776
69.8304,0.6728041647078772
70.1795,0.7029387624559754
70.5304,0.7258539038356312
70.8831,0.7786498994273913
71.2375,0.8243524434134575
71.5937,0.8777863622001125
71.9517,0.948928381513136
72.3114,1.02519401650778
72.673,1.0955913746464543
73.0363,1.1190652527416631
73.4015,1.0738384056351487
73.7685,1.0044727837419174
74.1374,0.9105229390321907
74.5081,0.8399456291375414
74.8806,0.7432427537628028
75.255,0.6820774601755588
75.6313,0.6287252325500744
76.0094,0.6127709873070432
76.3895,0.6119937652689257
76.7714,0.5953164376488358
77.1553,0.597629029647726
77.5411,0.6107132948511448
77.9288,0.631750117527378
78.3184,0.6001367941613939
78.71,0.547659663833165
79.1035,0.5305497969281041
79.4991,0.55388630285842
79.8966,0.582160885347226
80.296,0.5613695214901702
80.6975,0.5464013502161732
81.101,0.5430766740908003
81.5065,0.5715142535662815
81.9141,0.5640998173508943
82.3236,0.5531817165933245
82.7352,0.5483781221822328
83.1489,0.5795288500813058
83.5647,0.6005637460792095
83.9825,0.6186968718450643
84.4024,0.6102886549473246
84.8244,0.58301170649753
85.2485,0.5589546228719837
85.6748,0.5418931155929931
86.1031,0.5331169031343203
86.5337,0.5273314734465192
86.9663,0.5431179050070515
87.4012,0.56847318449101
87.8382,0.5533564663178094
88.2774,0.5352803702305078
88.7187,0.5304210948156939
89.1623,0.5438602541674052
89.6082,0.5557137572539439
90.0562,0.5373374846829072
90.5065,0.5225644859236881
90.959,0.5138406791155775
91.4138,0.4909640713025115
91.8709,0.50217213714867
92.3302,0.5093740607443142
92.7919,0.5267796727729522
93.2558,0.5284242853950074
93.7221,0.5280100495541665
94.1907,0.5555083733440199
94.6617,0.5606192729486655
95.135,0.5588108926686035
95.6107,0.5336714011575483
96.0887,0.5527455166195271
96.5692,0.5479644643448908
97.052,0.5616577525682621
97.5373,0.5885721001564462
98.0249,0.6168387832641014
98.5151,0.6481449941043644
99.0076,0.6312647872561788
99.5027,0.6532312322263923
100.0,0.6843937128632751
100.5,0.7322296677635889
101.003,0.771072466225329
101.508,0.7683753092318718
102.015,0.7494352905816255
102.525,0.7290699153032205
103.038,0.710093097096881
103.553,0.7180855368111161
104.071,0.6804091494100508
104.591,0.6887252710836406
105.114,0.6885790361984321
105.64,0.6897641360389033
106.168,0.6788961289179002
106.699,0.6544238461123484
107.232,0.6920073676179319
107.768,0.7455015914363001
108.307,0.7767632960071519
108.849,0.7765124424886518
109.393,0.7525557388040722
109.94,0.7415517081930068
110.49,0.7519214762980031
111.042,0.7599715236942899
111.597,0.7690872168746192
112.155,0.7355439398259821
112.716,0.6913846651818397
113.28,0.6345472691261356
113.846,0.6050336398036329
114.415,0.6173948226299929
114.987,0.639389204435984
115.562,0.6406527200844654
116.14,0.6531965520164613
116.721,0.6510600584168869
117.305,0.6599231640682197
117.891,0.6634643988378275
118.481,0.6733405519548077
119.073,0.7381644150219255
119.668,0.7416108572177221
120.267,0.7492734496019479
120.868,0.7155286420000458
121.472,0.7127322610726201
122.08,0.7259494670807739
122.69,0.7139855653259553
123.304,0.6795845310850278
123.92,0.6587594503572061
124.54,0.6427343033516496
125.162,0.6644855383524588
125.788,0.6740328074785946
126.417,0.6764534861317694
127.049,0.668758332883775
127.684,0.660989387855761
128.323,0.669373328606549
128.964,0.6807424647610533
129.609,0.6643196513482894
130.257,0.6653720030518584
130.909,0.6406816202594079
131.563,0.6509625684934147
132.221,0.6562468691477147
132.882,0.680033639803633
133.546,0.6728278628513297
134.214,0.7266424932758927
134.885,0.742781506970722
135.56,0.773202409118583
136.238,0.7358976779672771
136.919,0.7387537859229173
137.603,0.7555347688371339
138.291,0.7425923071587658
138.983,0.6870007013109115
139.678,0.6380461169724945
140.376,0.6161887219957305
141.078,0.6474556285980718
141.783,0.6430859221467821
142.492,0.6357928666661528
143.205,0.636167412933406
143.921,0.6512008986027726
144.64,0.6615837681204093
145.364,0.6456877085629287
146.09,0.616614132570882
146.821,0.5661197469115344
147.555,0.5615670060189429
148.293,0.5514846983207071
149.034,0.5822576045993667
149.779,0.5954842513313351
150.528,0.6772544063133398
151.281,0.7712763087925891
152.037,0.8551542498670589
152.797,0.8731629122128283
153.561,0.8602194871952953
154.329,0.8400587251554824
155.101,0.8892737964040471
155.876,0.9484575013294076
156.656,0.98567707329855
157.439,0.9810935055526864
158.226,0.9626128070161915
159.017,0.9317127399677855
159.812,0.8910290003622153
160.612,0.8635584207403069
161.415,0.8483767735074019
162.222,0.8507221190378936
163.033,0.8247279530198751
163.848,0.7921969527655538
164.667,0.7639104248711047
165.491,0.7560622933637487
166.318,0.7092195411422887
167.15,0.6867858766771731
167.985,0.626055434388896
168.825,0.6431558605701426
169.669,0.6188795209507001
170.518,0.6196147414012345
171.37,0.6059769415137524
172.227,0.5693991460961642
173.088,0.5529004215572183
173.954,0.5450688594834958
174.823,0.5222585294049644
175.698,0.5094611466048072
176.576,0.49354851761369306
177.459,0.48232657968356196
178.346,0.49623083918401273
179.238,0.5236403431028764
180.134,0.5759843399585374
181.035,0.6188824109681941
181.94,0.6500315975246034
182.85,0.7032167821389211
183.764,0.7644599135306767
184.683,0.8367897300338328
185.606,0.9006163443976051
186.534,0.9364282851792196
187.467,0.9892148400471648
188.404,0.987770023967878
189.346,0.9869879852339372
190.293,0.9721756822367964
191.244,1.0013995391385437
192.201,1.0199332213291
193.162,1.0289936188413726
194.128,1.0146117357830406
195.098,0.9763475188236472
196.074,0.9098721070924882
197.054,0.8582947355441325
198.039,0.830215518237937
199.029,0.8057174179427699
200.025,0.7914948711822867
201.025,0.7902429156037823
202.03,0.7997425957751796
203.04,0.7927641668657567
204.055,0.7782341222438866
205.075,0.7285317940457932
206.101,0.7353645660735066
207.131,0.7294126713780372
208.167,0.77235948734943
209.208,0.7870854751574097
210.254,0.775238715445024
211.305,0.7711714974914646
212.362,0.7095653799024327
213.424,0.7215905500281292
214.491,0.7033023266567505
215.563,0.7252976718019065
216.641,0.7167021817705402
217.724,0.7150388803686892
218.813,0.6937382954291483
219.907,0.6648581579413827
221.006,0.6356614672040815
222.111,0.6295564015814176
223.222,0.6283188960903843
224.338,0.6108310148970767
225.46,0.6077481369020553
226.587,0.5925713063649745
227.72,0.6110186733663693
228.859,0.5970835870126465
230.003,0.6257263577302188
231.153,0.6358633830930123
232.309,0.6444345969774268
233.47,0.6453570905615881
234.638,0.624312175836371
235.811,0.6583804727297949
236.99,0.6559911989333909
238.175,0.6487355210123538
239.366,0.6474951255038264
240.562,0.6497354670653606
241.765,0.6708647703014095
242.974,0.6512471388826805
244.189,0.6139774732769714
245.41,0.601602611034472
246.637,0.5995884615088203
247.87,0.6082101543654678
249.109,0.587175065699731
250.355,0.5748520311042948
251.607,0.5723070816988679
252.865,0.5515802615658499
254.129,0.5250167621014665
255.4,0.44856847800118677
256.677,0.4326525736569125
257.96,0.4085667825242569
259.25,0.42689296145872657
260.546,0.4293955239409047
261.849,0.4570165771403469
263.158,0.49706027420485965
264.474,0.49862223232657943
265.796,0.4765386453139327
267.125,0.45578697103046445
268.461,0.47133141179281257
269.803,0.4515276632474547
271.152,0.45501880438049586
272.508,0.4344800280524366
273.871,0.43238168268378585
275.24,0.411974305817798
276.616,0.4136399192336444
277.999,0.4275736569125365
279.389,0.41736361044105497
280.786,0.3789471858936316
282.19,0.3703578612329196
283.601,0.3613381166333991
285.019,0.36902093914008477
286.444,0.335020268656026
287.876,0.3261664110606745
289.316,0.33782782431776265
290.762,0.3513136092850476
292.216,0.35227097574697264
293.677,0.3383994697781234
295.146,0.3523278127576929
296.621,0.395643009625685
298.104,0.42406286366053464
299.595,0.41692220843576844
301.093,0.40969581602533944
302.598,0.40887967508496614
304.111,0.4618914586496295
305.632,0.49862839769723394
307.16,0.5638632212520325
308.696,0.5891788111624033
310.239,0.6289306164599981
311.791,0.6175888391377728
313.35,0.6262382761623652
314.916,0.6265153325061461
316.491,0.6607822699353406
318.073,0.6877058655795062
319.664,0.7044872338293887
321.262,0.6998670591952649
322.868,0.6834579251986406
324.483,0.6644042325269544
326.105,0.609933568131199
327.736,0.5633915703969727
329.374,0.5131784797737308
331.021,0.4972487033454842
332.676,0.4863901369482956
334.34,0.4828675909584838
336.011,0.4763007005402405
337.691,0.4603364365698959
339.38,0.436308638454958
341.077,0.43053785152246116
342.782,0.41870650523671155
344.496,0.4020235902494661
346.218,0.39630424562836675
347.95,0.4058509367510037
349.689,0.4046968564316376
351.438,0.4159376758093976
353.195,0.4236536371833505
354.961,0.4566167913869771
356.736,0.4705108394922816
358.519,0.45729922085128355
360.312,0.4367827939918462
362.114,0.4139358570250544
363.924,0.41583228650477416
365.744,0.41973207611150065
367.572,0.43453493838482693
369.41,0.43569017471119087
371.257,0.4323323597185508
373.114,0.4206025493807656
374.979,0.40899546845256896
376.854,0.4230646516180244
378.738,0.42341916043065103
380.632,0.42630012253674165
382.535,0.442177878650092
384.448,0.47509344389898034
386.37,0.5136428092511386
388.302,0.5582708447328467
390.244,0.6167104664873572
392.195,0.7276618987800273
394.156,0.8269241736476644
396.127,0.9199497907627333
398.107,0.9752672302843006
400.098,1.0
402.098,0.9838895011444468
404.109,0.9252855337284308
406.129,0.8358219595089281
408.16,0.7628249343002689
410.201,0.6802349776890649
412.252,0.6181177123392186
414.313,0.5467791718365868
416.384,0.4949345700039303
418.466,0.4598909885401172
420.559,0.42090523054632883
422.662,0.42037057730989463
424.775,0.40791325323489297
426.899,0.4053122374900776
429.033,0.39833419391632047
431.178,0.4017164777237451
433.334,0.4396857202308932
435.501,0.44335141842058623
437.678,0.4307008485091363
439.867,0.41604017509652663
442.066,0.42130829165285877
444.276,0.44991368481083865
446.498,0.45066027266351705
448.73,0.4739617130482362
450.974,0.4750818838290034
453.229,0.48358527863622
455.495,0.5001518222523641
457.773,0.5319919156577294
460.061,0.5721635441633206
462.362,0.5877964194609924
464.673,0.6219918771241626
466.997,0.6456119901045799
469.332,0.694536903596723
471.679,0.7037102044591041
474.037,0.6760983993156437
476.407,0.6081452253057639
478.789,0.5734083710320059
481.183,0.5411471057438134
483.589,0.5216196428709049
486.007,0.4818279553318896
488.437,0.4653669936882018
490.879,0.4681157856608892
493.334,0.46134563067888434
495.8,0.46930897755034406
498.279,0.44665605709133216
500.771,0.4486253150119068
503.274,0.4454645992123738
505.791,0.4497628258976393
508.32,0.4478920212397018
510.861,0.44504593201137493
513.416,0.44311655633222086
515.983,0.4340222492813488
518.563,0.41305767704247154
521.155,0.3984193530984839
523.761,0.4226718019066408
526.38,0.45205595844540164
529.012,0.4885526407053183
531.657,0.490381058440007
534.315,0.5045874211025223
536.987,0.4980972124817929
539.672,0.4958636142944118
542.37,0.502240919565033
545.082,0.49243489753924635
547.807,0.4919938808696255
550.546,0.49585166888876886
553.299,0.5290783926878703
556.066,0.5453409064636203
558.846,0.5423657297872176
561.64,0.5295777877108748
564.448,0.5266700447760043
567.271,0.5064636204597824
570.107,0.48806923711244854
572.958,0.45359498909500057
575.822,0.4542932173216087
578.702,0.4724309671154541
581.595,0.5090309193338316
584.503,0.5277536086685112
587.426,0.5353429872762163
590.363,0.5263914470895596
593.314,0.521300199603875
596.281,0.5194361383200906
599.262,0.506750695530877
602.259,0.5005071017363226
605.27,0.48824514284393145
608.296,0.49453054555823583
611.338,0.5107527917568995
614.395,0.5270858219595088
617.467,0.5540315744044638
620.554,0.5318524241466741
623.657,0.5389123515494346
626.775,0.5365352158265064
629.909,0.5352472313632405
633.058,0.503806538375579
636.224,0.4876280277749948
639.405,0.492211980856524
642.602,0.5054189754695313
645.815,0.4910760113134551
649.044,0.4956306788843761
652.289,0.48344829180699306
655.551,0.4763588862257914
658.828,0.4762417441833582
662.122,0.4957869324968981
665.433,0.49779703599805786
668.76,0.48069410513498306
672.104,0.46205580431113535
675.464,0.45750152207588024
678.842,0.45832748907573373
682.236,0.462505105697573
685.647,0.4700370692910593
689.075,0.4790610525829049
692.521,0.4681134736468937
695.983,0.4626625153170928
699.463,0.4768648319551161
702.961,0.49600349114113296
706.475,0.5228979939425232
710.008,0.5218660650292468
713.558,0.5173720878257049
717.126,0.48532795918524635
720.711,0.4672688178672441
724.315,0.4552276563114128
727.936,0.47249185015066614
731.576,0.46807359140547333
735.234,0.48953871467435284
738.91,0.48349896344705867
742.605,0.475186117126629
746.318,0.4987281996347017
750.049,0.5443319050224651
753.8,0.5911035628135669
757.569,0.595171551438458
761.356,0.5991048652481176
765.163,0.5999348782724632
768.989,0.5934866712393164
772.834,0.5941407785321793
776.698,0.6249599250907465
780.582,0.6557374553973966
784.485,0.6608157941382736
788.407,0.6233692594619171
792.349,0.5574302349776888
796.311,0.4966346709618748
800.292,0.46215637691993483
804.294,0.465475851013818
808.315,0.4822734033616682
812.357,0.5041296423314348
816.419,0.5148691400078607
820.501,0.5275769322656966
824.603,0.5195760151668117
828.726,0.49151471596908064
832.87,0.4834091802369043
837.034,0.5041780019575052
841.219,0.5390391269835153
845.425,0.5355924921198855
849.653,0.5162110714643526
853.901,0.47346174002173297
858.17,0.4851052351703569
862.461,0.5006022796457994
866.773,0.5350965651178741
871.107,0.5100401134428201
875.463,0.47353803648358084
879.84,0.4460248772705905
884.239,0.454079548694868
888.661,0.4853948149232796
893.104,0.5259519717626023
897.569,0.5539986282050292
902.057,0.5780759419530351
906.568,0.5923248842066322
911.1,0.5903993618841372
915.656,0.6138973234584646
920.234,0.6151506277117995
924.835,0.6412349622756383
929.46,0.6133780836486662
934.107,0.6026503387100501
938.777,0.6030033061800133
943.471,0.6135428146458378
948.189,0.6110373621461653
952.93,0.5366221090191664
957.694,0.541475219063326
962.483,0.5160056875544287
967.295,0.5451989102707367
972.132,0.514674930832248
976.992,0.5502078885917523
981.877,0.6181101982937337
986.787,0.6429088604083015
991.72,0.633424978999206
996.679,0.5832232557781082
1001.66,0.5834513744923202
1006.67,0.6044943625392079
1011.7,0.6359169447505721
1016.76,0.669495480012639
1021.85,0.6890845965920915
1026.96,0.7427158072396864
1032.09,0.7619771958352921
1037.25,0.7671378037408386
1042.44,0.7118895319713002
1047.65,0.6749366122829596
1052.89,0.6998817019505691
1058.15,0.6904640982760081
1063.44,0.6832664133726889
1068.76,0.6356601185292508
1074.1,0.6343139483804341
1079.47,0.6208954044868483
1084.87,0.602298334579252
1090.3,0.6005939949289826
1095.75,0.6348511062986968
1101.23,0.6308139445270776
1106.73,0.615278751820711
1112.27,0.5772998759219156
1117.83,0.5640181261897239
1123.42,0.5528661266829535
1129.03,0.525220026665228
1134.68,0.5574626031736246
1140.35,0.5381147067210247
1146.05,0.5485087509729725
1151.78,0.5096800172630377
1157.54,0.5619696817898069
1163.33,0.5500942145703122
1169.15,0.5283605123423014
1174.99,0.45959659209137077
1180.87,0.46357036614594965
1186.77,0.5345095062308777
1192.71,0.61720909083903
1198.67,0.6335735258984101
1204.66,0.5741711429826521
1210.69,0.5340170472498592
1216.74,0.5065345222223077
1222.82,0.5359204127715651
1228.94,0.5228872045438779
1235.08,0.5578446634863629
1241.26,0.5881272301301663
1247.46,0.6187810676880632
1253.7,0.5891568470294474
1259.97,0.5054301502038425
1266.27,0.5119417449540294
1272.6,0.5294959038818714
1278.96,0.5858745578273233
1285.36,0.5553740838644543
1291.79,0.5528555299521413
1298.24,0.5340983530753638
1304.74,0.5360701156777669
1311.26,0.5950775295359787
1317.82,0.6505269465231162
1324.41,0.6987025748129194
1331.03,0.7168763534915263
1337.68,0.7791905253666468
1344.37,0.826690082230631
1351.09,0.8025857949860121
1357.85,0.7227174641830498
1364.64,0.669631310834868
1371.46,0.6990852131291567
1378.32,0.6982623288146302
1385.21,0.684754579714389
1392.14,0.6594985241643994
1399.1,0.6903436808804146
1406.09,0.7039329284739936
1413.12,0.6820462479866211
1420.19,0.638345137449232
1427.29,0.6018569325739652
1434.43,0.6007554505729943
1441.6,0.5725914594203012
1448.81,0.6042643171466666
1456.05,0.6757529458911657
1463.33,0.8043090160839106
1470.65,0.8614467812911827
1478.0,0.838131854158157
1485.39,0.7698386214231215
1492.82,0.6787103971269373
1500.28,0.657434281002181
1507.78,0.6810563206609277
1515.32,0.7592796535061691
1522.9,0.7415328267453777
1530.51,0.7314489777044783
1538.16,0.7192114876268716
1545.86,0.6586180321678212
1553.58,0.6034709110105811
1561.35,0.5436203827153833
1569.16,0.6263818136979121
1577.0,0.6988559384079471
1584.89,0.7746163983445981
1592.81,0.8359477716038443
1600.78,0.8551292030487758
1608.78,0.8677508727852832
1616.83,0.8324302349776891
1624.91,0.7913607743705541
1633.03,0.7299621600376087
1641.2,0.6932219456368443
1649.41,0.7108053900752945
1657.65,0.7358849618903027
1665.94,0.745688671902094
1674.27,0.7128744499333369
1682.64,0.6235122189939655
1691.06,0.575980486601879
1699.51,0.5491880977519518
1708.01,0.6510113134551508
1716.55,0.729478371109073
1725.13,0.8171482078038178
1733.76,0.8060360905384679
1742.43,0.7997362377366922
1751.14,0.7667902309701979
1759.89,0.7389227556124137
1768.69,0.6698850543708623
1777.54,0.6476874080011095
1786.42,0.661027921422351
1795.36,0.7111810923495456
1804.33,0.7243106344937076
1813.35,0.6734752267700393
1822.42,0.6190943455844385
1831.53,0.5860150126775434
1840.69,0.5928260132401334
1849.89,0.5606027035150319
1859.14,0.5108192621592669
1868.44,0.5079304006720253
1877.78,0.5897795494655393
1887.17,0.6268667586334455
1896.61,0.6368332729640789
1906.09,0.6501470055565403
1915.62,0.7062755766548239
1925.2,0.7072329431167489
1934.82,0.6408991422428076
1944.5,0.6181265750595344
1954.22,0.6449831222978336
1963.99,0.7215687785630063
1973.81,0.7062162349622757
1983.68,0.7195436469708762
1993.6,0.6587765977943385
2003.57,0.7242102545527407
2013.59,0.6949245512766168
2023.65,0.6915754063364595
2033.77,0.6031607157995329
2043.94,0.6184227055187773
2054.16,0.6306424701557525
2064.43,0.626044066986752
2074.75,0.6390410536618446
2085.13,0.6641150381096972
2095.55,0.6628522931325477
2106.03,0.6011180514346046
2116.56,0.5465932473777907
2127.14,0.5296088072319797
2137.78,0.5193985680926655
2148.47,0.4629332136223864
2159.21,0.4769274490008245
2170.01,0.47508766386399176
2180.86,0.5419909908521311
2191.76,0.5457164160700385
2202.72,0.5627139576284901
2213.73,0.566607967200228
2224.8,0.48208882757770294
2235.93,0.42925391308368716
2247.11,0.4010095794446542
2258.34,0.48966972880075826
2269.63,0.5402722011143907
2280.98,0.5193590711869107
2292.39,0.4773176013625467
2303.85,0.40861244480066566
2315.37,0.4225259523570981
2326.94,0.5277254791649004
2338.58,0.579565456969566
2350.27,0.6155687169092995
2362.02,0.5308698181986325
2373.83,0.517344536325593
2385.7,0.5222435013139944
2397.63,0.5714213876708
2409.62,0.6367982074184823
2421.67,0.6521977619704524
2433.77,0.6688167112371587
2445.94,0.7422181462271783
2458.17,0.7585014681288869
2470.46,0.7286868916513174
2482.82,0.6629730958638069
2495.23,0.6250984532626371
2507.71,0.5647928435460129
2520.25,0.5395963223564045
2532.85,0.5534886364512125
2545.51,0.6223718180907388
2558.24,0.6639772806091386
2571.03,0.6780300870087934
2583.88,0.6376600106352643
2596.8,0.6051794893531756
2609.79,0.608379894726296
2622.84,0.6323475804773536
2635.95,0.6665334047488767
2649.13,0.6628667432200189
2662.38,0.7104106136855816
2675.69,0.7062848247108054
2689.07,0.8137252710836409
2702.51,0.8166243439660288
2716.02,0.8549384618941559
2729.61,0.788390221722142
2743.25,0.7365623819909524
2756.97,0.7227804665644243
2770.75,0.7152084280616844
2784.61,0.7822221537181037
2798.53,0.7515791055588522
2812.52,0.7034921044722056
2826.59,0.6660135869355794
2840.72,0.6159580985996901
2854.92,0.6670721040098028
2869.2,0.6774468814784557
2883.54,0.710644319766949
2897.96,0.664629461223672
2912.45,0.6374515440400134
2927.01,0.7107377636659291
2941.65,0.755230353661074
2956.36,0.8255866735513304
2971.14,0.7845800226577371
2985.99,0.748882141233228
3000.92,0.7371974151683529
3015.93,0.7585567637969433
3031.01,0.7832563946453756
3046.16,0.8210083078369566
3061.39,0.8542633538075016
3076.7,0.9263174626417071
3092.08,0.8942623519347702
3107.54,0.864309825288809
3123.08,0.7892065553303481
3138.7,0.7989661444083942
3154.39,0.7453902294288555
3170.16,0.7751030772906279
3186.01,0.7468708817250708
3201.94,0.741152500443136
3217.95,0.6470377320684048
3234.04,0.5661970067125472
3250.21,0.5469219387008022
3266.47,0.5800268964294796
3282.8,0.5584820086777592
3299.21,0.5733486440037918
3315.71,0.5977272902425302
3332.29,0.7267607913253235
3348.95,0.7719462148477538
3365.69,0.752191789267631
3382.52,0.6917445686937892
3399.43,0.6002113566127454
3416.43,0.6063501391061754
3433.51,0.6237322456591937
3450.68,0.7136337538629901
3467.93,0.7247911480690831
3485.27,0.7975022542136456
3502.7,0.8154893377621246
3520.21,0.822941729540603
3537.81,0.6912968086500151
3555.5,0.6326939972409966
3573.28,0.6049588846844486
3591.15,0.6859443035828509
3609.1,0.729854266051157
3627.15,0.7127950707861619
3645.28,0.6849098699877463
3663.51,0.654953489985126
3681.83,0.67231767842968
3700.24,0.6472105551145603
3718.74,0.6522162580824156
3737.33,0.7018114629653891
3756.02,0.8240520742618894
3774.8,0.8819657128324483
3793.67,0.8156927949937189
3812.64,0.7131728924065753
3831.7,0.6449881316614903
3850.86,0.6668996662993133
3870.12,0.7263068659108949
3889.47,0.7253531601377959
3908.92,0.6829068951964055
3928.46,0.6188273079679708
3948.1,0.7301712046363587
3967.84,0.8657430812981186
3987.68,0.9116641106067493
4007.62,0.8155247886433872
4027.66,0.687501445008747
4047.8,0.674692502138613
4068.04,0.6435502516241897
4088.38,0.661057977604291
4108.82,0.6237686598796209
4129.36,0.6285262066786375
4150.01,0.6570319905669829
4170.76,0.7431828340667554
4191.61,0.7600160299637012
4212.57,0.8121810384025524
4233.63,0.8162357329469702
4254.8,0.9657667794415715
4276.08,1.094589887250784
4297.46,1.1507635426219778
4318.94,1.135050902841465
4340.54,1.0560788627973825
4362.24,0.9958098599690188
4384.05,0.886156238199095
4405.97,0.7664811917661472
4428.0,0.6811162403569747
4450.14,0.635343565279715
4472.39,0.6560813674792112
4494.75,0.6820780381790578
4517.23,0.6954817466495063
4539.81,0.634025331966676
4562.51,0.5262615889701519
4585.33,0.4785217753184798
4608.25,0.5387046556255154
4631.29,0.7331747034842051
4654.45,0.8605291044028452
4677.72,0.866056937197993
4701.11,0.8224666106645497
4724.62,0.7858398776173923
4748.24,0.8208551369097619
4771.98,0.782744861548895
4795.84,0.7743464707106358
4819.82,0.7152255754988168
4843.92,0.6579217306195426
4868.14,0.6561017902695037
4892.48,0.7492518708046577
4916.94,0.8250225421364548
4941.53,0.8844574859159812
4966.23,0.818541196236041
4991.07,0.7577648990035218
5016.02,0.7235131823331303
5041.1,0.7770449763789236
5066.31,0.8065666977504102
5091.64,0.7714828487095108
5117.1,0.7080209545535114
5142.68,0.6683047928050123
5168.4,0.6495788281171727
5194.24,0.6531778632366653
5220.21,0.73846651818399
5246.31,0.7974456098707584
5272.54,0.8761733471026611
5298.9,0.9212524179813034
5325.4,0.9309572893947916
5352.03,0.9240821304438295
5378.79,0.8869696817898071
5405.68,0.8872746749693657
5432.71,0.8627297563907921
5459.87,0.8370434735698267
5487.17,0.8203794400302101
5514.61,0.8438637221883982
5542.18,0.8822489345468837
5569.89,0.8550687053492296
5597.74,0.791843599959925
5625.73,0.6746740060266497
5653.86,0.6957115993742149
5682.13,0.745156330679655
5710.54,0.8827273287760968
5739.09,0.9180281217968972
5767.79,0.891341507587259
5796.62,0.828915973704694
5825.61,0.7704224049569578
5854.74,0.727024360920798
5884.01,0.7259463843954468
5913.43,0.795927002011452
5943.0,0.9125848701804141
5972.71,0.9539223317431815
6002.57,0.8513762263307567
6032.59,0.7789024869563878
6062.75,0.7760637191057129
6093.06,0.8597509190255632
6123.53,0.9422004207865469
6154.15,0.9408569479873916
6184.92,0.9563647818614794
6215.84,0.9478584970367687
6246.92,0.97777249011614
6278.16,0.9529431938161331
6309.55,0.9681965134828948
6341.09,0.9440542706751851
6372.8,0.9140691831654555
6404.66,0.7950711714974914
6436.69,0.7546325053754326
6468.87,0.7168493799949137
6501.22,0.7357512504142361
6533.72,0.7812896414066295
6566.39,0.9104528079409977
6599.22,0.8550203457231595
6632.22,0.7471363779988749
6665.38,0.6543918632520789
6698.71,0.760838143606896
6732.2,0.8975550451998736
6765.86,0.9567738156708308
6799.69,0.9740412848632442
6833.69,0.9948592368812472
6867.86,1.0852460753562427
6902.2,1.104543107500944
6936.71,1.0589748529944436
6971.39,1.0336773738603697
7006.25,1.087536317886511
7041.28,1.1692101389520413
7076.49,1.2347008253889964
7111.87,1.2369820125311157
7147.43,1.1960726588931618
7183.16,1.1807301340197442
7219.08,1.131518723460006
7255.18,1.1222677774609462
7291.45,1.0382987045014909
7327.91,1.0286487434203933
7364.55,0.9699954530391421
7401.37,0.8964606919087214
7438.38,0.8147620166927408
7475.57,0.7486715552918145
7512.95,0.7495576346555483
7550.51,0.739476675632143
7588.26,0.7306831230685049
7626.21,0.7448280246923094
7664.34,0.8392651263515647
7702.66,0.976005918755828
7741.17,0.9544908945182146
7779.88,0.8622041585425061
7818.78,0.7723731667655691
7857.87,0.7882938878056673
7897.16,0.745383293386869
7936.65,0.7422088981711968
7976.33,0.7099301001102057
8016.21,0.7454555438242251
8050.87,0.7388618725772019
