energy_cm-1,raw_cryostat_intensity,cryostat_19pt_centered_average
-20.1034,0.0,0.0
-19.9824,0.0,0.0
-19.8614,0.0,0.0
-19.7404,0.0,0.0
-19.6194,0.0,0.0
-19.4985,0.0,0.0
-19.3775,0.0,0.0
-19.2565,0.0,0.0
-19.1355,0.0,0.0
-19.0145,0.0,0.0
-18.8935,0.0,0.0
-18.7726,0.0,0.0
-18.6516,0.0,0.0
-18.5306,0.0,0.0
-18.4096,0.0,0.0
-18.2886,0.0,0.0
-18.1676,0.0,0.0
-18.0467,0.0,0.0
-17.9257,0.0,0.0
-17.8047,0.0,0.0
-17.6837,0.0,0.0
-17.5627,0.0,0.0
-17.4417,0.0,0.0
-17.3208,0.0,0.0
-17.1998,0.0,0.0
-17.0788,0.0,0.0
-16.9578,0.0,0.0
-16.8368,0.0,0.0
-16.7158,0.0,0.0
-16.5949,0.0,0.0
-16.4739,0.0,0.006056842105263157
-16.3529,0.0,0.006056842105263157
-16.2319,0.0,0.006056842105263157
-16.1109,0.0,0.006056842105263157
-15.9899,0.0,0.006056842105263157
-15.869,0.0,0.006056842105263157
-15.748,0.0,0.006056842105263157
-15.627,0.0,0.008990499999999998
-15.506,0.0,0.011886963157894736
-15.385,0.11508,0.011886963157894736
-15.264,0.0,0.011886963157894736
-15.1431,0.0,0.011886963157894736
-15.0221,0.0,0.011886963157894736
-14.9011,0.0,0.011886963157894736
-14.7801,0.0,0.011886963157894736
-14.6591,0.0,0.011886963157894736
-14.5381,0.0557395,0.011886963157894736
-14.4172,0.0550328,0.011886963157894736
-14.2962,0.0,0.011886963157894736
-14.1752,0.0,0.0058301210526315785
-14.0542,0.0,0.0058301210526315785
-13.9332,0.0,0.0058301210526315785
-13.8122,0.0,0.0058301210526315785
-13.6913,0.0,0.0058301210526315785
-13.5703,0.0,0.0058301210526315785
-13.4493,0.0,0.0058301210526315785
-13.3283,0.0,0.0028964631578947365
-13.2073,0.0,0.0
-13.0863,0.0,0.0
-12.9654,0.0,0.0
-12.8444,0.0,0.0
-12.7234,0.0,0.0
-12.6024,0.0,0.0
-12.4814,0.0,0.012654473684210526
-12.3604,0.0,0.012654473684210526
-12.2395,0.0,0.018720526315789472
-12.1185,0.0,0.024930684210526313
-11.9975,0.0,0.024930684210526313
-11.8765,0.0,0.024930684210526313
-11.7555,0.0,0.024930684210526313
-11.6345,0.0,0.024930684210526313
-11.5136,0.0,0.024930684210526313
-11.3926,0.240435,0.024930684210526313
-11.2716,0.0,0.024930684210526313
-11.1506,0.115255,0.024930684210526313
-11.0296,0.117993,0.024930684210526313
-10.9086,0.0,0.024930684210526313
-10.7877,0.0,0.024930684210526313
-10.6667,0.0,0.024930684210526313
-10.5457,0.0,0.024930684210526313
-10.4247,0.0,0.024930684210526313
-10.3037,0.0,0.024930684210526313
-10.1828,0.0,0.012276210526315789
-10.0618,0.0,0.012276210526315789
-9.94078,0.0,0.006210157894736842
-9.8198,0.0,0.0
-9.69882,0.0,0.0
-9.57783,0.0,0.0
-9.45685,0.0,0.0
-9.33587,0.0,0.0
-9.21488,0.0,0.0
-9.0939,0.0,0.0
-8.97292,0.0,0.0
-8.85194,0.0,0.0
-8.73095,0.0,0.002266731578947368
-8.60997,0.0,0.009053889473684209
-8.48899,0.0,0.013446310526315787
-8.368,0.0,0.020813310526315784
-8.24702,0.0,0.020813310526315784
-8.12604,0.0,0.020813310526315788
-8.00505,0.0,0.020813310526315788
-7.88407,0.0,0.020813310526315788
-7.76309,0.0,0.02144568947368421
-7.6421,0.0430679,0.02777811052631579
-7.52112,0.128956,0.02777811052631579
-7.40014,0.083456,0.027778110526315784
-7.27915,0.139973,0.027778110526315784
-7.15817,0.0,0.027778110526315784
-7.03719,0.0,0.03285201578947368
-6.9162,0.0,0.03998491052631578
-6.79522,0.0,0.046315015789473675
-6.67424,0.0120152,0.046315015789473675
-6.55326,0.120316,0.04631501578947368
-6.43227,0.0,0.04404828421052631
-6.31129,0.0,0.03726112631578947
-6.19031,0.0,0.03947407368421053
-6.06932,0.0,0.038591336842105264
-5.94834,0.0964042,0.05143112631578947
-5.82736,0.135525,0.05843270526315789
-5.70637,0.120272,0.06480502105263158
-5.58539,0.0,0.07141317894736843
-5.46441,0.0,0.09557848421052632
-5.34342,0.0,0.09610453684210526
-5.22244,0.0,0.1386965894736842
-5.10146,0.125502,0.1503336947368421
-4.98047,0.123201,0.16826153684210526
-4.85949,0.243956,0.18918037894736842
-4.73851,0.13303,0.20090873684210525
-4.61752,0.121074,0.24316378947368422
-4.49654,0.125555,0.2950978947368421
-4.37556,0.471156,0.4007742105263158
-4.25457,0.130311,0.5028331578947368
-4.13359,0.809249,0.5894184210526315
-4.01261,0.221105,0.7237068421052631
-3.89163,0.340629,0.831209894736842
-3.77064,0.397458,0.9188456315789473
-3.64966,0.319243,1.031986894736842
-3.52868,0.938371,1.1400884736842103
-3.40769,1.10702,1.210444052631579
-3.28671,2.00785,1.3388532631578944
-3.16573,1.93912,1.4020045263157894
-3.04474,1.64512,1.4827449999999998
-2.92376,2.55148,1.5649382105263159
-2.80278,2.16806,1.7054653157894735
-2.68179,1.78828,1.796250631578947
-2.56081,2.39364,1.8782175789473685
-2.43983,2.18696,1.925921105263158
-2.31884,1.45783,1.980493684210526
-2.19786,2.56533,2.022764736842105
-2.07688,1.67103,1.9963663157894733
-1.95589,1.66438,1.9668347368421049
-1.83491,2.37092,1.9811094736842103
-1.71393,2.89112,1.8889861578947367
-1.59295,2.06555,1.8246492631578946
-1.47196,1.95483,1.8142461052631578
-1.35098,1.22561,1.7739413684210525
-1.23,1.97525,1.7140455789473683
-1.10901,1.91017,1.7286892631578945
-0.988029,1.50628,1.6987529473684206
-0.867046,1.37802,1.702847684210526
-0.746063,1.91634,1.703877684210526
-0.62508,0.801137,1.6429845263157892
-0.504097,0.945659,1.6001792631578946
-0.383113,1.59062,1.5680934736842105
-0.26213,1.62785,1.593316631578947
-0.141147,1.04894,1.6430971578947364
-0.0201639,1.73606,1.6905255789473685
0.100819,1.99654,1.7072171578947368
0.221802,1.74883,1.7442645263157894
0.342786,1.68395,1.8306024210526317
0.463769,1.21395,1.852017157894737
0.584752,2.07782,1.9449488947368423
0.705735,1.45592,2.0481073684210527
0.826718,2.43407,2.1033715789473684
0.947701,2.17144,2.2034226315789476
1.06868,2.87639,2.3704926315789474
1.18967,2.22731,2.4598836842105265
1.31065,2.21018,2.569061052631579
1.43163,3.01844,2.709428421052632
1.55262,2.32322,2.8104763157894737
1.6736,2.56684,2.9983968421052634
1.79458,2.90567,3.075992631578947
1.91557,2.64064,3.3115699999999997
2.03655,3.52882,3.4730878947368415
2.15753,4.22327,3.604944736842105
2.27852,3.43449,3.7099484210526312
2.3995,4.07091,3.9757863157894735
2.52048,4.41581,4.178306842105263
2.64147,3.60386,4.462314736842105
2.76245,4.78444,4.658626842105262
2.88343,3.55214,4.938274210526315
3.00442,5.93189,5.1726710526315784
3.1254,5.50291,5.3501668421052635
3.24638,4.67672,5.519331578947369
3.36736,4.87146,5.616448947368421
3.48835,7.27823,5.642003157894736
3.60933,6.05807,5.698583684210527
3.73031,8.41459,5.675113684210526
3.8513,6.05315,5.68271
3.97228,7.88014,5.619435789473683
4.09326,7.35921,5.5889
4.21425,6.01306,5.38006
4.33523,6.74295,5.197376315789474
4.45621,6.0685,5.100578947368421
4.5772,3.92002,4.9290705263157895
4.69818,5.14594,4.694805789473684
4.81916,3.96988,4.496364210526316
4.94015,3.74819,4.208141578947369
5.06113,3.58223,3.9987842105263156
5.18211,2.97196,3.7144526315789475
5.3031,1.96393,3.4481505263157897
5.42408,2.03192,3.2682410526315793
5.54506,2.83757,3.0268994736842108
5.66605,1.6128,2.8168815789473682
5.78703,2.8272,2.76137
5.90801,2.28768,2.6163926315789467
6.02899,2.93836,2.5336589473684206
6.14998,2.07536,2.4951215789473684
6.27096,2.47784,2.5053184210526314
6.39194,2.29947,2.6341442105263155
6.51293,2.59478,2.71598
6.63391,2.15746,2.8080352631578944
6.75489,2.07816,3.0114073684210525
6.87588,2.8653,3.156944736842105
6.99686,2.39137,3.318296315789474
7.11784,2.39794,3.551944210526316
7.23883,3.01598,3.6649036842105263
7.35981,3.77597,3.7490157894736837
7.48079,5.41965,3.825826315789473
7.60178,3.51881,3.8517378947368424
7.72276,3.78097,3.8949010526315786
7.84374,6.70164,3.8880457894736837
7.96473,4.37801,3.8686921052631575
8.08571,5.89288,3.848699473684211
8.20669,6.72699,3.763908263157895
8.32767,5.08459,3.6820672631578946
8.44866,3.67349,3.5506176315789473
8.56964,3.93724,3.3913805263157895
8.69062,2.79179,3.1551603157894736
8.81161,3.41488,2.9992732631578947
8.93259,2.02721,2.840546842105263
9.05357,1.71044,2.538945736842105
9.17456,2.48544,2.341317631578947
9.29554,0.780337,2.0541451052631574
9.41652,0.842961,1.7181566842105265
9.53751,0.518437,1.4711202631578948
9.65849,0.750465,1.2852397894736842
9.77947,0.931466,1.0858146315789474
9.90046,0.556956,0.9547492105263158
10.0214,0.765168,0.7885593684210527
10.1424,0.971219,0.6837209052631579
10.2634,0.623076,0.6090802736842105
10.3844,0.436602,0.48387258947368417
10.5054,0.34321,0.4697151684210526
10.6264,0.390898,0.42552893105263156
10.7473,0.141761,0.39833392263157896
10.8683,0.148162,0.3748791857894737
10.9893,0.301547,0.3662611331578947
11.1103,0.257273,0.3980781857894736
11.2313,0.0352792,0.3883177121052631
11.3523,0.292268,0.3513619752631579
11.4732,0.106494,0.3699414489473684
11.5942,0.511346,0.37606476473684214
11.7152,0.00342249,0.39049102789473683
11.8362,0.00173184,0.4100677121052631
11.9572,0.304825,0.43292518578947364
12.0782,0.767723,0.4274053647368421
12.1991,1.16148,0.41153447
12.3201,0.579719,0.4061625226315789
12.4411,0.26906,0.42023309105263157
12.5621,0.976086,0.4297995647368421
12.6831,0.552945,0.43261588052631583
12.8041,0.617309,0.4058761463157895
12.925,0.762855,0.4137294363157895
13.046,0.576053,0.4255017605263158
13.167,0.0432854,0.41440911315789475
13.288,0.0,0.3740026394736842
13.409,0.155206,0.3128721131578947
13.53,0.30262,0.28236058684210524
13.6509,0.474031,0.27629669210526314
13.7719,0.160004,0.2332479552631579
13.8929,0.00329105,0.20414558684210526
14.0139,0.152635,0.1794200605263158
14.1349,0.225406,0.13926979736842107
14.2559,0.0940647,0.10895121842105264
14.3768,0.0,0.1066730394736842
14.4978,0.0,0.11499430263157893
14.6188,0.0,0.10682556578947368
14.7398,0.153846,0.09089819736842104
14.8608,0.15816,0.06594919736842106
14.9817,0.0,0.057527934210526314
15.1027,0.147524,0.05735472105263158
15.2237,0.0,0.0493213
15.3447,0.0,0.03745782631578947
15.4657,0.0,0.032507052631578943
15.5867,0.158104,0.032507052631578943
15.7076,0.0,0.032507052631578943
15.8286,0.0,0.032507052631578943
15.9496,0.0,0.03253015789473684
16.0706,0.0,0.02420594736842105
16.1916,0.0,0.030917578947368417
16.3126,0.0,0.02489357894736842
16.4335,0.0,0.032539
16.5545,0.0,0.033197726315789475
16.6755,0.0,0.033197726315789475
16.7965,0.0,0.024876463157894737
16.9175,0.0,0.03301841052631579
17.0385,0.154285,0.041452621052631575
17.1594,0.0,0.041452621052631575
17.2804,0.127521,0.041452621052631575
17.4014,0.033068,0.041452621052631575
17.5224,0.145263,0.041452621052631575
17.6434,0.0125158,0.041452621052631575
17.7644,0.0,0.04145262105263158
17.8853,0.0,0.04145262105263158
18.0063,0.154697,0.041452621052631575
18.1273,0.16025,0.041452621052631575
18.2483,0.0,0.03333235789473684
18.3693,0.0,0.03333235789473684
18.4903,0.0,0.026620726315789475
18.6112,0.0,0.024880305263157897
18.7322,0.0,0.017234884210526318
18.8532,0.0,0.01657615789473684
18.9742,0.0,0.01657615789473684
19.0952,0.0,0.01657615789473684
19.2162,0.0,0.008434210526315789
19.3371,0.0,0.0
19.4581,0.0,0.0
19.5791,0.0,0.0
19.7001,0.0,0.0
19.8211,0.0,0.008890263157894736
19.9421,0.0,0.008890263157894736
20.063,0.0,0.017583210526315788
20.184,0.0,0.018172521052631577
20.305,0.0,0.026372678947368416
20.426,0.0,0.026372678947368416
20.547,0.0,0.03492557368421052
20.668,0.0,0.04348020526315789
20.7889,0.0,0.04348020526315789
20.9099,0.168915,0.060279889473684206
21.0309,0.0,0.0602798894736842
21.1519,0.165166,0.0602798894736842
21.2729,0.0111969,0.060279889473684206
21.3939,0.155803,0.060279889473684206
21.5148,0.0,0.0693799947368421
21.6358,0.162505,0.0693799947368421
21.7568,0.162538,0.0693799947368421
21.8778,0.0,0.0693799947368421
21.9988,0.319194,0.06937999473684209
22.1198,0.0,0.06048973157894736
22.2407,0.0,0.06048973157894737
22.3617,0.0,0.05179678421052632
22.4827,0.0,0.051207473684210525
22.6037,0.172902,0.043007315789473685
22.7247,0.0,0.043007315789473685
22.8457,0.0,0.03445442105263158
22.9666,0.0,0.02589978947368421
23.0876,0.0,0.02589978947368421
23.2086,0.0,0.009100105263157894
23.3296,0.0,0.009658594736842104
23.4506,0.0,0.011454599999999999
23.5716,0.0,0.011454599999999999
23.6925,0.0,0.011454599999999999
23.8135,0.0,0.007034215789473683
23.9345,0.0,0.009167257894736842
24.0555,0.0,0.009167257894736842
24.1563,0.0,0.009217791421052631
24.2571,0.0,0.012384007210526316
24.3784,0.0106113,0.013593612473684211
24.5003,0.0341241,0.014534565105263155
24.6228,0.0,0.015816822999999997
24.7459,0.0,0.01787178089473684
24.8696,0.0889147,0.018115535631578947
24.994,0.0405278,0.025950219842105264
25.119,0.0,0.028963114578947367
25.2446,0.000960137,0.030863630368421043
25.3708,0.0601581,0.03086363036842105
25.4976,0.0229825,0.03086363036842105
25.6251,0.0178781,0.03248075668421053
25.7533,0.0243629,0.031355446157894734
25.882,0.0390442,0.03305401984210526
26.0114,0.00463134,0.03305401984210526
26.1415,0.148859,0.028374298789473684
26.2722,0.057245,0.026241256684210526
26.4036,0.0361098,0.026250115315789472
26.5356,0.0,0.030424355473684207
26.6682,0.0,0.029244065999999996
26.8016,0.0413367,0.028034460736842105
26.9356,0.0127432,0.028610066
27.0703,0.0322729,0.031859244947368415
27.2056,0.0,0.03417097126315789
27.3417,0.0,0.035611506
27.4784,0.0,0.031929269157894735
27.6158,0.000168314,0.030808858631578947
27.7538,0.0802707,0.02890834284210526
27.8926,0.0377326,0.02890834284210526
28.0321,0.0,0.02890834284210526
28.1722,0.0288146,0.031793506
28.3131,0.0860973,0.03434995863157895
28.4547,0.082967,0.034593905999999994
28.5969,0.0320015,0.034593905999999994
28.7399,0.0788965,0.034593905999999994
28.8836,0.0359572,0.034593905999999994
29.028,0.0,0.03458504736842105
29.1732,0.0,0.03036027368421052
29.319,0.0,0.028374347368421052
29.4656,0.0961548,0.028374347368421052
29.613,0.0613158,0.02685778947368421
29.761,0.0369079,0.022326352631578946
29.9098,0.0,0.01795966842105263
30.0594,0.0,0.01826258947368421
30.2097,0.0,0.017752773684210525
30.3607,0.0,0.017270905263157894
30.5125,0.0,0.020285736842105263
30.6651,0.0,0.023967936842105263
30.8184,0.0,0.024617594736842104
30.9725,0.0,0.02135537894736842
31.1274,0.0,0.021291336842105258
31.283,0.0,0.019783781052631576
31.4394,0.037757,0.019783781052631576
31.5966,0.06921,0.019783781052631576
31.7546,0.0268017,0.022699075789473683
31.9134,0.0572818,0.02327206
32.0729,0.0699618,0.03036963894736842
32.2333,0.0123435,0.03322504947368421
32.3945,0.0341727,0.03421428105263158
32.5564,0.060099,0.03897207578947368
32.7192,0.00826434,0.03897207578947368
32.8828,0.0,0.03897207578947368
33.0472,0.0,0.03698486526315789
33.2125,0.0553906,0.03334223368421052
33.3785,0.0108867,0.033511638947368416
33.5454,0.134854,0.03049680736842105
33.7132,0.0542528,0.028562233684210528
33.8817,0.0187954,0.03138762842105263
34.0511,0.0903981,0.029589065263157893
34.2214,0.0,0.02642596
34.3925,0.0,0.025990994736842105
34.5645,0.0,0.025990994736842105
34.7373,0.0,0.027498642105263156
34.911,0.0300204,0.026184431578947367
35.0855,0.0,0.028590299999999996
35.2609,0.0332049,0.024876721052631577
35.4373,0.066026,0.022197276315789473
35.6144,0.0,0.02269286052631579
35.7925,0.0,0.017935065789473688
35.9715,0.0,0.019614655263157896
36.1513,0.0,0.01982972052631579
36.3321,0.0286453,0.022776146842105268
36.5137,0.0304206,0.024431052105263154
36.6963,0.0565982,0.025897662631578944
36.8798,0.064296,0.02846211526315789
37.0642,0.00334335,0.030413404736842103
37.2495,0.0282115,0.026938352105263158
37.4358,0.0,0.026938352105263158
37.6229,0.0319122,0.02794545210526316
37.8111,0.00408624,0.02894352052631579
38.0001,0.0559821,0.02979824157894737
38.1901,0.0314432,0.02965205736842105
38.3811,0.057886,0.0297777047368421
38.573,0.0487246,0.026823807105263154
38.7658,0.0702794,0.02479552289473684
38.9597,0.0,0.02901474131578947
39.1545,0.0,0.027529925526315786
39.3502,0.0191349,0.029537983421052627
39.547,0.0189633,0.02875906236842105
39.7447,0.0162397,0.028543997105263154
39.9434,0.0258678,0.02698217078947368
40.1432,0.0328079,0.025327265526315788
40.3439,0.000474145,0.023721097105263156
40.5456,0.0257586,0.023744549736842105
40.7483,0.0835085,0.020293902894736843
40.9521,0.0,0.021129434473684212
41.1568,0.0381531,0.02323431868421053
41.3626,0.0171127,0.026190471315789478
41.5694,0.0,0.025284548684210525
41.7773,0.0263074,0.024429827631578943
41.9862,0.0,0.023068364473684207
42.1961,0.0273688,0.02134163289473684
42.4071,0.0491702,0.02264876736842105
42.6191,0.00471711,0.023970046315789476
42.8322,0.0158751,0.020850735789473683
43.0464,0.0399928,0.022233546315789474
43.2616,0.0753018,0.02333296736842105
43.4779,0.00175077,0.027407598947368415
43.6953,0.0,0.028841893684210522
43.9138,0.0,0.028804677894736837
44.1333,0.0,0.028804677894736837
44.354,0.0253097,0.02748147894736842
44.5758,0.0508629,0.027410652631578946
44.7987,0.0242416,0.029616420526315794
45.0226,0.0262734,0.028875888421052636
45.2478,0.0590421,0.026771004210526316
45.474,0.0945307,0.022807751578947367
45.7014,0.0272516,0.025478305789473684
45.9299,0.0256003,0.025478305789473684
46.1595,0.0,0.02672086894736842
46.3903,0.00222802,0.02804957947368421
46.6223,0.0478245,0.028983232105263157
46.8554,0.0466267,0.02970124789473684
47.0897,0.00180499,0.030426442631578947
47.3251,0.0,0.030949563684210524
47.5617,0.0,0.029186221578947368
47.7995,0.0524913,0.027848968947368418
48.0385,0.0,0.028070121578947366
48.2787,0.0236087,0.02672273736842105
48.5201,0.0252455,0.027925179473684208
48.7627,0.0430491,0.027807915263157894
49.0065,0.0645052,0.02769292578947368
49.2516,0.0380203,0.026522083684210523
49.4978,0.0362127,0.029965784210526314
49.7453,0.0255386,0.031507826315789474
49.994,0.0691229,0.03601823157894737
50.244,0.0314535,0.036972252631578946
50.4952,0.0,0.0414488947368421
50.7477,0.0228464,0.04312077894736841
51.0015,0.0,0.04735796315789473
51.2565,0.0456397,0.04937956842105263
51.5127,0.0243807,0.04730856315789474
51.7703,0.0672353,0.047975936842105264
52.0292,0.0292988,0.046547164210526314
52.2893,0.0856977,0.04582242736842105
52.5507,0.0706177,0.04502234315789473
52.8135,0.0850562,0.04741273789473684
53.0776,0.0553745,0.0487064852631579
53.343,0.105752,0.050078858947368424
53.6097,0.0814596,0.05123173789473684
53.8777,0.0251561,0.04882964842105263
54.1471,0.0507004,0.05111316421052632
54.4178,0.00906602,0.048787237894736844
54.6899,0.0117686,0.05223719052631579
54.9634,0.0539213,0.049271422105263155
55.2382,0.076871,0.045554701052631576
55.5144,0.0245812,0.041078058947368414
55.792,0.0489215,0.03841647789473684
56.0709,0.0219047,0.035871993684210526
56.3513,0.0,0.03158464631578948
56.633,0.0677675,0.034229114736842106
56.9162,0.0230427,0.03523433052631579
57.2008,0.0948479,0.03580321894736842
57.4868,0.0293481,0.03634351894736842
57.7742,0.0,0.03456168736842105
58.0631,0.0,0.030515845263157895
58.3534,0.00480446,0.032707034736842104
58.6452,0.0574068,0.0322512294736842
58.9384,0.0,0.03330386631578947
59.2331,0.075401,0.035445029473684206
59.5293,0.0697995,0.03306754526315789
59.8269,0.0198749,0.031854771578947366
60.126,0.0220343,0.02686277684210526
60.4267,0.0200665,0.026970550526315785
60.7288,0.0,0.028522250526315785
61.0324,0.0662138,0.02955608736842105
61.3376,0.0402612,0.03194903684210526
61.6443,0.0419048,0.0315006
61.9525,0.0406821,0.034609073684210526
62.2623,0.0225953,0.033183526315789476
62.5736,0.0,0.030261200000000002
62.8865,0.0,0.03127686315789474
63.2009,0.0313958,0.033212521052631575
63.5169,0.0294823,0.03376932105263157
63.8345,0.0196429,0.03764709473684209
64.1537,0.0502705,0.03497711052631579
64.4744,0.0488865,0.03394347368421053
64.7968,0.059061,0.03372259999999999
65.1208,0.0483156,0.03273354210526316
65.4464,0.0142753,0.033677747368421045
65.7736,0.0391725,0.03584592105263157
66.1025,0.0588118,0.037600421052631575
66.433,0.0306457,0.03882982105263157
66.7652,0.0736777,0.04076840526315789
67.099,0.0154841,0.03973456842105263
67.4345,0.0206221,0.03920178947368421
67.7716,0.0377082,0.03768662631578947
68.1105,0.02189,0.035593200000000005
68.4511,0.0405352,0.033902326315789474
68.7933,0.0411953,0.03712561578947368
69.1373,0.0333355,0.037505452631578944
69.483,0.0547544,0.03765464736842105
69.8304,0.0663154,0.03642143842105263
70.1795,0.0,0.03442423315789474
70.5304,0.0401477,0.03360928052631579
70.8831,0.0200984,0.03252390684210526
71.2375,0.0192859,0.030539264736842105
71.5937,0.016189,0.029387159473684206
71.9517,0.0755178,0.02835581736842105
72.3114,0.0463894,0.026950891052631577
72.673,0.0616465,0.026204501578947367
73.0363,0.00721473,0.023353542631578947
73.4015,0.0357308,0.02097641105263158
73.7685,0.0,0.022709953157894737
74.1374,0.0,0.02059691631578947
74.5081,0.0,0.019539105789473682
74.8806,0.0,0.01852405842105263
75.255,0.0209397,0.017672005789473682
75.6313,0.0145017,0.013697384736842105
76.0094,0.0191541,0.011255837368421052
76.3895,0.00058618,0.009924568947368421
76.7714,0.0211499,0.011454114736842104
77.1553,0.0329373,0.010478051578947368
77.5411,0.0,0.012318430526315788
77.9288,0.0,0.014036709473684208
78.3184,0.0,0.014408660526315786
78.71,0.0,0.019270992105263153
79.1035,0.0,0.019586728947368418
79.4991,0.0,0.019752734210526313
79.8966,0.0363524,0.018744623684210523
80.296,0.0362761,0.01959951947368421
80.6975,0.0171856,0.020417987894736842
81.101,0.0349672,0.02045676157894737
81.5065,0.0326473,0.023811861578947366
81.9141,0.00706707,0.027685593157894733
82.3236,0.0923843,0.0287377247368421
82.7352,0.0269387,0.029550372105263154
83.1489,0.0176558,0.03066285631578947
83.5647,0.0,0.031383040526315784
83.9825,0.0168292,0.03251329315789473
84.4024,0.0367008,0.032382193157894736
84.8244,0.033674,0.031477687894736844
85.2485,0.0637469,0.03047355631578947
85.6748,0.0736009,0.02981290894736842
86.1031,0.0199905,0.03371044210526315
86.5337,0.0154403,0.03066838947368421
86.9663,0.0211372,0.03005983684210526
87.4012,0.0136835,0.030930447368421054
87.8382,0.0578272,0.0336054
88.2774,0.0337852,0.032719652631578944
88.7187,0.0,0.03208477894736842
89.1623,0.0158887,0.03080822157894737
89.6082,0.020095,0.028770463684210528
90.0562,0.0811202,0.025312105789473686
90.5065,0.0345853,0.02603117947368421
90.959,0.0153762,0.025218532105263158
91.4138,0.0341974,0.025815953157894738
91.8709,0.0508241,0.026006674210526316
92.3302,0.0,0.025783416315789474
92.7919,0.0246382,0.024579674210526318
93.2558,0.00941941,0.02546394263157895
93.7221,0.0250295,0.026203726842105264
94.1907,0.0078921,0.026729168947368417
94.6617,0.0336529,0.02386917421052631
95.135,0.0,0.02489465842105263
95.6107,0.0324882,0.026644589999999996
96.0887,0.0173072,0.025579895263157893
96.5692,0.0535853,0.025359747894736842
97.052,0.0109141,0.027060616315789474
97.5373,0.0168011,0.029043147894736842
98.0249,0.0299446,0.030077736842105258
98.5151,0.0300784,0.030258052631578942
99.0076,0.0267803,0.030727152631578946
99.5027,0.0540695,0.030571031578947364
100.0,0.0486249,0.03170590526315789
100.5,0.0139682,0.03008789052631579
101.003,0.0466413,0.030775995789473685
101.508,0.0323165,0.029694727368421055
102.015,0.0623063,0.031127206315789472
102.525,0.0290766,0.031207569473684207
103.038,0.0284555,0.031236832631578944
103.553,0.016805,0.030511601052631575
104.071,0.0306866,0.029102111578947366
104.591,0.0215626,0.027023632631578944
105.114,0.00174592,0.02446442736842105
105.64,0.0303812,0.02532553789473684
106.168,0.0330412,0.024412543157894734
106.699,0.0381312,0.024152990526315785
107.232,0.018328,0.02463096947368421
107.768,0.0305006,0.024147311578947367
108.307,0.016299,0.023527153684210527
108.849,0.0,0.023267943157894735
109.393,0.0145784,0.023983185263157895
109.94,0.0,0.023036457368421054
110.49,0.0303293,0.025118914210526318
111.042,0.0292944,0.025071229999999996
111.597,0.027385,0.02479298789473684
112.155,0.0713879,0.023677687894736843
112.716,0.0198871,0.023533751052631578
113.28,0.0166725,0.02192845631578947
113.846,0.01188,0.0213761047368421
114.415,0.0442762,0.026687894210526312
114.987,0.00357477,0.027962525789473683
115.562,0.0413126,0.028734041578947368
116.14,0.0294752,0.03029892052631579
116.721,0.0277546,0.030648546842105263
117.305,0.0169405,0.030357146842105266
117.891,0.0155932,0.028126804736842106
118.481,0.0,0.028071125789473687
119.073,0.00580432,0.029336867894736843
119.668,0.100924,0.028762414999999996
120.267,0.0387964,0.027152567631578944
120.868,0.0146588,0.02908005868421052
121.472,0.060062,0.029520827105263155
122.08,0.0359373,0.02862296394736842
122.69,0.0218484,0.02790710605263158
123.304,0.0290114,0.029192906052631577
123.92,0.0188292,0.029207785000000003
124.54,0.0407216,0.030997032368421048
125.162,0.000965395,0.03192426815789473
125.788,0.0136891,0.028277999736842103
126.417,0.0401971,0.026519798157894736
127.049,0.0496872,0.02953009289473684
127.684,0.0124158,0.027663056052631578
128.323,0.0141533,0.027404434999999998
128.964,0.0413707,0.02822516131578947
129.609,0.0158759,0.02898126131578947
130.257,0.0339957,0.03205872447368421
130.909,0.0234218,0.03168917710526315
131.563,0.0316449,0.03448570894736842
132.221,0.00539057,0.037884340526315785
132.882,0.0718544,0.03871495105263158
133.546,0.0245883,0.038086487894736835
134.214,0.0310235,0.037948655263157896
134.885,0.0374422,0.042516692105263154
135.56,0.0433773,0.04136280789473684
136.238,0.077301,0.042897192105263146
136.919,0.0337002,0.04428432894736842
137.603,0.0540995,0.044776349999999986
138.291,0.0782631,0.045412581578947356
138.983,0.0559787,0.04757274105263157
139.678,0.0377464,0.045905225263157885
140.376,0.00979698,0.05005989368421052
141.078,0.100946,0.048429076857894736
141.783,0.0194469,0.050887540015789476
142.492,0.0450292,0.04887427001578947
143.205,0.0603513,0.045975033173684204
143.921,0.0327702,0.04497882791052631
144.64,0.0437333,0.04498506475263158
145.364,0.0464336,0.04179981212105263
146.09,0.0401716,0.040331243700000005
146.821,0.103527,0.03969066475263158
147.555,3.79803e-05,0.04057549212105263
148.293,0.084153,0.03758313422631578
149.034,0.00512517,0.03984093948947368
149.779,0.0222155,0.04025129738421052
150.528,0.0147723,0.03866500791052632
151.281,0.054218,0.03941272370000001
152.037,0.0177433,0.03946000791052632
152.797,0.0280759,0.03886245001578947
153.561,0.0255754,0.038947228963157894
154.329,0.0266087,0.035233686857894735
155.101,0.0440912,0.03755677736842105
155.876,0.0623452,0.036604951052631576
156.656,0.052826,0.03783313157894737
157.439,0.0302118,0.038962899999999995
158.226,0.0469768,0.042457210526315785
159.017,0.0446317,0.040358805263157896
159.812,0.03508,0.042074826315789474
160.612,0.0417824,0.043589773684210534
161.415,0.0329697,0.04521647368421053
162.222,0.0441767,0.04668385263157895
163.033,0.0660683,0.04803647894736842
163.848,0.0284606,0.04769815263157895
164.667,0.0436811,0.04774062105263157
165.491,0.0811642,0.04948881052631579
166.318,0.0143483,0.05041202631578947
167.15,0.0503477,0.04953413684210525
167.985,0.0568599,0.049780536842105254
168.825,0.0564827,0.04949428421052631
169.669,0.0544889,0.05102293157894737
170.518,0.0697911,0.05083442105263158
171.37,0.055917,0.050121547368421046
172.227,0.0536329,0.04954110526315789
173.088,0.0634274,0.048536384210526314
173.954,0.0645179,0.04569235789473684
174.823,0.0279518,0.04493718421052632
175.698,0.0397616,0.04305977894736842
176.576,0.0363436,0.042030399999999996
177.459,0.062014,0.04078532631578946
178.346,0.040595,0.040017621052631576
179.238,0.0525237,0.03804891052631579
180.134,0.0174322,0.03631188947368421
181.035,0.0245914,0.033579975263157896
181.94,0.0271277,0.03086532789473684
182.85,0.0,0.028112164736842103
183.764,0.014677,0.028195559473684212
184.683,0.0373017,0.027728496315789473
185.606,0.0328263,0.02937927
186.534,0.0399025,0.0295455647368421
187.467,0.0323856,0.02856541736842105
188.404,0.0229136,0.027396301578947367
189.346,0.00172653,0.026669705789473683
190.293,0.0118491,0.026716721578947365
191.244,0.0122078,0.02528894789473684
192.201,0.0295363,0.025991195263157896
193.162,0.0308874,0.02521872157894737
194.128,0.0677083,0.024470342631578944
195.098,0.0651736,0.025135547894736838
196.074,0.0219722,0.02546733736842105
197.054,0.0303105,0.025764874210526315
198.039,0.00362688,0.025109674210526317
199.029,0.0254847,0.025715904210526313
200.025,0.0,0.025092267368421052
201.025,0.0133427,0.02564127789473684
202.03,0.0,0.025170646315789472
203.04,0.0230825,0.026216351578947368
204.055,0.0454652,0.023529325263157895
205.075,0.0462065,0.02085095157894737
206.101,0.0380388,0.021021835789473683
207.131,0.0104648,0.020203672631578944
208.167,0.0132449,0.021604531578947365
209.208,0.0,0.020881131578947366
210.254,0.022639,0.021615873684210526
211.305,0.0205943,0.020913626315789476
212.362,0.0507558,0.02231446842105263
213.424,0.0166548,0.021885326315789475
214.491,0.0142845,0.01949242105263158
215.563,0.025219,0.017819005263157897
216.641,0.0147654,0.017724842105263157
217.724,0.0302432,0.017767421052631578
218.813,0.0117401,0.01963852105263158
219.907,0.0139601,0.02022527894736842
221.006,0.0,0.022359078947368417
222.111,0.026616,0.023947378947368418
223.222,0.0149288,0.02326587894736842
224.338,0.0,0.023728015789473682
225.46,0.0144116,0.02501588947368421
226.587,0.0362497,0.025294826315789474
227.72,0.0112738,0.02597365263157895
228.859,0.0487958,0.02481956842105263
230.003,0.0111484,0.024464500526315786
231.153,0.0631812,0.026166258421052628
232.309,0.050772,0.02736743736842105
233.47,0.0378073,0.026977005789473686
234.638,0.0254354,0.02657053684210526
235.811,0.0387541,0.026580997105263158
236.99,0.0305188,0.027732560263157895
238.175,0.0276631,0.028973207631578946
239.366,0.0083156,0.029372733947368418
240.562,0.00499381,0.031057533947368418
241.765,0.0462935,0.031460644473684206
242.974,0.0228224,0.029230397105263158
244.189,0.0191978,0.026558186578947367
245.41,0.00720589,0.02490411289473684
246.637,0.000198745,0.025539981315789474
247.87,0.0362913,0.02474166552631579
249.109,0.059822,0.024415397105263154
250.355,0.0188648,0.02409957078947368
251.607,0.080807,0.02435284447368421
252.865,0.0188075,0.024522947105263156
254.129,0.0208065,0.025447026052631577
255.4,0.0,0.02590462605263158
256.677,0.0063799,0.026062378684210522
257.96,0.0375169,0.027239105526315786
259.25,0.0235861,0.02940341368421052
260.546,0.0243197,0.02831174526315789
261.849,0.0216624,0.025617172631578942
263.158,0.0131278,0.026112967368421048
264.474,0.00822576,0.024081298947368417
265.796,0.063851,0.024067204210526313
267.125,0.0315168,0.02386918842105263
268.461,0.0221951,0.025290651578947367
269.803,0.0295637,0.02495486736842105
271.152,0.0413206,0.023780788421052627
272.508,0.0155496,0.02316095684210526
273.871,0.00862512,0.022178400526315787
275.24,0.0282849,0.022230721578947368
276.616,0.0422053,0.022970242631578947
277.999,0.0185397,0.02266825263157895
279.389,0.0170442,0.020596015789473683
280.786,0.0270078,0.020115073684210522
282.19,0.0,0.020492478947368418
283.601,0.0152094,0.019566710526315787
285.019,0.0118093,0.020720647368421052
286.444,0.00565113,0.020610347368421048
287.876,0.0226565,0.020679582105263158
289.316,0.0271787,0.020200361052631576
290.762,0.00248795,0.01954848736842105
292.216,0.0244785,0.018572713684210526
293.677,0.0223789,0.01893161894736842
295.146,0.0293658,0.01825628736842105
296.621,0.0119741,0.018828850526315787
298.104,0.0632454,0.01915366105263158
299.595,0.0134539,0.0192611347368421
301.093,0.00994058,0.021246764736842103
302.598,0.0191797,0.022258091052631573
304.111,0.0298197,0.022865338421052633
305.632,0.0,0.023735072631578945
307.16,0.0238634,0.023799341052631578
308.696,0.0141765,0.023588283157894737
310.239,0.0108787,0.02261697789473684
311.791,0.0213808,0.022194032105263155
313.35,0.0138513,0.01969259526315789
314.916,0.0433781,0.020308642631578947
316.491,0.0418717,0.02093067
318.073,0.0387164,0.022146006842105256
319.664,0.0190129,0.02150730684210526
321.262,0.0256996,0.02214573842105263
322.868,0.0183688,0.02103413736842105
324.483,0.010911,0.021325337368421054
326.105,0.00393813,0.021122883157894737
327.736,0.0157181,0.020755851578947368
329.374,0.0251588,0.02082860947368421
331.021,0.0217591,0.019362435789473685
332.676,0.0422711,0.017952104210526315
334.34,0.0176844,0.016726514736842103
336.011,0.0121302,0.015725835789473685
337.691,0.00274298,0.01437709422631579
339.38,0.0197093,0.014174052121052631
341.077,0.00703207,0.014048400542105263
342.782,0.0144072,0.014171501594736843
344.496,0.0152337,0.013344233173684212
346.218,0.0155208,0.012020085805263156
347.95,0.0150754,0.011377298436842103
349.689,0.0154302,0.010502156331578947
351.438,0.0,0.010205477384210525
353.195,7.35103e-05,0.0103508037
354.961,0.014511,0.010595876331578947
356.736,0.00852362,0.011313571068421052
358.519,0.00627705,0.012922541068421053
360.312,0.0,0.013072925278947368
362.114,0.0,0.0144746937
363.924,0.00954614,0.015422288436842105
365.744,0.0256434,0.015671814752631578
367.572,0.0120475,0.014859698963157895
369.41,0.0148914,0.01576631475263158
371.257,0.00739936,0.016129823157894737
373.114,0.0333455,0.016675865263157893
374.979,0.0376025,0.01708509052631579
376.854,0.0172645,0.018146098421052633
378.738,0.0418673,0.019400493157894737
380.632,0.0335251,0.019400493157894737
382.535,0.0198164,0.019028802631578946
384.448,0.0,0.018483639473684213
386.37,0.0172257,0.01873980263157895
388.302,0.00698017,0.01945057631578948
390.244,0.0248858,0.01937401684210527
392.195,0.0162989,0.01761899052631579
394.156,0.0264362,0.016169227368421052
396.127,0.0238335,0.01838702210526316
398.107,0.0,0.018205527368421053
400.098,0.00248402,0.016989895789473682
402.098,0.0152853,0.01625099894736842
404.109,0.0169146,0.01633511684210526
406.129,0.0283961,0.01712478526315789
408.16,0.00594473,0.017733365789473682
410.201,0.0,0.01642358684210526
412.252,0.010057,0.015565749999999998
414.313,0.0594026,0.014174371052631578
416.384,0.0384189,0.012919976315789474
418.466,0.0104281,0.012919976315789472
420.559,0.00577736,0.01278923842105263
422.662,0.00159824,0.01198474894736842
424.775,0.0322294,0.011094506842105261
426.899,0.0185432,0.009599975263157895
429.033,0.0,0.009287094736842104
431.178,0.0,0.011251247368421051
433.334,0.0,0.01092260947368421
435.501,0.0,0.01040142
437.678,0.0,0.00900230947368421
439.867,0.0,0.008902342105263158
442.066,0.0,0.009364096842105263
444.276,0.0,0.009476617368421052
446.498,0.0,0.008763454210526316
448.73,0.0,0.008714422631578948
450.974,0.0373189,0.01004677
453.229,0.00381288,0.010761343684210526
455.495,0.0495,0.012002643684210525
457.773,0.0118358,0.013340764736842104
460.061,0.00852872,0.013926717368421052
462.362,0.0145507,0.013926717368421052
464.673,0.00373613,0.01392671736842105
466.997,0.0186793,0.01601065947368421
469.332,0.0176116,0.017891727894736843
471.679,0.0253146,0.01963673842105263
474.037,0.0135769,0.01810149263157895
476.407,0.0235847,0.018795967368421054
478.789,0.0254243,0.016315543157894737
481.183,0.0111331,0.015692606315789472
483.589,0.0,0.015269182157894735
486.007,0.0,0.015542245315789472
488.437,0.0395949,0.015345606894736841
490.879,0.0357403,0.014362485842105263
493.334,0.0331552,0.01343555952631579
495.8,0.00814923,0.012103212157894738
498.279,0.0170079,0.01138863847368421
500.771,0.00237194,0.011489654263157895
503.274,0.0,0.01116215952631579
505.791,0.000483661,0.010576206894736841
508.32,0.0197389,0.010963000578947368
510.861,0.0,0.01283427952631579
513.416,0.0,0.010750337421052632
515.983,0.0,0.009943526894736841
518.563,0.0,0.008792032157894735
521.155,0.0,0.009065077947368421
523.761,0.025504,0.009166214789473683
526.38,0.0192019,0.009711912684210526
529.012,0.0,0.010426586368421052
531.657,0.00734908,0.012084051578947368
534.315,0.0355543,0.01295456736842105
536.987,0.0,0.013939414736842104
539.672,0.0204109,0.014040802105263156
542.37,0.0112768,0.016219054736842105
545.082,0.0133371,0.016347442105263156
547.807,0.0189295,0.017534505263157894
550.546,0.0127402,0.018129015789473683
553.299,0.0135788,0.02050582105263158
556.066,0.0319755,0.02136882105263158
558.846,0.0362787,0.02098202736842105
561.64,0.0187121,0.01911074842105263
564.448,0.00192636,0.019425736842105263
567.271,0.0413868,0.020445552631578948
570.107,0.00243936,0.020028336842105265
572.958,0.0225542,0.01963194947368421
575.822,0.0367997,0.02223241789473684
578.702,0.0643612,0.021561881052631578
581.595,0.016397,0.022468365263157892
584.503,0.0,0.023165928421052626
587.426,0.0,0.022647396842105264
590.363,0.00598478,0.02166254947368421
593.314,0.0397874,0.021561162105263158
596.281,0.0033497,0.019382909473684207
599.262,0.00580574,0.022967611578947365
602.259,0.0683384,0.024884322105263153
605.27,0.0,0.023047423157894733
608.296,0.030802,0.019690727052631578
611.338,0.0452292,0.021622690210526315
614.395,0.0264266,0.023143674421052626
617.467,0.0,0.024427395473684204
620.554,0.0,0.026736975473684203
623.657,0.0,0.024800163894736837
626.775,0.0705487,0.02491659389473684
629.909,0.0589717,0.026021639157894735
633.058,0.00189862,0.026386476
636.224,0.000583974,0.027951897052631576
639.405,0.0531043,0.0263732877368421
642.602,0.0288987,0.029129977210526313
645.815,0.0243907,0.028452687736842106
649.044,0.0498668,0.028452687736842102
652.289,0.00298798,0.028452687736842106
655.551,0.00556187,0.029187608789473685
658.828,0.0268016,0.026243608789473682
662.122,0.0752703,0.024899498263157894
665.433,0.029743,0.026079749842105263
668.76,0.000808423,0.02604901436842105
672.104,0.0976063,0.023254051210526313
675.464,0.0135581,0.021733067
678.842,0.0,0.022576151210526314
682.236,0.0,0.02265373542105263
685.647,0.0139635,0.022496473315789474
689.075,0.0146127,0.02400528542105263
692.521,0.0334336,0.023890917
695.983,0.0243234,0.019929322263157898
699.463,0.0,0.01994570121052632
702.961,0.0,0.02008218052631579
706.475,0.0,0.016451617368421052
710.008,0.0404093,0.015738033157894737
713.558,0.0513409,0.015738033157894737
717.126,0.0,0.015738033157894737
720.711,0.0342293,0.020417743684210524
724.315,0.0246286,0.02121985421052631
727.936,0.0,0.019460191052631574
731.576,0.0300542,0.018180012105263158
735.234,0.00340153,0.018209592157894736
738.91,0.0286256,0.022381081631578943
742.605,0.0,0.02347184478947368
746.318,0.0,0.023677002684210524
750.049,0.0,0.022167755315789472
753.8,0.102878,0.022866197421052628
757.569,0.0298528,0.02222975005263158
761.356,0.0,0.02093350794736842
765.163,0.0,0.020933507947368424
768.989,0.000562021,0.02049909742105263
772.834,0.0792583,0.02119861689473684
776.698,0.0207245,0.019692006368421052
780.582,0.0443073,0.022454690578947365
784.485,0.0226652,0.023617185315789473
788.407,0.0132704,0.023617185315789473
792.349,0.0221368,0.018202553736842104
796.311,0.0,0.01795918005263158
800.292,0.0,0.018601948473684213
804.294,0.0218004,0.01885146163157895
808.315,0.0166924,0.02076196052631579
812.357,0.0,0.017930076315789474
816.419,0.052491,0.01742676052631579
820.501,0.0220874,0.017112992105263156
824.603,0.0,0.016453581578947368
828.726,0.0,0.017488471052631578
832.87,0.0252287,0.016822257894736844
837.034,0.0122126,0.018311210526315787
841.219,0.00474075,0.018311210526315787
845.425,0.0368615,0.01716382105263158
849.653,0.0254525,0.016285273684210524
853.901,0.0111615,0.016285273684210524
858.17,0.0383457,0.013750892631578946
862.461,0.0101364,0.014414529473684209
866.773,0.0329333,0.014537191578947367
871.107,0.00947875,0.01679291789473684
875.463,0.0282901,0.018805833684210526
879.84,0.0,0.019431975789473685
884.239,0.0,0.01921839047368421
888.661,0.0,0.019433353631578942
893.104,0.0,0.022341122052631578
897.569,0.00433776,0.024163006263157892
902.057,0.0346965,0.02431631152631579
906.568,0.00233058,0.02381800178947368
911.1,0.0428588,0.022084670210526312
915.656,0.0634741,0.021585788631578944
920.234,0.0241093,0.020815872842105263
924.835,0.000682629,0.02271006757894737
929.46,0.0409458,0.02271006757894737
934.107,0.0807001,0.023175460210526314
938.777,0.0457773,0.027805928631578943
943.471,0.0412585,0.027577625473684208
948.189,0.000668515,0.02575149389473684
952.93,0.0,0.025628831789473682
957.694,0.0,0.023373105473684208
962.483,0.0136617,0.02003236336842105
967.295,0.0359897,0.01876345284210526
972.132,0.0,0.018727525
976.992,0.00884246,0.01657248289473684
981.877,0.0879789,0.012325109210526316
986.787,0.0,0.009915777631578948
991.72,0.0,0.007744277631578948
996.679,0.0,0.007709092631578948
1001.66,0.0,0.007890517368421054
1006.67,0.0,0.010405470000000002
1011.7,0.0,0.009686433157894737
1016.76,0.0,0.010776801578947368
1021.85,0.0,0.010776801578947368
1026.96,0.0,0.01091541947368421
1032.09,0.0,0.008383103684210526
1037.25,0.0,0.01078411947368421
1042.44,0.0,0.011121872105263157
1047.65,0.00344707,0.01354455105263158
1052.89,0.0477841,0.013906906842105264
1058.15,0.0,0.014103122105263157
1063.44,0.0567067,0.01692098
1068.76,0.0,0.016920980000000002
1074.1,0.0114762,0.016920980000000002
1079.47,0.0398649,0.01692098
1084.87,0.0456193,0.01692098
1090.3,0.0064173,0.01692098
1095.75,0.0460309,0.01741154
1101.23,0.00688476,0.020361457368421054
1106.73,0.00372809,0.021139820526315786
1112.27,0.0535393,0.021139820526315786
1117.83,0.0,0.019452225789473684
1123.42,0.0,0.02169861
1129.03,0.0,0.021094599473684212
1134.68,0.0,0.01899644684210526
1140.35,0.0,0.016595431052631577
1146.05,0.00932064,0.01625767842105263
1151.78,0.0594955,0.01383499947368421
1157.54,0.062573,0.015726512105263157
1163.33,0.0,0.017022823157894735
1169.15,0.0246424,0.014204965263157895
1174.99,0.0426813,0.01569354947368421
1180.87,0.0,0.017626486315789475
1186.77,0.0,0.018169617894736843
1192.71,0.0,0.028674196842105263
1198.67,0.0,0.029153968421052633
1204.66,0.0,0.02866340842105263
1210.69,0.0428235,0.025532066315789474
1216.74,0.028358,0.022238750526315784
1222.82,0.0,0.022238750526315784
1228.94,0.0282831,0.020941782105263155
1235.08,0.0367258,0.02067489263157895
1241.26,0.0103195,0.027146997894736843
1247.46,0.199587,0.027784213684210527
1253.7,0.00911566,0.03116946631578947
1259.97,0.0,0.031169466315789474
1266.27,0.0,0.03463268210526316
1272.6,0.0,0.03295089789473685
1278.96,0.0,0.03145837157894737
1285.36,0.0,0.03145837157894737
1291.79,0.0376104,0.030718429473684212
1298.24,0.12297,0.032451750526315784
1304.74,0.0121071,0.03190861894736841
1311.26,0.0643198,0.02140404
1317.82,0.0,0.020924268421052633
1324.41,0.0658011,0.020924268421052633
1331.03,0.0108696,0.02521045263157895
1337.68,0.0,0.02566747052631579
1344.37,0.0,0.029868612631578948
1351.09,0.0142242,0.029998885789473677
1357.85,0.0696589,0.028019391052631574
1364.64,0.0,0.023634022631578943
1371.46,0.0,0.0289159647368421
1378.32,0.0,0.028042517368421047
1385.21,0.0,0.035902148947368415
1392.14,0.0814375,0.03309279105263157
1399.1,0.00868334,0.037281275263157894
1406.09,0.0798217,0.037281275263157894
1413.12,0.00247519,0.03728127526315789
1420.19,0.0,0.036532633157894734
1427.29,0.039648,0.032866375263157895
1434.43,0.112464,0.032866375263157895
1441.6,0.0477243,0.032866375263157895
1448.81,0.149333,0.032866375263157895
1456.05,0.0124233,0.032877116789473686
1463.33,0.0904508,0.03193182205263158
1470.65,0.0,0.03324366731578947
1478.0,0.0,0.029042525210526315
1485.39,0.0,0.02891225205263158
1492.82,0.0,0.028912252052631576
1500.28,0.0,0.026825515210526313
1507.78,0.0,0.02090635731578947
1515.32,0.0,0.018394552052631574
1522.9,0.000204089,0.01053492047368421
1530.51,0.0634769,0.010500836263157894
1538.16,0.0336084,0.012376636263157895
1545.86,0.0,0.01585125205263158
1553.58,0.0,0.01585125205263158
1561.35,0.0,0.01585125205263158
1569.16,0.0,0.015851252052631576
1577.0,0.0,0.015851252052631576
1584.89,0.0,0.020355704684210524
1592.81,0.0,0.025343952052631576
1600.78,0.0117757,0.02704997894736842
1608.78,0.126091,0.029342563157894734
1616.83,0.0660177,0.02759368694736842
1624.91,0.0,0.02759368694736842
1633.03,0.0,0.02759368694736842
1641.2,0.0,0.027593686947368423
1649.41,0.0,0.027593686947368423
1657.65,0.0855846,0.027593686947368423
1665.94,0.0947767,0.027593686947368423
1674.27,0.0326186,0.02759368694736842
1682.64,0.107036,0.026973913263157893
1691.06,0.000379752,0.020337544842105263
1699.51,0.0,0.01686292905263158
1708.01,0.0,0.01686292905263158
1716.55,0.0,0.01686292905263158
1725.13,0.0,0.01686292905263158
1733.76,0.0,0.01686292905263158
1742.43,0.0,0.012358476421052632
1751.14,0.0,0.007370229052631579
1759.89,0.0,0.005653460631578948
1768.69,0.0,1.998694736842105e-05
1777.54,0.0,0.0
1786.42,0.0,0.0
1795.36,0.0,0.0
1804.33,0.0,0.0
1813.35,0.0,0.0
1822.42,0.0,0.0
1831.53,0.0,0.0
1840.69,0.0,0.0
1849.89,0.0,0.0
1859.14,0.0,0.0
1868.44,0.0,0.0
1877.78,0.0,0.0
1887.17,0.0,0.0
1896.61,0.0,0.001430315789473684
1906.09,0.0,0.006232642105263158
1915.62,0.0,0.006899463157894736
1925.2,0.0,0.006899463157894736
1934.82,0.0,0.006899463157894736
1944.5,0.0,0.008948673684210526
1954.22,0.0,0.015736936842105264
1963.99,0.0,0.021683515789473685
1973.81,0.0,0.02240585789473684
1983.68,0.027176,0.022405857894736838
1993.6,0.0912442,0.022405857894736838
2003.57,0.0126696,0.02240585789473684
2013.59,0.0,0.02240585789473684
2023.65,0.0,0.02240585789473684
2033.77,0.038935,0.02240585789473684
2043.94,0.128977,0.02240585789473684
2054.16,0.112985,0.02240585789473684
2064.43,0.0137245,0.02240585789473684
2074.75,0.0,0.02240585789473684
2085.13,0.0,0.02097554210526316
2095.55,0.0,0.016173215789473686
2106.03,0.0,0.015506394736842104
2116.56,0.0,0.02207465789473684
2127.14,0.0,0.023935742105263155
2137.78,0.0,0.021886531578947366
2148.47,0.0,0.016387647368421052
2159.21,0.0,0.018137331578947365
2170.01,0.0,0.01741498947368421
2180.86,0.0,0.01741498947368421
2191.76,0.0,0.01741498947368421
2202.72,0.0,0.01741498947368421
2213.73,0.124797,0.01741498947368421
2224.8,0.0353606,0.01741498947368421
2235.93,0.0,0.017552850526315788
2247.11,0.0244982,0.023336482105263158
2258.34,0.146229,0.02694848736842105
2269.63,0.0,0.02731863578947368
2280.98,0.0,0.03524979368421052
2292.39,0.0,0.035823051578947364
2303.85,0.0,0.035823051578947364
2315.37,0.0,0.035823051578947364
2326.94,0.0,0.02925478842105263
2338.58,0.00261936,0.034783335789473686
2350.27,0.109889,0.03712546736842105
2362.02,0.0686281,0.03583608842105263
2373.83,0.00703282,0.02813982526315789
2385.7,0.150692,0.02813982526315789
2397.63,0.0108919,0.028139825263157895
2409.62,0.0,0.02829842052631579
2421.67,0.0,0.03770884157894737
2433.77,0.0,0.037903267368421055
2445.94,0.140403,0.037903267368421055
2458.17,0.0445005,0.03776540631578947
2470.46,0.0,0.031981774736842106
2482.82,0.0,0.02836976947368421
2495.23,0.0,0.02799962105263158
2507.71,0.0,0.020068463157894734
2520.25,0.00301331,0.019495205263157893
2532.85,0.178798,0.019495205263157893
2545.51,0.00369409,0.019495205263157893
2558.24,0.0,0.019495205263157893
2571.03,0.0,0.012105573684210525
2583.88,0.0,0.009763442105263156
2596.8,0.0,0.009763442105263156
2609.79,0.0,0.009763442105263156
2622.84,0.0,0.009763442105263156
2635.95,0.0,0.009763442105263156
2649.13,0.0,0.009604846842105262
2662.38,0.0,0.0001944257894736842
2675.69,0.0,0.0
2689.07,0.0,0.0
2702.51,0.0,0.0
2716.02,0.0,0.0
2729.61,0.0,0.0
2743.25,0.0,0.0
2756.97,0.0,0.0
2770.75,0.0,0.0
2784.61,0.0,0.0
2798.53,0.0,0.0
2812.52,0.0,0.0
2826.59,0.0,0.0
2840.72,0.0,0.0
2854.92,0.0,0.0
2869.2,0.0,0.0
2883.54,0.0,0.0
2897.96,0.0,0.0
2912.45,0.0,0.0
2927.01,0.0,0.0
2941.65,0.0,0.0
2956.36,0.0,0.0
2971.14,0.0,0.0
2985.99,0.0,0.0027398263157894735
3000.92,0.0,0.011258615789473684
3015.93,0.0,0.011956457894736842
3031.01,0.0,0.011956457894736842
3046.16,0.0,0.011956457894736842
3061.39,0.0,0.011956457894736842
3076.7,0.0,0.011956457894736842
3092.08,0.0,0.011956457894736842
3107.54,0.0,0.012669452631578947
3123.08,0.0520567,0.019838505263157894
3138.7,0.161857,0.02466175789473684
3154.39,0.013259,0.038506389473684205
3170.16,0.0,0.03934820526315789
3186.01,0.0,0.03934820526315789
3201.94,0.0,0.03934820526315789
3217.95,0.0,0.039348205263157895
3234.04,0.0,0.039348205263157895
3250.21,0.0135469,0.039348205263157895
3266.47,0.136212,0.039348205263157895
3282.8,0.0916418,0.03660837894736842
3299.21,0.263048,0.028089589473684208
3315.71,0.0159945,0.02739174736842105
3332.29,0.0,0.02739174736842105
3348.95,0.0,0.02739174736842105
3365.69,0.0,0.02739174736842105
3382.52,0.0,0.02739174736842105
3399.43,0.0,0.02739174736842105
3416.43,0.0,0.026678752631578945
3433.51,0.0,0.019509699999999998
3450.68,0.0,0.01468644736842105
3467.93,0.0,0.0008418157894736841
3485.27,0.0,0.0
3502.7,0.0,0.0
3520.21,0.0,0.0
3537.81,0.0,0.0
3555.5,0.0,0.0
3573.28,0.0,0.0
3591.15,0.0,0.0
3609.1,0.0,0.0
3627.15,0.0,0.0
3645.28,0.0,0.0
3663.51,0.0,0.0
3681.83,0.0,0.0
3700.24,0.0,0.0
3718.74,0.0,0.0
3737.33,0.0,0.0
3756.02,0.0,0.0
3774.8,0.0,0.0
3793.67,0.0,0.0
3812.64,0.0,0.0
3831.7,0.0,0.0
3850.86,0.0,0.0
3870.12,0.0,0.0
3889.47,0.0,0.0
3908.92,0.0,0.0
3928.46,0.0,0.0
3948.1,0.0,0.0
3967.84,0.0,0.0
3987.68,0.0,0.0
4007.62,0.0,0.0
4027.66,0.0,0.0
4047.8,0.0,0.0
4068.04,0.0,0.0
4088.38,0.0,0.0
4108.82,0.0,0.0
4129.36,0.0,0.0
4150.01,0.0,0.0
4170.76,0.0,0.0
4191.61,0.0,0.0
4212.57,0.0,0.0
4233.63,0.0,0.0
4254.8,0.0,0.0
4276.08,0.0,0.0
4297.46,0.0,0.0
4318.94,0.0,0.0
4340.54,0.0,0.0
4362.24,0.0,0.0
4384.05,0.0,0.0
4405.97,0.0,0.0
4428.0,0.0,0.0
4450.14,0.0,0.0
4472.39,0.0,0.0
4494.75,0.0,0.0
4517.23,0.0,0.0
4539.81,0.0,0.0
4562.51,0.0,0.0
4585.33,0.0,0.0
4608.25,0.0,0.0
4631.29,0.0,0.0
4654.45,0.0,0.0
4677.72,0.0,0.0
4701.11,0.0,0.004671836842105263
4724.62,0.0,0.016719573684210523
4748.24,0.0,0.03203652105263158
4771.98,0.0,0.0411671
4795.84,0.0,0.0411671
4819.82,0.0,0.0411671
4843.92,0.0,0.0411671
4868.14,0.0,0.0411671
4892.48,0.0,0.0411671
4916.94,0.0887649,0.0411671
4941.53,0.228907,0.0411671
4966.23,0.291022,0.0411671
4991.07,0.173481,0.0411671
5016.02,0.0,0.0411671
5041.1,0.0,0.0411671
5066.31,0.0,0.0411671
5091.64,0.0,0.04842204736842105
5117.1,0.0,0.058093784210526314
5142.68,0.0,0.0630386
5168.4,0.0,0.058366763157894734
5194.24,0.0,0.04631902631578947
5220.21,0.0,0.031002078947368415
5246.31,0.0,0.021871499999999995
5272.54,0.0,0.021871499999999995
5298.9,0.0,0.021871499999999995
5325.4,0.137844,0.021871499999999995
5352.03,0.183763,0.02369897368421052
5378.79,0.0939515,0.03232881578947368
5405.68,0.0,0.04539981578947368
5432.71,0.0,0.047211436842105256
5459.87,0.0,0.047211436842105256
5487.17,0.0,0.047211436842105256
5514.61,0.0,0.047211436842105256
5542.18,0.0,0.047211436842105256
5569.89,0.0,0.047211436842105256
5597.74,0.034722,0.03995648947368421
5625.73,0.163967,0.030284752631578947
5653.86,0.248349,0.02533993684210526
5682.13,0.0344208,0.02533993684210526
5710.54,0.0,0.02533993684210526
5739.09,0.0,0.02533993684210526
5767.79,0.0,0.02533993684210526
5796.62,0.0,0.02533993684210526
5825.61,0.0,0.028574331578947367
5854.74,0.0,0.03777948947368421
5884.01,0.0,0.052099489473684216
5913.43,0.0,0.04346964736842105
5943.0,0.0,0.03039864736842105
5972.71,0.0,0.028587026315789476
6002.57,0.0,0.028587026315789476
6032.59,0.0,0.028587026315789476
6062.75,0.0,0.028587026315789476
6093.06,0.0614535,0.028587026315789476
6123.53,0.174898,0.028587026315789476
6154.15,0.306802,0.028587026315789476
6184.92,0.0,0.028587026315789476
6215.84,0.0,0.028587026315789476
6246.92,0.0,0.028587026315789476
6278.16,0.0,0.028587026315789476
6309.55,0.0,0.028587026315789476
6341.09,0.0,0.028587026315789476
6372.8,0.0,0.028587026315789476
6404.66,0.0,0.02535263157894737
6436.69,0.0,0.016147473684210528
6468.87,0.0,0.0
6501.22,0.0,0.0
6533.72,0.0,0.0
6566.39,0.0,0.0
6599.22,0.0,0.0
6632.22,0.0,0.0
6665.38,0.0,0.0
6698.71,0.0,0.0
6732.2,0.0,0.0
6765.86,0.0,0.0
6799.69,0.0,0.0
6833.69,0.0,0.0
6867.86,0.0,0.0
6902.2,0.0,0.0
6936.71,0.0,0.0
6971.39,0.0,0.0
7006.25,0.0,0.0
7041.28,0.0,0.0
7076.49,0.0,0.0
7111.87,0.0,0.0
7147.43,0.0,0.0
7183.16,0.0,0.0
7219.08,0.0,0.0
7255.18,0.0,0.0
7291.45,0.0,0.0
7327.91,0.0,0.0
7364.55,0.0,0.0
7401.37,0.0,0.0
7438.38,0.0,0.0
7475.57,0.0,0.0
7512.95,0.0,0.0
7550.51,0.0,0.0
7588.26,0.0,0.0
7626.21,0.0,0.021217999999999997
7664.34,0.0,0.03191584210526315
7702.66,0.0,0.03321988421052631
7741.17,0.0,0.03452392631578947
7779.88,0.0,0.035827968421052625
7818.78,0.0,0.03713201052631578
7857.87,0.0,0.03843605263157894
7897.16,0.0,0.0397400947368421
7936.65,0.0,0.041044136842105255
7976.33,0.403142,0.04234817894736841
8016.21,0.203259,0.04365222105263157
8050.87,0.0247768,0.04495626315789473
