energy_cm-1,relative_intensity_final,uncertainty_scaled_by_anchor
-20.1034,0.005361550891429684,0.007339605914720129
-19.9824,0.008580472217247512,0.007645101931087894
-19.8614,0.010815232977615434,0.007914217050928823
-19.7404,0.027468639943017688,0.009492409402872892
-19.6194,0.02847416071639102,0.009857826951058092
-19.4985,0.02446588261594827,0.009829115626878708
-19.3775,0.019096189063132953,0.009770098261676628
-19.2565,0.023885126466219583,0.010254730202376678
-19.1355,0.029670307883165044,0.010696798544300588
-19.0145,0.02696900036593022,0.01033381030632301
-18.8935,0.016051372197543573,0.009346992530468095
-18.7726,0.018396491312522766,0.009273632828253537
-18.6516,0.02289815921187523,0.009424287132806748
-18.5306,0.039781600440911245,0.010647593111234692
-18.4096,0.055090081251195806,0.011930084044061028
-18.2886,0.041858003571185264,0.011467982558540573
-18.1676,0.03276795414000891,0.011201535471923162
-18.0467,0.003208363606546273,0.009452049472864073
-17.9257,0.0024341254206463724,0.009857318452669572
-17.8047,-0.006483573730860575,0.009455927396070585
-17.6837,-0.004654420310636834,0.009767197364251613
-17.5627,0.016931318119828474,0.011249741456807648
-17.4417,0.03495974155617028,0.012471354257254489
-17.3208,0.04803653754129973,0.013228346637592947
-17.1998,0.023308678257584682,0.011891398781499031
-17.0788,0.01248403797678525,0.011357693183243095
-16.9578,0.005867848195662104,0.011142504827415209
-16.8368,0.026893766417396242,0.01280691512434275
-16.7158,0.0849166009528872,0.01630411829389632
-16.5949,0.1931357119749748,0.0211316093824877
-16.4739,0.28171310825700946,0.024233577944247277
-16.3529,0.3175095694628985,0.02535610178485881
-16.2319,0.32791851790508414,0.02557626636126656
-16.1109,0.30509166817267824,0.024830494306703792
-15.9899,0.36781493150332867,0.026725419813431725
-15.869,0.43684790071501206,0.028910740294799186
-15.748,0.47738207725166415,0.03011519957501872
-15.627,0.5200664630457388,0.031341798212591504
-15.506,0.4446411048563469,0.02933097238478963
-15.385,0.4353426587747579,0.02927162186566878
-15.264,0.29698460441392616,0.025408367191558295
-15.1431,0.2419693328443385,0.02400236245045264
-15.0221,0.33665441867884094,0.027316403936729856
-14.9011,0.44354464409920175,0.030654951353704853
-14.7801,0.5387610263506477,0.033227284248493985
-14.6591,0.4932067848440432,0.032291524471716654
-14.5381,0.48418252126332006,0.032173024437058106
-14.4172,0.46688259677467386,0.0319899414412166
-14.2962,0.40985124140910467,0.03078236513352957
-14.1752,0.33919071899781617,0.029263425336515988
-14.0542,0.2834627687414815,0.028257322367099318
-13.9332,0.29052762895572815,0.029163757324672527
-13.8122,0.30069534901461964,0.030120774104535307
-13.6913,0.32551276125561796,0.03125533316569378
-13.5703,0.36287060633862944,0.03241304890449153
-13.4493,0.355178402202598,0.03220712464005716
-13.3283,0.3769313833916632,0.03264833503146974
-13.2073,0.3272379774379744,0.0314063815746092
-13.0863,0.3523660836124044,0.03219473548190924
-12.9654,0.37061225388948743,0.03281790134658788
-12.8444,0.3894187012781449,0.03340143568582306
-12.7234,0.42183187851932463,0.03421579306856073
-12.6024,0.42673844392761834,0.03421588513724396
-12.4814,0.48183382851538803,0.03541164805411554
-12.3604,0.5186399634151366,0.03639487634546629
-12.2395,0.5085186679487143,0.036358405503652394
-12.1185,0.47309898840894593,0.03576085501518881
-11.9975,0.4434859728787367,0.03516623029769839
-11.8765,0.5461209560528816,0.03764518577584025
-11.7555,0.5913589065662241,0.038819659009450475
-11.6345,0.637262385024683,0.040128542867430284
-11.5136,0.571048840874202,0.039213353811596165
-11.3926,0.5680725267991875,0.03953612723029689
-11.2716,0.5134855282143624,0.038632397683916575
-11.1506,0.4963653786765891,0.038297872082602345
-11.0296,0.5085362097543046,0.038542357149157075
-10.9086,0.5153496918149526,0.03878113016477383
-10.7877,0.5443343027560624,0.03963164207889888
-10.6667,0.5296506692198832,0.03957966439856608
-10.5457,0.5906959079047047,0.04105285668363165
-10.4247,0.5604082263725136,0.04069392512299419
-10.3037,0.6138962104396588,0.041976704168557324
-10.1828,0.5821213101525851,0.04150996349901902
-10.0618,0.6435131422799535,0.04284153063274973
-9.94078,0.6323565539245302,0.042948501500466724
-9.8198,0.6877852328185153,0.04427255416537212
-9.69882,0.7418049375695297,0.045500075998453085
-9.57783,0.7617958239896021,0.0458886841623156
-9.45685,0.7638221880995575,0.04605411326790672
-9.33587,0.7371260076849427,0.045592540585705284
-9.21488,0.7528439550326012,0.04602178866872961
-9.0939,0.769756866495029,0.04642442092036346
-8.97292,0.8337281599421039,0.04778969976441615
-8.85194,0.8481591914777827,0.04815541753495145
-8.73095,0.8870438263654971,0.04894905310022301
-8.60997,0.8670853310934215,0.048817846952061275
-8.48899,0.9418380630256677,0.05040622988442799
-8.368,0.9335810943394225,0.05067245503298975
-8.24702,1.0029028016711223,0.052152654175934954
-8.12604,0.9539193900999761,0.051754581598651296
-8.00505,1.0253743441710415,0.0529814256189489
-7.88407,1.1154006854358547,0.05441108608022692
-7.76309,1.1873272285130219,0.05549923167053512
-7.6421,1.233155644361513,0.05636509407971372
-7.52112,1.1522549583137347,0.05546277381218871
-7.40014,1.1832522262795013,0.05638266974782492
-7.27915,1.2190428946100555,0.05746653289904604
-7.15817,1.2497773618511416,0.0582966589716137
-7.03719,1.278345293717137,0.059091710042348665
-6.9162,1.327019969509894,0.059975209807232005
-6.79522,1.349741584726717,0.060618774880305294
-6.67424,1.3387338977443277,0.060426089029259056
-6.55326,1.3199811364397556,0.060247545931337104
-6.43227,1.3738249335961068,0.06095847586469495
-6.31129,1.468792923880394,0.06255492083206725
-6.19031,1.5190918076912248,0.06361432203047193
-6.06932,1.5537181896693448,0.06462918311390022
-5.94834,1.7061474237818743,0.06714620420071069
-5.82736,1.7234660812870952,0.06805016712202529
-5.70637,1.774608685151922,0.06937361443118467
-5.58539,1.722126050519584,0.06956123217250401
-5.46441,1.8127550955885618,0.07159373759458039
-5.34342,1.9151004349959837,0.0737992738703151
-5.22244,2.0538213599631536,0.07641592262648711
-5.10146,2.1234307529065344,0.07824415240927567
-4.98047,2.1835841335592283,0.08021335687839473
-4.85949,2.175365838435075,0.08168775801383248
-4.73851,2.2228837341363943,0.08409335805012386
-4.61752,2.28338501366833,0.08699713932363042
-4.49654,2.3447845968260754,0.09035137117420715
-4.37556,2.560884139637668,0.095629714310578
-4.25457,2.735745753149264,0.10141805599786849
-4.13359,3.037363637958346,0.10915849080575948
-4.01261,3.332679527121875,0.11813525140631621
-3.89163,3.832196719519175,0.12972248363096123
-3.77064,4.417039702001439,0.1431387825810149
-3.64966,5.402041458221742,0.1597885820720113
-3.52868,6.763225195580934,0.17917832871315292
-3.40769,8.49411268447962,0.2007455533728155
-3.28671,9.956412284648838,0.22199366352606104
-3.16573,11.120573804699326,0.24347398876307266
-3.04474,12.612427675747472,0.26675549862767733
-2.92376,14.843843254584224,0.29134566999856243
-2.80278,18.210409470616863,0.3162718158202793
-2.68179,22.399172353135306,0.3396178327494509
-2.56081,28.46530822380243,0.36355644758155525
-2.43983,36.6960702683937,0.388930765719335
-2.31884,47.164318172453896,0.41645041642042013
-2.19786,59.79587049578445,0.4465210651892685
-2.07688,73.74956910390337,0.47755697132465297
-1.95589,89.32894434637802,0.5097702632527289
-1.83491,106.41645796677417,0.5423394672733532
-1.71393,126.69291682287711,0.5773123648334691
-1.59295,148.8101311678314,0.6122659370401488
-1.47196,174.49224835769942,0.6493996333253553
-1.35098,200.65764637106955,0.6844645148803353
-1.23,229.75322759024138,0.7207791187016368
-1.10901,260.1149600189615,0.756331169574781
-0.988029,292.4432186031257,0.7922035423890458
-0.867046,326.3711266775372,0.8278805151634158
-0.746063,358.38494635675056,0.8601619621994746
-0.62508,388.47146825320743,0.8893094965961276
-0.504097,411.1355708246321,0.9106423816794921
-0.383113,425.44762812351223,0.923911392342216
-0.26213,427.0488033428971,0.9256719334208027
-0.141147,415.34376023696933,0.9153898824396816
-0.0201639,390.1743859450158,0.8925414604973231
0.100819,354.78190028340214,0.8592702583504545
0.221802,312.18238419246705,0.817565868253554
0.342786,265.9403978399918,0.7697048246728175
0.463769,217.48666720787898,0.7160002189591196
0.584752,171.33719552218898,0.6603472486097232
0.705735,129.54686252568547,0.6050479759254406
0.826718,94.80189794177507,0.5538648522517319
0.947701,66.19864585419822,0.5064605307568875
1.06868,44.42469608821815,0.4649741353386145
1.18967,28.358450071329877,0.42938436755734843
1.31065,17.846853510013307,0.40101310039598637
1.43163,10.750989174258253,0.37711595962231864
1.55262,6.541216919928185,0.3576057836684523
1.6736,3.9757727267349754,0.3409515407792783
1.79458,2.8719036163452114,0.32754146242927146
1.91557,2.735020419885555,0.31722251521984024
2.03655,3.018137003133455,0.3094669517712993
2.15753,3.463853885734306,0.30416686938331705
2.27852,3.506198988531325,0.29979882449006434
2.3995,3.0964958407562997,0.2957136710988524
2.52048,2.4009591696117134,0.29202218528837276
2.64147,2.2054129116663965,0.2901206180319525
2.76245,2.314873778549794,0.2895587026158418
2.88343,2.529634432850985,0.28927340535877055
3.00442,2.8136403448474185,0.2890564677683699
3.1254,3.044107034386425,0.2881934932515466
3.24638,3.1990215751970283,0.2867791920382406
3.36736,3.479910757083929,0.285265075036111
3.48835,3.7625133246331393,0.2830933143570434
3.60933,4.2605455827897725,0.28092735082768755
3.73031,4.445632029215672,0.27689538123465374
3.8513,5.058265311242625,0.2734142807773245
3.97228,5.420899307180269,0.26834466754709496
4.09326,5.727048689117186,0.2628116979809443
4.21425,5.788942706423196,0.25589659964335026
4.33523,6.086786247387596,0.2495557618685214
4.45621,6.4239723867503065,0.24332234112514056
4.5772,6.466415397299458,0.2363027884655642
4.69818,6.163350109554693,0.2280826372985884
4.81916,5.90484100800926,0.22039433681907186
4.94015,5.760002806688892,0.2134903064083957
5.06113,5.726420447707671,0.20707724533766522
5.18211,5.472704746527025,0.1996162543831848
5.3031,5.151161818261182,0.19174570914470557
5.42408,5.083814339161428,0.18516380786793538
5.54506,5.010273378841401,0.1787133705412231
5.66605,5.156053126378103,0.17387387147766298
5.78703,5.0506684855751285,0.16824015753007623
5.90801,5.268171372833944,0.16487117167302884
6.02899,5.51306558554751,0.16217974721520736
6.14998,5.817592146492842,0.16051434602421255
6.27096,5.7720120083858,0.1575145868383059
6.39194,5.56932990710594,0.15421651065009478
6.51293,5.28950710381934,0.15105492315877658
6.63391,5.213864390420215,0.14970851733641702
6.75489,5.13377748097224,0.14885719812584053
6.87588,4.8642260167822045,0.14725964620691798
6.99686,4.732961909396982,0.1466091907785881
7.11784,4.8763877913928475,0.1473208020013082
7.23883,5.2033915245338465,0.14854130517294312
7.35981,5.46271815580958,0.1487628815380845
7.48079,5.552288246949459,0.1476157588280245
7.60178,5.857385120550959,0.14761766300465431
7.72276,6.23497942101435,0.14826523955062915
7.84374,6.590568954186108,0.14905036928523324
7.96473,6.619264900438015,0.14837580576459433
8.08571,6.546613268866517,0.14719830113977458
8.20669,6.1952615095661985,0.1445603362857084
8.32767,5.611271956323351,0.1404447311292311
8.44866,4.818436192906011,0.13491290866712602
8.56964,4.08960354295519,0.12963129839689394
8.69062,3.667734541079849,0.1263254379205545
8.81161,3.095406617013838,0.12185830468863884
8.93259,2.60347074822328,0.11756849288644926
9.05357,2.10309931068863,0.1126771320552373
9.17456,1.8888208520666903,0.10952071622680627
9.29554,1.7204007527474345,0.10648463176959413
9.41652,1.5730479539931477,0.10343911502580595
9.53751,1.4568118706622277,0.10062042422805094
9.65849,1.2708507816506187,0.09741383732509848
9.77947,1.2074930434502367,0.09551286155272869
9.90046,0.9523984747604012,0.09191023659211134
10.0214,0.9780021678408116,0.0910192517222551
10.1424,0.8020676485454372,0.08820724326944351
10.2634,0.9033246616981201,0.08831431943468629
10.3844,0.7785216500556644,0.08611236149536518
10.5054,0.8646608903812567,0.08637533858961893
10.6264,0.7888443907220979,0.08528094384477315
10.7473,0.7499554315753315,0.08484255378397076
10.8683,0.6841459200819812,0.08418947670929951
10.9893,0.5582137056982716,0.0827842963944922
11.1103,0.4956530997798297,0.08194835071808934
11.2313,0.4721829797979591,0.08135786849369046
11.3523,0.5506413569688087,0.08170638908384509
11.4732,0.7173423593402161,0.08295788653898814
11.5942,0.7425462624327548,0.08258252371491019
11.7152,0.7162278427617819,0.08168683841029757
11.8362,0.5602118397396959,0.07912582282970357
11.9572,0.569064332328283,0.0784193181900149
12.0782,0.5670425372467603,0.07751194710923438
12.1991,0.6059518938418877,0.07714636242520534
12.3201,0.5165131622694525,0.07536199550495638
12.4411,0.5801735986035089,0.07546118735488629
12.5621,0.5468058207790437,0.07459379375532593
12.6831,0.617061160117114,0.07521487955057336
12.8041,0.5893965088543284,0.0750243628905079
12.925,0.6311084748542294,0.07570060543177667
13.046,0.6302819702466494,0.07591751970329999
13.167,0.5097730294331096,0.07442527041549697
13.288,0.5222530042381817,0.0745037034730733
13.409,0.4889945567369304,0.07358508906411759
13.53,0.553681392672502,0.07359682310898474
13.6509,0.5065053582057097,0.07200377337996783
13.7719,0.48045781664896836,0.07061134087202076
13.8929,0.42652533138714477,0.06897123284511593
14.0139,0.3658070230046501,0.06713939957879347
14.1349,0.4062763764504116,0.06668244872648901
14.2559,0.5409582802829696,0.06754427063412148
14.3768,0.6455759770275777,0.06800118818763957
14.4978,0.6142691573854876,0.06650986070591987
14.6188,0.543567113928316,0.06438985192255227
14.7398,0.4728128530033408,0.062476201986383643
14.8608,0.4245452286900719,0.06109418828011961
14.9817,0.35992415412801515,0.05959580624721069
15.1027,0.3382597794546292,0.05866983101599368
15.2237,0.3667103036078597,0.05854961598401027
15.3447,0.39613892620488733,0.05827938682355771
15.4657,0.4256643142969387,0.0580138992355959
15.5867,0.40956958528315945,0.05693805561098056
15.7076,0.37069955496847173,0.05549383716273914
15.8286,0.33730868723246193,0.05416892755285568
15.9496,0.35087829372896767,0.05391776985184531
16.0706,0.34499877003386387,0.053338893994498426
16.1916,0.35743664450551893,0.05303176296877794
16.3126,0.29278366833422603,0.05126607461271386
16.4335,0.2902474496050441,0.05091643141900067
16.5545,0.2749341060430704,0.0503371100267022
16.6755,0.3003043707244398,0.050590103792012064
16.7965,0.3356010944454892,0.050804107438412315
16.9175,0.3269451516693067,0.05033729291053554
17.0385,0.33156533690261475,0.0498963247694501
17.1594,0.266912931859876,0.04814464858939586
17.2804,0.2336159739761194,0.04671944481304805
17.4014,0.21556847484607058,0.04590329994992535
17.5224,0.27891625909165263,0.046471534914776694
17.6434,0.3130449433297692,0.04664682602487816
17.7644,0.32440844340136427,0.04635042043285387
17.8853,0.3294192805656783,0.04630762042198161
18.0063,0.31672521414261157,0.04583145595608721
18.1273,0.29559712918152786,0.04506271345245852
18.2483,0.2605424823776244,0.04395303466567033
18.3693,0.23778251995788333,0.04298218913876852
18.4903,0.23549800574147375,0.04253142355598077
18.6112,0.27105859085451844,0.04277932964213505
18.7322,0.3374791283109647,0.044005733132177295
18.8532,0.3990857047746754,0.044855112460173124
18.9742,0.3951774720789527,0.04452394200842257
19.0952,0.36862129974988644,0.043537328822968624
19.2162,0.2900558767700395,0.04151593206662774
19.3371,0.2636813233211777,0.0405752128969445
19.4581,0.2700135887800979,0.04044905590507942
19.5791,0.3446773062476976,0.041914860445434195
19.7001,0.37200172807182513,0.042404148001201965
19.8211,0.314568632722321,0.04098558343003806
19.9421,0.244810012046733,0.039438845602087456
20.063,0.20528293912544712,0.0385450760993852
20.184,0.24994641590315614,0.03978249150180728
20.305,0.2819748972682513,0.040530716367833175
20.426,0.32525493750833745,0.04149452859269542
20.547,0.3580550951398184,0.042059658136504585
20.668,0.3504764639962599,0.04184348402808002
20.7889,0.34903044808706607,0.04207158152622512
20.9099,0.3188502203128397,0.04155416047869364
21.0309,0.2980354401585779,0.0410911060342475
21.1519,0.27684665239117245,0.0405266504432361
21.2729,0.2834577917640815,0.040854094970063856
21.3939,0.3293586593491501,0.041870792014527945
21.5148,0.35607670582840767,0.042332393904067976
21.6358,0.36075571730278827,0.042286351353080426
21.7568,0.3133281415028105,0.04127113365159271
21.8778,0.26592088156140015,0.040055643422292835
21.9988,0.24924914952839056,0.03979015130415904
22.1198,0.2575527059866919,0.040172293440164424
22.2407,0.29710474538477133,0.04137427679854666
22.3617,0.29820759462274304,0.04121431253012619
22.4827,0.29035449541404174,0.04073882561015422
22.6037,0.2887408940691155,0.04018034447967274
22.7247,0.3217979779601491,0.04053107721550396
22.8457,0.32705488994148785,0.04007765399180079
22.9666,0.3319850348000866,0.039961525555145046
23.0876,0.3160384728512002,0.0394056233990121
23.2086,0.3567034786216383,0.040721814989715256
23.3296,0.3424740554655574,0.040705576621161386
23.4506,0.33340143361426056,0.041105828035975296
23.5716,0.34575070157023635,0.041865108775236956
23.6925,0.33455356308747203,0.04204031490338994
23.8135,0.3368611672154261,0.04255641388721306
23.9345,0.25100773593626535,0.04048449125248772
24.0555,0.3121039682419888,0.0455388089076462
24.1563,0.2919037224119411,0.040343650554156237
24.2571,0.35831985401954153,0.03644576895273147
24.3784,0.29275959934516027,0.0215712566311768
24.5003,0.2959428251363467,0.021032690154783207
24.6228,0.28584780158341305,0.02050029381077905
24.7459,0.2990688564823294,0.020583166685523725
24.8696,0.3057434727145372,0.02051629030765164
24.994,0.3138822993798767,0.020467902009478806
25.119,0.31694925971540655,0.020373628122061966
25.2446,0.31496099803898925,0.02021699176384102
25.3708,0.30347584758537044,0.01997093808321251
25.4976,0.29925765526435705,0.019928165539623333
25.6251,0.32115203156545924,0.020269746834183294
25.7533,0.3094201535764681,0.02010710484262037
25.882,0.3087975418627031,0.020043943731092178
26.0114,0.2781969634726574,0.019544675889050536
26.1415,0.2822368820949974,0.019593645892815443
26.2722,0.27319640662231715,0.01938319416366541
26.4036,0.2979855887947841,0.019655128012731247
26.5356,0.31569759069419445,0.01976305234812176
26.6682,0.34426503302142913,0.02003981605585937
26.8016,0.34439304740734156,0.019912869819359275
26.9356,0.32178133364228667,0.019568654993727987
27.0703,0.2961034754396364,0.01917643650401627
27.2056,0.3038635622838125,0.019319568633157595
27.3417,0.31963519571555676,0.01955265445924624
27.4784,0.33806796185024435,0.01979054942556262
27.6158,0.34270242529740497,0.01979678343028497
27.7538,0.347477060009701,0.01973510238338907
27.8926,0.3283384605719363,0.01938477582983086
28.0321,0.31177124506432746,0.019026347336888315
28.1722,0.3254605437878143,0.019088137355699523
28.3131,0.3277662713505191,0.019007041645975362
28.4547,0.33726193628081896,0.019067612049335266
28.5969,0.35129146444296405,0.019210105135060693
28.7399,0.3708385839764989,0.019419135040150047
28.8836,0.37485418884039273,0.01941895051112854
29.028,0.3475493485666917,0.018980649372810018
29.1732,0.32671082578253785,0.018707264915120442
29.319,0.3256474660045927,0.01865031474857948
29.4656,0.33769248562081877,0.018805281401768757
29.613,0.3640805013855987,0.01908059392658318
29.761,0.3787731913888501,0.019261034978512552
29.9098,0.38020909016365695,0.01923174676732865
30.0594,0.3716227434812815,0.01911675163579355
30.2097,0.3562214461219759,0.01891843601234315
30.3607,0.3444946267001783,0.018773937916526692
30.5125,0.3370335664489714,0.018629320308069786
30.6651,0.337957815629096,0.01853837210550934
30.8184,0.3579639593405423,0.018680253132805472
30.9725,0.38261223593973287,0.018915080226528432
31.1274,0.38012578698455135,0.01886641894623911
31.283,0.373774511103759,0.018798034394555147
31.4394,0.3612519464265099,0.018670893286380434
31.5966,0.36922171903983503,0.01876066204228332
31.7546,0.3753679597697046,0.01878648011070962
31.9134,0.3875418096697775,0.018845049789294736
32.0729,0.38777727781365456,0.018763616041622452
32.2333,0.37625247472042234,0.018530678836661266
32.3945,0.3746236160841223,0.018473310616083292
32.5564,0.37576530206377295,0.018418836424936934
32.7192,0.3625843077534372,0.018245480975794665
32.8828,0.33440523284299223,0.017865214977308308
33.0472,0.3182792549383242,0.01771294767842534
33.2125,0.31038258677992414,0.017622736794360185
33.3785,0.30649165112041143,0.01759152670599955
33.5454,0.2970461639130791,0.017434263855075093
33.7132,0.2790175120253156,0.017153099011417396
33.8817,0.2703033957264081,0.016957952759180966
34.0511,0.2753513562467389,0.01696233328824596
34.2214,0.2710558168015414,0.016864449956775284
34.3925,0.2633137613017162,0.01669995715309664
34.5645,0.2498437759430046,0.016438783443987536
34.7373,0.26240583008028023,0.016520412077668873
34.911,0.2594858129627416,0.016419763907614713
35.0855,0.25633008293194554,0.016305390165986564
35.2609,0.24691037809934124,0.016129719887610833
35.4373,0.2542764678309802,0.016210272530687617
35.6144,0.25306012719032894,0.01620445805735225
35.7925,0.26758408950073975,0.016399403105231875
35.9715,0.27304693412072917,0.01646603252761323
36.1513,0.25863099669683715,0.01630830138108371
36.3321,0.24613209305968659,0.01615357450365436
36.5137,0.23359068114015208,0.016015408288564504
36.6963,0.2558383412468634,0.016269661663730353
36.8798,0.27620935451458767,0.016499572656958693
37.0642,0.2778977737001012,0.01650099994472678
37.2495,0.2588966530642882,0.016253535591571954
37.4358,0.24652690607015817,0.016085441585326692
37.6229,0.23646101007348377,0.015956923114230102
37.8111,0.2423652554760009,0.016063296454691452
38.0001,0.24942146717214259,0.016195723521227667
38.1901,0.2700294172000259,0.016463991201290724
38.3811,0.265486579090902,0.016407009389599304
38.573,0.2504691617097467,0.016218167006015097
38.7658,0.2260608406930726,0.015910814245192726
38.9597,0.23165080221124654,0.015928105978631597
39.1545,0.24092054500350218,0.015973836254187315
39.3502,0.2624106438780933,0.016155620488696724
39.547,0.26516544166390954,0.016146702669805894
39.7447,0.25656294020243237,0.01603776684249824
39.9434,0.2700646639907934,0.016186050649684664
40.1432,0.26846232203736237,0.016152377437471117
40.3439,0.27020760930890586,0.016118894761741644
40.5456,0.2627919129828535,0.01598039928481054
40.7483,0.2787933032729337,0.016081904335689737
40.9521,0.2917903941888485,0.016174201067944576
41.1568,0.28453853016803005,0.016053508519207733
41.3626,0.2727460309625107,0.015970463154396243
41.5694,0.2632297238144697,0.015922916402381478
41.7773,0.2476326925406939,0.01583448933327977
41.9862,0.2634429179447368,0.016052783056862443
42.1961,0.2777703304427429,0.016222687457685247
42.4071,0.3100469263696988,0.016567670466731417
42.6191,0.32133960650058513,0.016650054260707054
42.8322,0.32024189741960035,0.016561059028672637
43.0464,0.31124752018021556,0.016351184916649938
43.2616,0.28686710287289907,0.016022285547936135
43.4779,0.278902144057387,0.015917527300043723
43.6953,0.27984817771236087,0.015934816277050182
43.9138,0.272938093336276,0.01583543963972077
44.1333,0.25856523532332193,0.01564918434513152
44.354,0.2490241248780742,0.015488862237032138
44.5758,0.24381779856867022,0.015368219696173384
44.7987,0.2591442780873884,0.015452659725213123
45.0226,0.2507135231411091,0.015326127174173854
45.2478,0.25046875376077954,0.015292480452064022
45.474,0.2336781453987232,0.015110876919295883
45.7014,0.23917631839927347,0.015117457757882377
45.9299,0.23970477549140506,0.015112453308306134
46.1595,0.24878514837307905,0.015158426711754155
46.3903,0.24973901464822348,0.015174914474903442
46.6223,0.25001372748274675,0.015162241737615866
46.8554,0.2552485286300624,0.015253764332479807
47.0897,0.2497604727638991,0.015218549377321547
47.3251,0.26112258580900566,0.015385294510254518
47.5617,0.2652149666685296,0.015436329035613414
47.7995,0.2934663301359653,0.015739961790825558
48.0385,0.30027956742723305,0.015810988870373913
48.2787,0.3097848599531592,0.01587044303697712
48.5201,0.3049715516787711,0.015761720523280145
48.7627,0.31844765627199095,0.0158309594390436
49.0065,0.3291810383688242,0.0158814094652979
49.2516,0.3389621859863818,0.015905209142965303
49.4978,0.3253519477727414,0.015701688991935796
49.7453,0.306224281367298,0.015471358086345442
49.994,0.3040680263061811,0.015403083241531248
50.244,0.3078791671477064,0.015378792977762571
50.4952,0.30448038112224307,0.015275409034947743
50.7477,0.26896540470373315,0.014870484991399634
51.0015,0.2575074236513309,0.014704117454771274
51.2565,0.25627492823157794,0.014672450983265875
51.5127,0.2690039150862384,0.014819312412353626
51.7703,0.2659166388921411,0.014812834896117913
52.0292,0.2585993398569812,0.014744969238266112
52.2893,0.25561201115985194,0.014689322875996207
52.5507,0.24201335869688045,0.014535950340947647
52.8135,0.23763663740720686,0.014491601688967624
53.0776,0.2312706753635947,0.01441467695180497
53.343,0.22589505023279613,0.014346069156353012
53.6097,0.2439286790979596,0.014497682593684376
53.8777,0.2633185750995294,0.014638509818222673
54.1471,0.28539497822980336,0.014758154517398663
54.4178,0.2797567971437045,0.014617269172699706
54.6899,0.275805892986011,0.014526170929054552
54.9634,0.2975514495038728,0.014726277880869418
55.2382,0.3061250681784711,0.014777006442562239
55.5144,0.32714268055923273,0.014952292142061096
55.792,0.33287109995687975,0.014942682161640606
56.0709,0.3224659535990686,0.014774320748757525
56.3513,0.31346978138422793,0.014609479118558645
56.633,0.30785248728525055,0.014542932276370941
56.9162,0.33736890050002305,0.014836910348939518
57.2008,0.330892873825056,0.014779128860627882
57.4868,0.326417592064903,0.01474652324687614
57.7742,0.310960242517502,0.014589703740492004
58.0631,0.3087529122456897,0.014564260828251198
58.3534,0.31563468496344976,0.01459977834647691
58.6452,0.3283460484227264,0.014723982989357804
58.9384,0.3468724796402869,0.014921168290201476
59.2331,0.35985382372606706,0.015061519332171895
59.5293,0.3532127408989645,0.014997725698673017
59.8269,0.3504660205026991,0.014975926632008307
60.126,0.3508977120998071,0.014961014173546535
60.4267,0.36681147495172933,0.01507360164411498
60.7288,0.378428392921759,0.015130332102345913
61.0324,0.3543499394399758,0.01488530228978321
61.3376,0.3528346537961487,0.014830133408677004
61.6443,0.357577305309415,0.014840630418706462
61.9525,0.3831163792734184,0.015025973953252367
62.2623,0.3876341693159552,0.015035471466492764
62.5736,0.39758290236924526,0.015070491217136823
62.8865,0.39577756500972755,0.015006903032468067
63.2009,0.4064677861058293,0.015047690169465782
63.5169,0.3965507098923953,0.014918534848334311
63.8345,0.39892701262642855,0.014913161434397719
64.1537,0.37171314497241653,0.014667769404542326
64.4744,0.3720504371785107,0.014668149005225237
64.7968,0.3699871944819191,0.014645183096660762
65.1208,0.39952881894286546,0.014902586565448928
65.4464,0.4170552040621926,0.015059111228024303
65.7736,0.44719879801916296,0.01532381622237111
66.1025,0.45378048347663896,0.015409279422478129
66.433,0.4648121578583006,0.015552693606574058
66.7652,0.4582763258647395,0.015567299804536801
67.099,0.4724385190310233,0.01573679185361013
67.4345,0.48171070951708234,0.015852553108313728
67.7716,0.4771572647348108,0.015836204846783795
68.1105,0.46000211317565015,0.01570680953628229
68.4511,0.4556949063899902,0.015654682787986953
68.7933,0.4545249903418082,0.015631520254828005
69.1373,0.45745447187538624,0.015649964278129255
69.483,0.4607168397662126,0.015690560017528832
69.8304,0.48208692005464876,0.015884805784671798
70.1795,0.5143040370221846,0.016179081855102896
70.5304,0.5382331811819668,0.01644089312120631
70.8831,0.5588110245760696,0.01670532334509382
71.2375,0.5661266918153607,0.016899705364035403
71.5937,0.557993168486595,0.017002333636880314
71.9517,0.5660760245536325,0.01725810103783212
72.3114,0.5796745954268104,0.017545338480509185
72.673,0.6086370955338971,0.017912239979153838
73.0363,0.6217596715521274,0.018077578432297643
73.4015,0.6389743020707082,0.018181178409822685
73.7685,0.6310480984070816,0.01798310031436492
74.1374,0.636602242005934,0.017777196767786295
74.5081,0.5943158022703992,0.017171874233995084
74.8806,0.588870499456,0.016811065372599205
75.255,0.5443151291546032,0.016184078465958884
75.6313,0.5335397283141468,0.015871269436821264
76.0094,0.4971766259927949,0.015421871441493522
76.3895,0.48112065213090105,0.015156023893854845
76.7714,0.4626417877629179,0.01486463126189383
77.1553,0.46168824784694723,0.014727688997956921
77.5411,0.45648453241093345,0.014575529017208417
77.9288,0.4497931086812763,0.014413660013807466
78.3184,0.439540372057617,0.014247782303708462
78.71,0.4501388046360952,0.014288945248419114
79.1035,0.47047342885594384,0.01441617104943935
79.4991,0.4893763969702446,0.01452720918018355
79.8966,0.48549051987792535,0.014451592353665856
80.296,0.4862392694123535,0.014425427966830526
80.6975,0.48102331550732325,0.014334561496048387
81.101,0.4943962090118374,0.014402289347045124
81.5065,0.4824118106121396,0.014273037302053544
81.9141,0.48274078065930265,0.014246104467492438
82.3236,0.47794713552513435,0.014168613725200976
82.7352,0.48099067958994596,0.014159887447045065
83.1489,0.46777117489710507,0.014007369474572005
83.5647,0.4550943239204548,0.013856091567823558
83.9825,0.45209720444811236,0.013781638845232607
84.4024,0.45450891715249975,0.013784870014093105
84.8244,0.45714793902142004,0.01379332409106968
85.2485,0.4538502427500328,0.013760403084432299
85.6748,0.4452548396005853,0.013688341839083852
86.1031,0.43384320155085876,0.013591448943281978
86.5337,0.4427280852874429,0.013646697157417871
86.9663,0.45445914737849946,0.013717164858350114
87.4012,0.477319873193143,0.013871443870232756
87.8382,0.4993556446062824,0.014014183975626081
88.2774,0.5288470913442611,0.014215150859619016
88.7187,0.5507942562417212,0.014375739283556144
89.1623,0.5707105695905865,0.014531391264137413
89.6082,0.6014448736520857,0.014779087313406618
90.0562,0.6135337885771841,0.014885336374882544
90.5065,0.6155289853860441,0.014914661760383936
90.959,0.5884461509403018,0.014708127290564584
91.4138,0.6041541443331604,0.014822242087087123
91.8709,0.6142943686316614,0.014874185958292575
92.3302,0.6348492852938068,0.015004716461700611
92.7919,0.6422290821107441,0.015013125153097943
93.2558,0.6377364217245879,0.014953362822729807
93.7221,0.6560704642092093,0.015039336116387483
94.1907,0.6787568326352647,0.015175846186496774
94.6617,0.7235787567918404,0.01547846710417854
95.135,0.7539239591284088,0.015724374271748897
95.6107,0.7520273227900283,0.015751004510541462
96.0887,0.7163032317309234,0.015548322348808763
96.5692,0.6578221154846413,0.015176702613567883
97.052,0.6155946651697658,0.014915539332592603
97.5373,0.5948539685479504,0.01479566503057553
98.0249,0.5731349287129576,0.014672670553744563
98.5151,0.568440088818649,0.01467848328231237
99.0076,0.558959110051169,0.014664763973892493
99.5027,0.5680908029129188,0.014785062075037176
100.0,0.5622601515040874,0.01480695655206518
100.5,0.58002078092039,0.014999963800244868
101.003,0.5944274986976229,0.015169046214986348
101.508,0.6024303151772925,0.015279878615198772
102.015,0.6062451275595228,0.01535009184767293
102.525,0.6298758162548898,0.01554327083982694
103.038,0.6307255739536006,0.015574508281130155
103.553,0.6271986919524314,0.015566193502423052
104.071,0.6102825984880594,0.015456504379626989
104.591,0.6001065562702368,0.015396737700725385
105.114,0.5947062094320248,0.015365167103096954
105.64,0.5946675358699328,0.015358120034837582
106.168,0.6268308035737961,0.015545636647944354
106.699,0.6263724321142322,0.015525688135210802
107.232,0.6203734609615276,0.015444734474140112
107.768,0.6056469111939973,0.015285396244935755
108.307,0.6016198021692278,0.015185599213105208
108.849,0.5795079890685995,0.014988767910061342
109.393,0.553222042135417,0.014787689231555075
109.94,0.521637082887479,0.014557535624783851
110.49,0.525533566652946,0.014586535817173655
111.042,0.5268085703550828,0.01461081752558198
111.597,0.5368439517690093,0.01469870399651054
112.155,0.5110706335080306,0.014545142456200779
112.716,0.4636446079141283,0.014253886962763817
113.28,0.4166209831814878,0.01397587100170032
113.846,0.3926328496010462,0.013861465992115159
114.415,0.4046834989130199,0.013995003725342738
114.987,0.43278114720960864,0.014234725365099557
115.562,0.4612317529526325,0.014487692966091661
116.14,0.49673563315923425,0.014795086598589883
116.721,0.5277773675624273,0.015080150765027438
117.305,0.5694637959569809,0.015419603030234267
117.891,0.573787239111536,0.015505269206774806
118.481,0.5773392507690857,0.015569149905550285
119.073,0.5558080306385992,0.01544680479277619
119.668,0.5659515185288381,0.015496940106036352
120.267,0.5732746920291258,0.015518674607710677
120.868,0.5941710619768308,0.015625960081144644
121.472,0.6142895548338484,0.015725644115905792
122.08,0.6192861953741033,0.015738746895516187
122.69,0.6273174051018913,0.015774148690680778
123.304,0.5987641593987156,0.0155995166723716
123.92,0.5975286451566054,0.015586545607114864
124.54,0.584057762310166,0.015498471605507668
125.162,0.5798061181738409,0.015468159045808838
125.788,0.5713357105879483,0.015416904339312934
126.417,0.557588156751943,0.015354558261240516
127.049,0.562189005204205,0.015423561519269555
127.684,0.5431110269829685,0.015353599213702435
128.323,0.5483225750391529,0.015449498531260278
128.964,0.5510112850922801,0.015544000157377783
129.609,0.5750110044233906,0.015775556876039896
130.257,0.6098471537604532,0.016059719325726952
130.909,0.6357245805978654,0.016302861634346525
131.563,0.6695371043863897,0.01658288433282518
132.221,0.6696086586352393,0.016675846082276256
132.882,0.679079601858126,0.01682305895734649
133.546,0.6600883535873197,0.01683754485640161
134.214,0.6649901051978001,0.016981764627441304
134.885,0.6653446944401044,0.017128118888455026
135.56,0.6849244498910164,0.017403534348531074
136.238,0.669168073750646,0.01753121146667845
136.919,0.640208102927156,0.017582518868716267
137.603,0.6157203950414618,0.01767758387556408
138.291,0.5922572101920337,0.017778393011300145
138.983,0.5855965458145047,0.017967238803867448
139.678,0.5818688713316719,0.018140277300130268
140.376,0.5838599886508598,0.01833601188002927
141.078,0.5866368156809055,0.01852518383959227
141.783,0.5947035985586347,0.018729395324708693
142.492,0.6234148021019162,0.019021753409819844
143.205,0.6652250022131231,0.019363032496423845
143.921,0.6716565624506636,0.01954017770200355
144.64,0.6618241764428235,0.019633131509833958
145.364,0.6148770013466394,0.019541676528591765
146.09,0.6092228286610256,0.019613932775106053
146.821,0.5946280464099062,0.01963278765533459
147.555,0.6330217555104726,0.019872472038633543
148.293,0.6336189927984769,0.019921906715386975
149.034,0.6724451278042922,0.020124009415095838
149.779,0.7077123160201152,0.020294369521310168
150.528,0.7585802886402122,0.02050763231456362
151.281,0.768550561398971,0.020512930856626005
152.037,0.7801363120679053,0.0205197306980183
152.797,0.7916339457599211,0.020520091152485914
153.561,0.7916967699008722,0.020474493229029594
154.329,0.790171856661419,0.0204115864917153
155.101,0.7992030308976467,0.02039822268890103
155.876,0.8203576325415994,0.020430138145768228
156.656,0.8189404178294909,0.020366225158162745
157.439,0.7866683909309679,0.020150872932827087
158.226,0.7428081656697072,0.019894535092347405
159.017,0.6812135829056326,0.019553160335954004
159.812,0.6556914796186655,0.019386578360303417
160.612,0.6326399152771583,0.019239016062228335
161.415,0.634969548649342,0.0192120383998625
162.222,0.6059417767075008,0.019055672190196767
163.033,0.6089469735693941,0.01903849085037832
163.848,0.5862327830237747,0.018909829930294483
164.667,0.5795004012178091,0.01883505546603634
165.491,0.6034034366436896,0.018910387707361285
166.318,0.6287511825420685,0.018967191894117375
167.15,0.6514994776213473,0.019005657726145035
167.985,0.6471296914641164,0.01890368632978029
168.825,0.6657734488046481,0.01893266210730747
169.669,0.6731572435214644,0.01890328980252723
170.518,0.668760859091571,0.01881475575768717
171.37,0.6605379133491915,0.018704003253167685
172.227,0.6567073541368268,0.01862349889644698
173.088,0.6563334281134766,0.018554345803570474
173.954,0.6097213422989637,0.01826408807288686
174.823,0.5582388353546525,0.017956999091177414
175.698,0.4964980436807277,0.017577755475741322
176.576,0.453129723284136,0.017261566693429202
177.459,0.43710915939259654,0.017059584381228145
178.346,0.4308974836483853,0.016923075261640805
179.238,0.4421293793831565,0.016882817601674066
180.134,0.434018538016968,0.016776471934881205
181.035,0.4390487935521216,0.016760017567170896
181.94,0.4443009733254407,0.016767531155333387
182.85,0.4883509764462504,0.01696132830351631
183.764,0.521890011247153,0.017086538910495674
184.683,0.5741982069011096,0.017296033813654306
185.606,0.5930844491077544,0.017356650346113285
186.534,0.6491834697446688,0.017606836940213685
187.467,0.699330759719282,0.017846610059618035
188.404,0.7404480177147759,0.01804149551077958
189.346,0.7521350213173733,0.018104490654437335
190.293,0.7411505874261154,0.018040416350493634
191.244,0.7158928350699042,0.01789893209284758
192.201,0.6384473951846521,0.017474900833517278
193.162,0.5590830449474092,0.017014160500191614
194.128,0.4862604011688554,0.016537482778690493
195.098,0.46640128226519384,0.016317866425359668
196.074,0.45491947699310603,0.016132344860974156
197.054,0.4574062523074613,0.016029018918990133
198.039,0.44968589969269196,0.015897721743287737
199.029,0.4549674517916506,0.015878622520119554
200.025,0.47995971095999757,0.01601113955295435
201.025,0.5105042371619478,0.016173954423294636
202.03,0.545825764180204,0.016358572753981046
203.04,0.5783417445611223,0.016516266628398352
204.055,0.6208084161503732,0.016714682539116035
205.075,0.6705811273832888,0.01694708820703656
206.101,0.668253696935528,0.016898868014642812
207.131,0.6480270160124049,0.016765101743840674
208.167,0.601988016907037,0.016480818917000963
209.208,0.5723278424762176,0.016281484867517876
210.254,0.5347967006719327,0.016038294433306913
211.305,0.5052758816083144,0.015862947350861585
212.362,0.4870941672680514,0.015746959353455443
213.424,0.47273672972605807,0.015646323812188005
214.491,0.47739746508670744,0.015647553154119965
215.563,0.46891718513580816,0.015598027580932487
216.641,0.4891516170893085,0.01574135096004086
217.724,0.48453746950071536,0.015776034967750503
218.813,0.4943514162152371,0.015929060856374695
219.907,0.5111400664222507,0.01615723191989394
221.006,0.5406271073113837,0.016452829880649274
222.111,0.6138521519511996,0.016963364702156297
223.222,0.6772610469520706,0.01738952819299343
224.338,0.7223796315976057,0.017686043217925607
225.46,0.7254742508731128,0.017725896387050907
226.587,0.6828927824444873,0.017488166319788112
227.72,0.6544095407840861,0.017293843329337446
228.859,0.6379368062572844,0.017154646895838795
230.003,0.6777219476952311,0.01732682531020681
231.153,0.6963516715912905,0.017426626499111753
232.309,0.6817737784274137,0.017395478965877745
233.47,0.6448113990732214,0.017258302083850974
234.638,0.6268127722294451,0.017228978589027236
235.811,0.6462918458752485,0.017397848570797115
236.99,0.659276371962973,0.01754927953787007
238.175,0.6701050509385478,0.017676953454517662
239.366,0.6575085659084391,0.017676754559461296
240.562,0.6357092417166982,0.01760299181679083
241.765,0.6053983886831693,0.017456630439787707
242.974,0.558365054765109,0.01718087463475006
244.189,0.5693817166247771,0.017166373074004877
245.41,0.6244724505943203,0.017358848014078054
246.637,0.7544981065048686,0.017923920278362537
247.87,0.8020163285653616,0.018060962469997836
249.109,0.7709989079206147,0.017788438204294574
250.355,0.657871395719881,0.017072258323147745
251.607,0.5483212696024579,0.016356502942943527
252.865,0.4647449278685033,0.01577241247353538
254.129,0.4285486766747426,0.015448788281973044
255.4,0.4319262493539108,0.015378083185850423
256.677,0.46447094934212113,0.015485712451525305
257.96,0.49692475830043564,0.015598837217390983
259.25,0.5234735059582987,0.0156851380201215
260.546,0.5305191109812926,0.015672555267635304
261.849,0.5285875542113183,0.01563994989441076
263.158,0.5052567895966485,0.015501446213055409
264.474,0.4984062657697772,0.015485082317782317
265.796,0.5021671472985414,0.015547047368798642
267.125,0.5400299516131729,0.015850367505280624
268.461,0.5520052935457984,0.016038463885154928
269.803,0.5540240698049637,0.016218727479041493
271.152,0.515901646767596,0.016212289197447
272.508,0.5115833437700277,0.016426870096065384
273.871,0.5413725116642808,0.01682394203099295
275.24,0.6364034076793129,0.017532975592548454
276.616,0.7434855241348728,0.018274171578515953
277.999,0.7998224606094676,0.018730146765311678
279.389,0.7927651066562177,0.01886405852721314
280.786,0.7660699869089174,0.01890178179102623
282.19,0.774831833236989,0.019113834256531462
283.601,0.7907230773059212,0.01934322823448941
285.019,0.7837900661978788,0.01943211371448217
286.444,0.7677353977726802,0.01944532535122956
287.876,0.7520616720930677,0.019425770155224054
289.316,0.7598352212531619,0.01947204303205521
290.762,0.7577216376540158,0.019435980868587773
292.216,0.7876951984814505,0.01949857008457011
293.677,0.8075572546176762,0.019484887722265483
295.146,0.777334518561066,0.01920407582673002
296.621,0.6927143170097992,0.018658702319597056
298.104,0.5663269947582636,0.01788430517065399
299.595,0.46864589907260956,0.01726129479295897
301.093,0.433194154744018,0.016959576397144037
302.598,0.4226999939215602,0.01677591357010767
304.111,0.44538489373133366,0.01675329379037617
305.632,0.44300165586485785,0.016598298762046524
307.16,0.4615989886129204,0.016563266972499945
308.696,0.48312156022530206,0.016552543505401
310.239,0.5073755949425751,0.016552211107075703
311.791,0.5492909642975302,0.016656398371419287
313.35,0.5878542169888715,0.016695464157856
314.916,0.6234512727395853,0.016693607635164493
316.491,0.6783648752675635,0.01676925903412019
318.073,0.744520001125939,0.016913632472551985
319.664,0.8464448267379542,0.017237650038773526
321.262,0.957876087133004,0.017639871798251584
322.868,0.9946977240935069,0.017652739202640808
324.483,0.901613642139823,0.016989160550362994
326.105,0.7051247773108575,0.01568947109921849
327.736,0.5377656716655373,0.014491493114440394
329.374,0.48178242694551887,0.013977389873332033
331.021,0.511801351698108,0.0140594954013539
332.676,0.5770948893377235,0.014394486894044297
334.34,0.5998785943873566,0.01446045854456994
336.011,0.5614474355715997,0.014119025637653151
337.691,0.5094854254112228,0.013680242922828245
339.38,0.5172118972605002,0.013673389048203087
341.077,0.5887194767483367,0.0141208720532937
342.782,0.6892847716322079,0.014745864369428928
344.496,0.7644017204023845,0.01517898176453647
346.218,0.8181461411903216,0.015487676418724606
347.95,0.8222917185951707,0.015488592547976868
349.689,0.7730714518536589,0.015150482604426628
351.438,0.7125985655698415,0.014746901137808778
353.195,0.63790376239094,0.014253343426701306
354.961,0.6151518773607497,0.014117378180976779
356.736,0.609983898254264,0.01408970995619319
358.519,0.6054240894681039,0.014055009243728734
360.312,0.5741384015825156,0.013816534318015921
362.114,0.5255139851025196,0.013447033848937976
363.924,0.537873859731643,0.013531397104882398
365.744,0.5745983232481549,0.01380243354381714
367.572,0.5968589561320237,0.013967606272961822
369.41,0.5718325924300174,0.013790872850480813
371.257,0.5057185062377436,0.013312944332301277
373.114,0.44158558340985776,0.012832266351153835
374.979,0.39223934202726973,0.012454532108657806
376.854,0.3697334502243107,0.012284972398758403
378.738,0.3788539652843588,0.012403464756537573
380.632,0.3966995296756356,0.012594439539296986
382.535,0.4547314941090129,0.013135987135990287
384.448,0.5074185927637196,0.013595117933392947
386.37,0.618974440773357,0.014486846057714203
388.302,0.7434345305139707,0.01539432855857191
390.244,0.847455642688922,0.01610604794447856
392.195,0.8944888134273955,0.016408474655550696
394.156,0.9093845804265269,0.016527139372510616
396.127,0.9319371415913354,0.01669998531263913
398.107,0.9745684613837546,0.017016350390575443
400.098,1.0,0.017210531689891347
402.098,0.9980950415026882,0.01724618779168123
404.109,0.9244936231457191,0.016822304090126833
406.129,0.8329196050890819,0.01627217981961979
408.16,0.7446867706637371,0.015718460955915618
410.201,0.6720620637240763,0.015233621254896043
412.252,0.6036897352288818,0.014768972941013642
414.313,0.5446736347069926,0.014358680935999799
416.384,0.48809943511306514,0.013977844599709558
418.466,0.4600793787100409,0.013802539162632613
420.559,0.44650960903394826,0.013749489825279545
422.662,0.4607254066945241,0.013917646032325152
424.775,0.4765051175158192,0.01409290746130452
426.899,0.4909469189042328,0.014245743690872071
429.033,0.47896806861048913,0.014193748656491203
431.178,0.4501709510147118,0.01400177939166823
433.334,0.43016847884397047,0.013883039810893913
435.501,0.41958473242831207,0.013831484804499333
437.678,0.40923343533417345,0.013801382354793095
439.867,0.3988288601049164,0.013768246737644412
442.066,0.39819515217924295,0.013834515549276791
444.276,0.40771749697199877,0.013972616661506614
446.498,0.4217183055268518,0.01416058509800603
448.73,0.4601194392986215,0.014533015451261294
450.974,0.5155065889877439,0.015038156462147217
453.229,0.6031234204725925,0.015783999847305306
455.495,0.7051490094795101,0.016603721404821324
457.773,0.7786902961587114,0.017200122626074184
460.061,0.8408524991157704,0.0176943849234346
462.362,0.8829976253290617,0.018054407333302575
464.673,0.8999714843671915,0.018230143025263483
466.997,0.8336120576660342,0.017857956580059835
469.332,0.7501501048224871,0.017359618195173364
471.679,0.6765640253466851,0.016921286100688007
474.037,0.617476860114707,0.016562202045265595
476.407,0.5533753493572967,0.01613275703159562
478.789,0.5005382886622416,0.01576780031732404
481.183,0.448868696321565,0.015367361724414592
483.589,0.4017066952992448,0.014956536747347059
486.007,0.36107375431762984,0.014554877102623527
488.437,0.35403606350459976,0.014442383452953575
490.879,0.3680125583010067,0.01452224660162735
493.334,0.372367495115831,0.014551335874277965
495.8,0.38064575873816486,0.014613193649018474
498.279,0.37503686838791217,0.014570490973069745
500.771,0.36273198527956946,0.014420180561736098
503.274,0.33640051124164566,0.014138132969521518
505.791,0.30978094364307396,0.013849517395116962
508.32,0.32573664364882604,0.013994084821726116
510.861,0.3417737702684345,0.014155282437016189
513.416,0.3694907205888172,0.014444914444200202
515.983,0.37542621488222305,0.014549463782912426
518.563,0.3933211410985331,0.01476655107398744
521.155,0.41511850713523135,0.015006388378726561
523.761,0.4529053513521672,0.015379911996577487
526.38,0.4766844518818074,0.015624718976477332
529.012,0.47925436719568126,0.015699696652174796
531.657,0.46009871549108683,0.01558810412077549
534.315,0.4832396206564143,0.015859983610321544
536.987,0.5567323614085172,0.016583243533712495
539.672,0.7001796199302652,0.017871008071348626
542.37,0.7994470659698354,0.018723112784017344
545.082,0.7586859474227212,0.018465729612709297
547.807,0.6056166413806298,0.017289444798221983
550.546,0.5098133347910708,0.016554684298200686
553.299,0.5165910805221909,0.016674927767305905
556.066,0.577992458655392,0.017249666474624108
558.846,0.569419247929761,0.017230821662948387
561.64,0.5344977556687568,0.017015204483841983
564.448,0.477416149149406,0.016634381828822018
567.271,0.45589015076569983,0.01660453410470647
570.107,0.44625708862324154,0.016698872052831486
572.958,0.45566267842158015,0.01694128441812972
575.822,0.47442580162991926,0.01724144441290872
578.702,0.5316031129769789,0.017796145777351953
581.595,0.5813695417957996,0.01822987608390167
584.503,0.5942877353814546,0.0183262726965971
587.426,0.5708899039565746,0.01814664625667393
590.363,0.5955270843438569,0.01841652597766143
593.314,0.6918099757392749,0.01928368326389078
596.281,0.8687133738317872,0.02074310101442306
599.262,1.0908247789834484,0.022427876233758054
602.259,1.2555463313761301,0.023594152658330824
605.27,1.263193905895148,0.023698001130613457
608.296,1.13335664081766,0.022859027492101246
611.338,0.9239126222266099,0.02139572751936741
614.395,0.7185835848678673,0.01982406760022077
617.467,0.5359179892032226,0.018310031972921147
620.554,0.44196889225945385,0.017482681833844115
623.657,0.42735477322728826,0.017363603242559818
626.775,0.4390895884488434,0.017515931011103315
629.909,0.4554964800123364,0.01770619479708707
633.058,0.48500089952747266,0.018032626732748226
636.224,0.5450590648912184,0.018605046201003166
639.405,0.6220971269378086,0.019366170795207152
642.602,0.704226881634015,0.020135496236637605
645.815,0.7446281891920448,0.020539583699453783
649.044,0.7152073176253944,0.020325951664320174
652.289,0.6217886359287998,0.019544523584985277
655.551,0.5393906139917521,0.01880120758929281
658.828,0.5025211654122916,0.01848714523066588
662.122,0.5749504647966558,0.01921599227446613
665.433,0.6635384595928587,0.020094161417199462
668.76,0.7349308342923533,0.020747680821793662
672.104,0.6996156712779857,0.020464624478581835
675.464,0.617536502253714,0.019760063582673935
678.842,0.5700057153650306,0.019375854128537044
682.236,0.5852987430684371,0.019578549500239288
685.647,0.6267996362727009,0.02004213372396917
689.075,0.6424454582429557,0.020250312753494492
692.521,0.6375495810976031,0.020262481879505172
695.983,0.6382637365596113,0.02030196824988838
699.463,0.688205991383302,0.020806443797625744
702.961,0.7345869333129903,0.021281217118770648
706.475,0.7730279644937538,0.02168226243878049
710.008,0.7721201964519046,0.021780852809681894
713.558,0.7581287707232977,0.021758346505057598
717.126,0.7478184317054674,0.02178077599050912
720.711,0.7534916148129532,0.021933192223581092
724.315,0.7939869138130294,0.02241198100939257
727.936,0.8656187545562799,0.023121634810549362
731.576,0.880665381083488,0.023311766455580113
735.234,0.8439560932685566,0.023045250827318398
738.91,0.7446651493684746,0.022222682220696274
742.605,0.6512247647868242,0.021408353599061854
746.318,0.5866762235511386,0.020824676910873845
750.049,0.5587375121721773,0.02060538080879989
753.8,0.5515031899569491,0.02060564198218682
757.569,0.5369858364198071,0.020540969426354236
761.356,0.5312904608885046,0.020562921588968067
765.163,0.5385468939377559,0.02071634585054351
768.989,0.6072603493593366,0.021515156624807418
772.834,0.7072690386723381,0.02260424794470229
776.698,0.82063275332509,0.023758228932431253
780.582,0.9563315923431244,0.025059235387576772
784.485,1.0610421382726707,0.026043878553432282
788.407,1.0941640860494917,0.026414318027247547
792.349,0.9936183727160467,0.025633305355224522
796.311,0.8523284299227303,0.024467151255002744
800.292,0.7552147912504736,0.023666131465567956
804.294,0.7165672563025055,0.023380103393284758
808.315,0.7367422908863792,0.023653222317950837
812.357,0.7914886343377988,0.024293380053913217
816.419,0.8456504685089914,0.024963481277505657
820.501,0.8552256018981049,0.02518957847221036
824.603,0.8319225778132058,0.025075470517341016
828.726,0.8048844545742705,0.024916490622732424
832.87,0.7873985379924913,0.024831898230980705
837.034,0.7917718325108402,0.024914758895169507
841.219,0.80856252246269,0.02510522941848738
845.425,0.8376664992716072,0.025461294063949355
849.653,0.8540256608059359,0.02570142553711761
853.901,0.8152239211483601,0.025419986025454703
858.17,0.7418064061858118,0.02477464121858443
862.461,0.6808326401600466,0.02426820495914032
866.773,0.7018640412159001,0.02461409325661846
871.107,0.7777768168313216,0.025481156567360167
875.463,0.8158220559240922,0.02591420177251119
879.84,0.7989785773758846,0.025772187093636906
884.239,0.7709093223274142,0.025513038171638722
888.661,0.7950395037382404,0.02580564072757001
893.104,0.8201171874203224,0.026053550603110806
897.569,0.8151455133568611,0.026063802567334288
902.057,0.7805985998375548,0.02579022371928008
906.568,0.7558573924636324,0.02570839875483307
911.1,0.7859942960575403,0.026224123779477953
915.656,0.8449935890819801,0.027047227241315187
920.234,0.8629833226382713,0.027384487287114366
924.835,0.8222226936299177,0.027080544687976608
929.46,0.7701716690048942,0.026660333730777506
934.107,0.8443490297137789,0.027554875130200142
938.777,0.9766915093989402,0.02898105740104939
943.471,1.0385955622495446,0.029596750704485024
948.189,0.9311981828321204,0.02854194872926357
952.93,0.7887871962768944,0.027089886255439514
957.694,0.7004355671122965,0.026231971110745794
962.483,0.6692699794026565,0.0260074726447919
967.295,0.6636880952740336,0.026087984330440194
972.132,0.6861662465472219,0.026470869497011627
976.992,0.648913244348785,0.026145866567558747
981.877,0.5839891452938802,0.025467747917722196
986.787,0.5100983279395681,0.02464578539298557
991.72,0.540154049689,0.02511525966015961
996.679,0.603948619643477,0.02602452141528519
1001.66,0.6544925991938113,0.026701021624186395
1006.67,0.6693051446036306,0.026898662491078192
1011.7,0.6456295815218699,0.02671457695968972
1016.76,0.6334116731333377,0.026718419168153807
1021.85,0.6434164583747232,0.026974788272982893
1026.96,0.6938325051289383,0.02763787001226993
1032.09,0.7095264650773248,0.027917108331819273
1037.25,0.7188195425505052,0.028085825949391532
1042.44,0.678838993557262,0.027704935055295563
1047.65,0.666040329019001,0.027630106082724166
1052.89,0.6540790205308477,0.027611539744156345
1058.15,0.6559221339647295,0.02771890496523402
1063.44,0.6525412161040303,0.027738554934445662
1068.76,0.6890767176589276,0.028290191858410276
1074.1,0.7390368406473823,0.02899411734394061
1079.47,0.8159800137641982,0.030040824843114596
1084.87,0.8882968008234041,0.03100129635718218
1090.3,0.9938245501240777,0.032401009314088416
1095.75,1.1206700806555903,0.03395640541390891
1101.23,1.1438016845844654,0.034322469512292016
1106.73,1.0165328662045694,0.03299627184338263
1112.27,0.8139816349533938,0.030753087471059412
1117.83,0.6867777620490787,0.02931586879018124
1123.42,0.758115226817586,0.030379217352569984
1129.03,0.9043999335859081,0.0323559992915021
1134.68,1.096360972827743,0.03471402444302281
1140.35,1.1313886134100168,0.035274412966369385
1146.05,1.010573547691478,0.03405077349477877
1151.78,0.795014782030827,0.03167824811015725
1157.54,0.6526632744350213,0.030008550100492127
1163.33,0.6311886776211842,0.029884142806970816
1169.15,0.6540237026508932,0.030290731368387554
1174.99,0.6549122970912831,0.030457373104282745
1180.87,0.6600683640879261,0.03065339996064251
1186.77,0.6847496029636677,0.031101510155763706
1192.71,0.7206841141000625,0.03167141387330538
1198.67,0.7731456169758988,0.03248793413316703
1204.66,0.8730820993217032,0.03394732772840029
1210.69,0.9480797638138659,0.035098846320280624
1216.74,0.9873683497689172,0.035775738512148506
1222.82,0.9046575941536018,0.034936503353356095
1228.94,0.8575324717179179,0.034522495666070095
1235.08,0.8602354599848977,0.03475645925375771
1241.26,0.9336662740837772,0.03583491755200832
1247.46,1.0180494572850916,0.03698458593967575
1253.7,1.0827099397173812,0.03788120410207614
1259.97,1.0861970874891433,0.03807946975129091
1266.27,1.029827270327791,0.03752848808804956
1272.6,0.9317527486581539,0.03651492074039843
1278.96,0.8258998640306093,0.03534530165955825
1285.36,0.7960652506214083,0.035206427913460216
1291.79,0.7597531419209582,0.034897904203250785
1298.24,0.7971510475925502,0.03557740487894251
1304.74,0.7786423213601671,0.035466331784420706
1311.26,0.8285197938878638,0.0362721667917293
1317.82,0.9004528641485064,0.037352753435405256
1324.41,1.0284607228774112,0.03914656997837132
1331.03,1.1310926872291984,0.0406006910552298
1337.68,1.1839867791898704,0.041455970677413474
1344.37,1.146310325963463,0.04129342285975196
1351.09,1.0540499745643817,0.040548931274011143
1357.85,0.9411848551393615,0.03950427348649107
1364.64,0.8907128377868441,0.039183972946199526
1371.46,0.8790107400724598,0.03924567440809671
1378.32,0.8932342071736195,0.039579399234478375
1385.21,0.8873663508189779,0.03950226250408205
1392.14,0.8560827026782257,0.039024119102419964
1399.1,0.8407556520309536,0.038786300465980854
1406.09,0.8464728120371053,0.0390157517977245
1413.12,0.8873074429881119,0.03985633126543139
1420.19,0.9211573349020331,0.04069309413593781
1427.29,0.9261241951676814,0.04115546975805649
1434.43,0.9201822552805935,0.04135981325558328
1441.6,0.9626539038472444,0.04208746934943478
1448.81,1.0218902152216367,0.04289454773063236
1456.05,1.0247369647046634,0.042916594699711846
1463.33,0.9999268955450749,0.04253745426730612
1470.65,0.9886047614987555,0.0424882388978779
1478.0,0.9762642236506782,0.04245339957029595
1485.39,0.8759482671755695,0.041247353842262933
1492.82,0.7270925028362653,0.03923540293633136
1500.28,0.7159698558349145,0.039383042178117826
1507.78,0.7705575071380871,0.040463323900384464
1515.32,0.8195751048326859,0.041354026864914434
1522.9,0.7997813393535722,0.04117266490318801
1530.51,0.7833946004690596,0.041128292080476934
1538.16,0.7721771461277278,0.04111667818272344
1545.86,0.7346946318403352,0.04073157254755485
1553.58,0.7010119990029726,0.040356825481254126
1561.35,0.693392654552486,0.04038227014520943
1569.16,0.6924156167760037,0.040380791037929825
1577.0,0.6881632383315377,0.04032704076686913
1584.89,0.7139952196540023,0.04076744679452925
1592.81,0.7648241923528334,0.041602876199839774
1600.78,0.8530057883878959,0.042993287645940216
1608.78,0.9125014737156439,0.04400520031671239
1616.83,0.894996465122199,0.043818797596309085
1624.91,0.8687386666677545,0.043620287151839764
1633.03,0.8530496836967683,0.043628282861280426
1641.2,0.8396145371798569,0.043718606327486434
1649.41,0.8088297290362165,0.043433233336830614
1657.65,0.7513986734315484,0.04264882559636902
1665.94,0.747270148293529,0.0427508443629196
1674.27,0.7529618522841265,0.04301203023814748
1682.64,0.7633262037452161,0.04333977665859884
1691.06,0.7439875461339287,0.04310894580586923
1699.51,0.6943373011809714,0.042427784779828503
1708.01,0.6861110918468544,0.042324375549401584
1716.55,0.6942917740762301,0.04259972754297694
1725.13,0.734368762205323,0.04326540555427799
1733.76,0.750568007744503,0.043685419092158374
1742.43,0.8038177496147941,0.0446085742371962
1751.14,0.8139998294773316,0.044888192342157594
1759.89,0.7750492700365156,0.044161773107348534
1768.69,0.7251146846534084,0.043379345171567885
1777.54,0.6942760272460955,0.043014196245834205
1786.42,0.7002448101752263,0.04340315919461068
1795.36,0.6933736441306139,0.04361942981497827
1804.33,0.6853359072193504,0.04393764519733233
1813.35,0.6498635206730179,0.04377354978693251
1822.42,0.6386288508852696,0.04395449558920286
1831.53,0.6132164042806901,0.04355697554282049
1840.69,0.5892401012202977,0.043069981379084674
1849.89,0.5166755259584047,0.04169749635322658
1859.14,0.488117466457416,0.041211637365963026
1868.44,0.511273547324324,0.041850683434435106
1877.78,0.5386485548203861,0.04242797150506562
1887.17,0.5436176180104573,0.04253779845561825
1896.61,0.5413689217133694,0.04242432915284787
1906.09,0.5670364180122522,0.04290433670125489
1915.62,0.6079800529272991,0.04389318524873658
1925.2,0.6614783988982114,0.04523630853399251
1934.82,0.6876241745662584,0.04606777890799617
1944.5,0.6743347474204366,0.04596722042434384
1954.22,0.6473271387642492,0.04562530363425086
1963.99,0.6075375098876631,0.04496570104247655
1973.81,0.5785760704478913,0.04452955906146133
1983.68,0.5638599641739216,0.044316666498198876
1993.6,0.5865000711870947,0.04492169268739368
2003.57,0.6247929353029653,0.045764571412812614
2013.59,0.6329518330574918,0.0459517025630009
2023.65,0.60519841209944,0.045459473056708236
2033.77,0.5807543547532378,0.045151156382156055
2043.94,0.5666559648054267,0.0451338694346478
2054.16,0.5596917863962888,0.045177997539627895
2064.43,0.5582499315665607,0.04530780700857128
2074.75,0.5491512825711554,0.04511307216409447
2085.13,0.5753514786314291,0.045669881662383026
2095.55,0.5720410543522647,0.04574354534088355
2106.03,0.5484017987285862,0.04555782646194789
2116.56,0.5288309365651594,0.045548709267985175
2127.14,0.5381049220266741,0.04609974650089208
2137.78,0.5898635288319972,0.04737293447652754
2148.47,0.5975948960688813,0.04763790561684388
2159.21,0.5892559296402257,0.047539937677801423
2170.01,0.5667776151874504,0.0471737178404007
2180.86,0.5859754488152549,0.04770962039357005
2191.76,0.6341506318925526,0.04884811273050463
2202.72,0.61016176400397,0.04849317843675576
2213.73,0.5844402552618277,0.04813756590982916
2224.8,0.5892578877952683,0.0487570057023116
2235.93,0.6379133083967726,0.05033492944181591
2247.11,0.6333780581384391,0.05062901759851086
2258.34,0.5820495927241485,0.04962093898168438
2269.63,0.5706018103959267,0.04947627952601539
2280.98,0.5983582501763359,0.05023546326247723
2292.39,0.6577611679089392,0.051766888573074196
2303.85,0.6587170739289196,0.05197739896560051
2315.37,0.6644675225707964,0.05222307069778702
2326.94,0.6471566160959529,0.051774085333091364
2338.58,0.6486027135949402,0.05157991408339548
2350.27,0.6707402274805031,0.051748122023711436
2362.02,0.6751003044523143,0.05170506254271331
2373.83,0.6906876265406703,0.052120404932941955
2385.7,0.6430434298391009,0.05127121362780877
2397.63,0.6382550880415063,0.05138502238442126
2409.62,0.6586940656071687,0.05202662207609503
2421.67,0.6683871778376013,0.05238690845909984
2433.77,0.6438577775674574,0.05179253423816721
2445.94,0.6662145232280022,0.0521724585888876
2458.17,0.723355935065947,0.05347328607708743
2470.46,0.738014683715126,0.05386683076800618
2482.82,0.723778243836809,0.053780905551664045
2495.23,0.7156547560526368,0.053965812414086704
2507.71,0.693191617301442,0.05397113544836286
2520.25,0.6753045237053025,0.05402950912709292
2532.85,0.6263608463635633,0.053121337358139994
2545.51,0.6252820661146573,0.053294246607934886
2558.24,0.5938234078669695,0.05263194464763669
2571.03,0.5893243834769246,0.05254620698281577
2583.88,0.5973599990535583,0.052850481367742286
2596.8,0.633452223260679,0.053941101451780854
2609.79,0.6838535838520744,0.05549572785895262
2622.84,0.6858838642721149,0.055880866881618675
2635.95,0.6684643617821984,0.0558434255756067
2649.13,0.6719098171695113,0.05605787248530239
2662.38,0.6869946277200507,0.056437501067505835
2675.69,0.7264874329280904,0.057270197163662336
2689.07,0.6971523122343488,0.056367778165582846
2702.51,0.6967706351806213,0.05616360916777063
2716.02,0.668391746866034,0.05543490066767939
2729.61,0.6762118022083908,0.05577079007763629
2743.25,0.668161255699557,0.055670882639684734
2756.97,0.618449247272963,0.054364014632947336
2770.75,0.6076789049997001,0.05395300959367701
2784.61,0.611943195554009,0.05394551646247269
2798.53,0.6703422324680872,0.05548714568781844
2812.52,0.7011134151162226,0.056520458969725275
2826.59,0.7482707655203165,0.058041964097566096
2840.72,0.7612474589878703,0.058815241969830886
2854.92,0.7599147713017692,0.059198870342186634
2869.2,0.7251708184312974,0.05857844604209578
2883.54,0.6537274501109008,0.056893894124112894
2897.96,0.62122941948454,0.05626679707122234
2912.45,0.6598453791824457,0.05758779747928603
2927.01,0.7560851095771322,0.060485871353435014
2941.65,0.850156835980446,0.06321850465747271
2956.36,0.8623385185006897,0.06401114755661473
2971.14,0.9246106229095166,0.06561562693608981
2985.99,0.9373286767318556,0.06592369119712584
3000.92,0.9163848215243665,0.06524356348341336
3015.93,0.889578984427364,0.06450463225467885
3031.01,0.9065911090786187,0.06459521891478813
3046.16,1.0175498013900455,0.0670682816190987
3061.39,1.0182925132797587,0.06715368966849308
3076.7,0.9840012205833099,0.06676694152329654
3092.08,0.956368389339967,0.06667478785834331
3107.54,0.9252001091671436,0.06662303541424235
3123.08,0.8862367401287569,0.0664148482112892
3138.7,0.803241154544531,0.0649444719404764
3154.39,0.805895760063999,0.0654209348890794
3170.16,0.8260499076607511,0.06634761872759293
3186.01,0.8214708436833387,0.06664570635430332
3201.94,0.7921723568068529,0.06615375068968775
3217.95,0.7571354965779201,0.06539892083314144
3234.04,0.760562186312741,0.06563725936462866
3250.21,0.7578796770839155,0.06565877786436579
3266.47,0.758444196864749,0.06570267516695583
3282.8,0.6766154269165544,0.06361301676670959
3299.21,0.6248207574225295,0.06236153007748346
3315.71,0.5713335076635253,0.060782876030297917
3332.29,0.6233882038292538,0.062196859476611646
3348.95,0.6909359858719114,0.06397055492043105
3365.69,0.7315178516428309,0.06508614544500373
3382.52,0.7226565473565518,0.06482244397017257
3399.43,0.6537129271276679,0.06302828522849092
3416.43,0.657692632482447,0.0633554565890173
3433.51,0.686177505938717,0.0642691899890823
3450.68,0.7113682730745113,0.0650318543920863
3467.93,0.7101211730817322,0.06506855199616404
3485.27,0.7018488655143196,0.0650182551673513
3502.7,0.6981367746820344,0.06537431367930314
3520.21,0.6334556500320035,0.06408156194209204
3537.81,0.5729964708334846,0.06299672924220749
3555.5,0.5695737789985424,0.06333988199401863
3573.28,0.6206087659258176,0.06497479801033423
3591.15,0.6449863275903637,0.06557293882396417
3609.1,0.6402320903264285,0.06527828751973835
3627.15,0.6372233035136236,0.06523380373612
3645.28,0.6304128402753328,0.06532760086116933
3663.51,0.6438199199032998,0.06614038518505146
3681.83,0.6592399829150972,0.0669962580397667
3700.24,0.7118198725812196,0.06864438365202181
3718.74,0.7214736585312123,0.06897389563436879
3737.33,0.6912444768809201,0.06812247636209538
3756.02,0.6469231061071183,0.06693111308087055
3774.8,0.6417889051751182,0.06684949883438952
3793.67,0.6987850871807342,0.06868434480500754
3812.64,0.7206309991445311,0.06943960401506011
3831.7,0.7555650562337254,0.07061375467775487
3850.86,0.7292317056305525,0.07010819824342486
3870.12,0.6508365605496215,0.0682363247312918
3889.47,0.554122059146889,0.06605351096478225
3908.92,0.5467354903770958,0.0666149020845819
3928.46,0.6406734095191629,0.06995357819954973
3948.1,0.6791422628194904,0.0710214445653962
3967.84,0.6693013914731323,0.0703902459568413
3987.68,0.6765802617155804,0.07005061469711207
4007.62,0.6985907402927524,0.07049819940469008
4027.66,0.6758306962832178,0.07006190678196512
4047.8,0.6154136990079089,0.06899325898609049
4068.04,0.5495142755621842,0.06756073476280303
4088.38,0.5491250922474602,0.06829814125440804
4108.82,0.5711917046025209,0.06970597129211784
4129.36,0.6175133307523761,0.07157756992575363
4150.01,0.6873634135864138,0.07348783222229244
4170.76,0.6608093625919771,0.07244800880519471
4191.61,0.621744495850547,0.0712885517144971
4212.57,0.5668848241760348,0.06970485667645453
4233.63,0.631490886216098,0.07166405675382818
4254.8,0.6914433112075411,0.0734008379345209
4276.08,0.6862201774006877,0.0730484264125294
4297.46,0.6723851593061113,0.07242023778515232
4318.94,0.6877572475193643,0.0726817882388779
4340.54,0.7484594827125506,0.07467108625373717
4362.24,0.7561343898123719,0.07561498075229063
4384.05,0.7286183951532398,0.07578308625963157
4405.97,0.6802489467777538,0.07535653484053727
4428.0,0.6495897053262223,0.0750828830200772
4450.14,0.6088031307635539,0.07415378998895217
4472.39,0.575536116333991,0.07314760122570711
4494.75,0.5611730490962502,0.07275080299668356
4517.23,0.6121241617158659,0.07465519177751613
4539.81,0.6579020734822156,0.07672589810927281
4562.51,0.662083631985973,0.07770742071445667
4585.33,0.6312179683570304,0.07743729982162832
4608.25,0.5998353517968316,0.0766974198352583
4631.29,0.6366575598858885,0.07773352128530099
4654.45,0.7181771861067268,0.07963877506999624
4677.72,0.7974907059026544,0.08123693107876646
4701.11,0.8055867795162295,0.0806652965456548
4724.62,0.8249216839970187,0.08125533497829203
4748.24,0.8217281778918584,0.08164834148123833
4771.98,0.8336783901681035,0.08263363514416577
4795.84,0.7776527187554946,0.08139582294790319
4819.82,0.7093731578554449,0.07970263743454799
4843.92,0.6263846705832486,0.07730686754865704
4868.14,0.570609806195684,0.07571685113652672
4892.48,0.5426012539535353,0.07499291525823304
4916.94,0.6073244789369828,0.07764997217205304
4941.53,0.6949077770167262,0.08091421010696505
4966.23,0.7271880444843871,0.08206177196365158
4991.07,0.6736593471103139,0.08021331284110964
5016.02,0.631476934361419,0.07873623910923615
5041.1,0.6433278518590438,0.07933137743999039
5066.31,0.6659511513747676,0.08048082876412807
5091.64,0.6420286159882542,0.0801933400774177
5117.1,0.6436134977258884,0.0807156415453325
5142.68,0.6683998242555849,0.08192887723034288
5168.4,0.6741838878923603,0.0824413764335302
5194.24,0.7443584533349217,0.08495846002882856
5220.21,0.7762247341906517,0.08615432650301416
5246.31,0.8113909958319855,0.08736085445205566
5272.54,0.7575693910994511,0.08573983561730542
5298.9,0.7357137699502342,0.08496749819735394
5325.4,0.7380758760602083,0.08520531372353488
5352.03,0.772977215642232,0.0866214527616741
5378.79,0.8241928423721904,0.08876811706623376
5405.68,0.8373359790183685,0.08955971244462466
5432.71,0.8005438775630923,0.08863776080299245
5459.87,0.7278609155109131,0.08659813703975802
5487.17,0.6971483959242635,0.08609824568498887
5514.61,0.6922358744610484,0.08662769038347028
5542.18,0.7171472781440933,0.0881228684095696
5569.89,0.7171731421086147,0.08852937775214885
5597.74,0.6748071523244726,0.08726835460542595
5625.73,0.6626516601279244,0.08678533097965824
5653.86,0.641738645862357,0.08572155823031306
5682.13,0.6804278731947747,0.08687877441399773
5710.54,0.698265197016914,0.08749847202211433
5739.09,0.7415143963150786,0.08937329107416946
5767.79,0.7362472856095594,0.08995185300287528
5796.62,0.7037438700568314,0.09001344953281164
5825.61,0.6007940318697892,0.0872830701912823
5854.74,0.5557819219046973,0.08569154090185561
5884.01,0.5434226999939215,0.08447351248027617
5913.43,0.6300289602971825,0.08680680814354508
5943.0,0.7014609876362905,0.08914686844981777
5972.71,0.7706069505529135,0.09210746149421221
6002.57,0.7426010091841551,0.09216861728698403
6032.59,0.7080033468133271,0.09201114766536915
6062.75,0.6382886214466115,0.09044851852268448
6093.06,0.6259799852077704,0.09060841621234302
6123.53,0.6203063125615238,0.09076716266235751
6154.15,0.6883295183305748,0.09335542191819729
6184.92,0.7278569176110345,0.09470262769764938
6215.84,0.7511038895078381,0.09522364514599527
6246.92,0.710012169117692,0.09339609325626032
6278.16,0.7205457378103828,0.09356013628585434
6309.55,0.6534339716238857,0.09112350136442925
6341.09,0.5959727277956437,0.08923765551211459
6372.8,0.5308440015387834,0.08709682049532873
6404.66,0.5580808775145465,0.08853711527971538
6436.69,0.6103825459850274,0.09086001629933436
6468.87,0.6084447883907514,0.09108196611926986
6501.22,0.6092056948044027,0.09135261061664798
6533.72,0.5585218703481069,0.09002041646673621
6566.39,0.5790415402194847,0.09140876392688405
6599.22,0.5914174880379165,0.0926021458373036
6632.22,0.5679034727471731,0.09187496178267635
6665.38,0.5537060327901221,0.09124241673603388
6698.71,0.5535506858234063,0.09075410569537314
6732.2,0.5583109607320563,0.09057288504421153
6765.86,0.6168697504616961,0.09305573801166919
6799.69,0.658182171243106,0.09524903716854081
6833.69,0.7456265219046156,0.0992008850419056
6867.86,0.7612789526481394,0.0999906677484569
6902.2,0.7459532890273558,0.09952586085381097
6936.71,0.7254243179195256,0.09831096134438469
6971.39,0.7314953328598406,0.09798772342662855
7006.25,0.797701615518705,0.09997820027795955
7041.28,0.8767172509787716,0.10290006893628534
7076.49,0.8444758202527897,0.1018736588218368
7111.87,0.7811392953987027,0.09973328750776182
7147.43,0.7163361124176809,0.0974230243089302
7183.16,0.7525936375463174,0.09902772386801319
7219.08,0.7766821265726942,0.10030740115797451
7255.18,0.7735376559333933,0.10082923275123841
7291.45,0.7463729053350341,0.10066022237293754
7327.91,0.7386413749185632,0.10112901689715438
7364.55,0.7418713516613926,0.10212752813743887
7401.37,0.7191831882598814,0.10183762055702336
7438.38,0.6825229359108093,0.10077005373444405
7475.57,0.7126411554420188,0.10215180702043646
7512.95,0.7830232853190997,0.1053210410855514
7550.51,0.8326100534127581,0.10770904869764565
7588.26,0.7937324352472802,0.10658901575340228
7626.21,0.7054792849633682,0.1036439006452863
7664.34,0.6183385299232608,0.10092716187031546
7702.66,0.5636299625462053,0.09933289419673086
7741.17,0.5472668031119978,0.09910778582476172
7779.88,0.5142911458348205,0.0979262828561583
7818.78,0.5109632613398594,0.09851889933756931
7857.87,0.5298405286692255,0.10012753271875098
7897.16,0.6005635407033121,0.10400574430155858
7936.65,0.6093310983169249,0.10508034607649955
7976.33,0.6215486803462833,0.10665507098755203
8016.21,0.7016724683808954,0.1178941957287904
8050.87,0.8104713972700872,0.12885235110331425
