energy_cm-1,intensity_3pt_smoothed,uncertainty_3pt_smoothed
-20.1034,0.005919069999999999,0.0007024240542524057
-19.9824,0.007865603333333332,0.0007744301778750389
-19.8614,0.009873044666666667,0.0008449148002216056
-19.7404,0.012246777333333334,0.0009270319764681331
-19.6194,0.015796057999999998,0.0010378363511788873
-19.4985,0.01749179333333333,0.0010902996415254234
-19.3775,0.017190354666666664,0.0010911356862039804
-19.2565,0.015006356666666665,0.001037835062181711
-19.1355,0.014892371333333333,0.0010363076431391897
-19.0145,0.013934482,0.0010050606220722168
-18.8935,0.013380274,0.0009832498977746333
-18.7726,0.013238212666666666,0.0009706862613170769
-18.6516,0.011238568666666665,0.0009046034585176621
-18.5306,0.012254943999999999,0.0009349162852015956
-18.4096,0.010062616666666666,0.0008786959577832495
-18.2886,0.010917179333333332,0.0009216533849179817
-18.1676,0.008854675333333333,0.0008730174125259104
-18.0467,0.009373243999999998,0.0009046576129379777
-17.9257,0.008022197999999998,0.000879537330132317
-17.8047,0.007122049999999999,0.0008602173718553157
-17.6837,0.007172422666666665,0.0008689467560319473
-17.5627,0.007284944,0.0008709683445266883
-17.4417,0.007345318666666666,0.0008784270561815517
-17.3208,0.007485601333333333,0.0008815963181928766
-17.1998,0.008512475333333332,0.0009196589960287285
-17.0788,0.009196878666666665,0.0009449887009780195
-16.9578,0.009133682666666665,0.0009545063320096171
-16.8368,0.008039557999999999,0.000936434327372308
-16.7158,0.007443738666666666,0.0009351910890113433
-16.5949,0.007316535333333333,0.0009409406679330118
-16.4739,0.008150755999999999,0.000961437569306537
-16.3529,0.008931736,0.0009825813544141505
-16.2319,0.008815813333333332,0.00097034043189638
-16.1109,0.009784674666666665,0.000992127518056451
-15.9899,0.009415998666666665,0.0009760584183172463
-15.869,0.009613719333333331,0.00099773536688382
-15.748,0.009620582666666665,0.0010103219101581524
-15.627,0.009702905333333331,0.0010222432711411375
-15.506,0.009811765333333331,0.0010281330614416275
-15.385,0.009166559999999997,0.0010320473177670793
-15.264,0.011219316666666665,0.0011098930704978346
-15.1431,0.010951675999999997,0.0011333802156314927
-15.0221,0.010451019999999998,0.0011455339367394482
-14.9011,0.009740907333333331,0.001157304501608611
-14.7801,0.008213963333333331,0.0011356156575389209
-14.6591,0.008526645999999997,0.0011628651282276892
-14.5381,0.008117810666666664,0.0011634627490781319
-14.4172,0.00978164133333333,0.0012267848604949263
-14.2962,0.012171367333333332,0.0013049354663486874
-14.1752,0.011928926666666664,0.0013316144769813156
-14.0542,0.011918986666666666,0.001373749406637664
-13.9332,0.009486953333333333,0.0013728742181870364
-13.8122,0.010282253333333331,0.0014381609156525795
-13.6913,0.012382339999999995,0.0015125544545225467
-13.5703,0.013971766666666663,0.0015592406446915824
-13.4493,0.012950273333333328,0.0015377979749110233
-13.3283,0.01213193333333333,0.0015123718485040493
-13.2073,0.011903373333333332,0.0015086891054201105
-13.0863,0.01586571333333333,0.0015940773674452983
-12.9654,0.015729299999999995,0.001604115807845417
-12.8444,0.016605899999999993,0.0016283720910763744
-12.7234,0.018618133333333328,0.0016704233048363654
-12.6024,0.02193861333333333,0.0017241098203025107
-12.4814,0.0230417,0.0017362334127244783
-12.3604,0.01994348,0.0016879155392201615
-12.2395,0.018049373333333334,0.0016697171749586813
-12.1185,0.01991538,0.0017182039331877276
-11.9975,0.02208051333333333,0.0017671440671248812
-11.8765,0.024267939999999995,0.0018182528673028706
-11.7555,0.025268379999999997,0.00184995393917206
-11.6345,0.023946333333333326,0.0018535514504932897
-11.5136,0.024033019999999995,0.001883212102147581
-11.3926,0.022634859999999996,0.0018914993597203957
-11.2716,0.024033779999999998,0.0019287351455858895
-11.1506,0.02286886666666666,0.0019142730586734775
-11.0296,0.02266814,0.0019087153719928435
-10.9086,0.022972633333333332,0.0019230225880835503
-10.7877,0.026425286666666666,0.0019927924707277807
-10.6667,0.026687859999999997,0.0020143021814888317
-10.5457,0.028789673333333328,0.002062103318430211
-10.4247,0.030358679999999996,0.002101239295763759
-10.3037,0.03395789333333333,0.0021695089664828153
-10.1828,0.031209179999999996,0.0021404067721164073
-10.0618,0.03123524666666666,0.0021552430980409923
-9.94078,0.030157779999999995,0.002159283664170237
-9.8198,0.03231723333333333,0.002209793937474312
-9.69882,0.02990385999999999,0.0021889443437667494
-9.57783,0.03302117333333333,0.0022355707213512865
-9.45685,0.03662401333333333,0.0022911813881973156
-9.33587,0.04469148,0.002397254180175125
-9.21488,0.04386928666666666,0.0023964746584859463
-9.0939,0.04208136666666667,0.002382269447288353
-8.97292,0.040619866666666664,0.0023811830426039163
-8.85194,0.04444965333333333,0.0024388584395307208
-8.73095,0.048540766666666665,0.002499737515263375
-8.60997,0.04880296666666666,0.002517894825543575
-8.48899,0.04991634666666667,0.002552768181004909
-8.368,0.05278213999999999,0.002611671422449276
-8.24702,0.05051861999999999,0.0026119492490500056
-8.12604,0.05007237333333332,0.002634263041495456
-8.00505,0.04784706,0.002616255900045118
-7.88407,0.048336939999999995,0.0026257613952877655
-7.76309,0.04925502666666666,0.002640054598630785
-7.6421,0.049677513333333326,0.0026569972202894337
-7.52112,0.05575691999999999,0.0027448097386718
-7.40014,0.053222359999999996,0.002745828028863991
-7.27915,0.054978799999999994,0.0028080498144926924
-7.15817,0.0531051,0.002816454533716933
-7.03719,0.05574570666666666,0.002873957384984451
-6.9162,0.056364226666666656,0.002894277643212167
-6.79522,0.059113466666666656,0.0029497080014416494
-6.67424,0.06343136666666666,0.0029904896208555695
-6.55326,0.06635741999999997,0.0030267567219704554
-6.43227,0.07025897333333331,0.003062096691043138
-6.31129,0.07145776666666664,0.0030969012664862276
-6.19031,0.07625466666666665,0.0031689972923629266
-6.06932,0.07598697333333332,0.0032053777461469694
-5.94834,0.07986156666666665,0.003287124893874619
-5.82736,0.07582166666666665,0.003303395583442522
-5.70637,0.08044150666666665,0.00339801111445792
-5.58539,0.08161083999999999,0.0034635912736830448
-5.46441,0.08567676666666665,0.003565742665736831
-5.34342,0.08692135999999999,0.0036479797989705663
-5.22244,0.09287451999999999,0.0037736491811202234
-5.10146,0.09481893999999999,0.003864329821026668
-4.98047,0.0928717133333333,0.003943122284233425
-4.85949,0.08862319999999997,0.004022037702369617
-4.73851,0.0950445333333333,0.004206528894555277
-4.61752,0.1006247333333333,0.004407976764673587
-4.49654,0.1056943333333333,0.004634243554933115
-4.37556,0.11376473333333334,0.0049195744155632005
-4.25457,0.12206193333333333,0.0052623128650581006
-4.13359,0.14434833333333333,0.00574417648429441
-4.01261,0.1700684666666666,0.006321424634756805
-3.89163,0.20559979999999994,0.0070196251832349435
-3.77064,0.25450473333333334,0.007854584224012058
-3.64966,0.32341946666666677,0.008822711242021317
-3.52868,0.4043135333333333,0.009895207542345378
-3.40769,0.4979436,0.011059878664295251
-3.28671,0.6000241333333334,0.012310877581820793
-3.16573,0.6918539333333333,0.01361762912574236
-3.04474,0.7765793333333333,0.014953287498520927
-2.92376,0.8760039999999997,0.016276690460366252
-2.80278,1.0589479999999998,0.017600394331162016
-2.68179,1.3384366666666665,0.018880198349587797
-2.56081,1.7225646666666665,0.0201063129117112
-2.43983,2.1950566666666664,0.021291561408740736
-2.31884,2.727816,0.02245432098070906
-2.19786,3.3339779999999997,0.02367615176253757
-2.07688,3.995052,0.024944908105195868
-1.95589,4.710936,0.026241919569449688
-1.83491,5.470666,0.027522307701973114
-1.71393,6.238923333333333,0.028731775806557214
-1.59295,7.047811333333333,0.02989586569652139
-1.47196,7.956285999999999,0.031066969151169757
-1.35098,8.949916,0.03222207505707849
-1.23,10.039469999999998,0.03337576480483473
-1.10901,11.236413999999998,0.03454263743414828
-0.988029,12.500808666666664,0.03569096764404686
-0.867046,13.781276666666665,0.036777209655536526
-0.746063,14.915978666666668,0.03768433693643613
-0.62508,15.837668666666664,0.03837117578839269
-0.504097,16.417442666666663,0.03875764275686998
-0.383113,16.640274666666663,0.03885610008878115
-0.26213,16.511605999999997,0.03870157727647803
-0.141147,16.11842533333333,0.038367474575523246
-0.0201639,15.451113333333328,0.03784982952373293
0.100819,14.543308666666663,0.03715638284836432
0.221802,13.375053999999999,0.036265891722522606
0.342786,11.981307999999999,0.035170889148232305
0.463769,10.435174666666665,0.03390734547805043
0.584752,8.86832133333333,0.03254125456682811
0.705735,7.3415513333333315,0.031110344908345553
0.826718,5.835455333333332,0.029545478114628643
0.947701,4.449189333333333,0.02793517162596842
1.06868,3.243322666666666,0.026329397454184177
1.18967,2.3549433333333325,0.024935490245561423
1.31065,1.6954953333333322,0.023677795791386968
1.43163,1.2317753333333326,0.022555996844380186
1.55262,0.9257266666666665,0.02155091818313704
1.6736,0.7120186666666664,0.02063026518429767
1.79458,0.5628819999999998,0.019785484534538055
1.91557,0.4536006666666663,0.019031928654659375
2.03655,0.3834073333333331,0.01841934288889566
2.15753,0.3207199999999998,0.017927624796910492
2.27852,0.27226666666666627,0.0175760978188296
2.3995,0.22959333333333287,0.017326473868851677
2.52048,0.20826799999999943,0.017187318927417258
2.64147,0.20901999999999946,0.017110489667072
2.76245,0.19818066666666626,0.017037718769314942
2.88343,0.19672866666666639,0.01698239880035274
3.00442,0.18089133333333313,0.016889870277499337
3.1254,0.17728933333333324,0.01679174075478643
3.24638,0.20345399999999994,0.016729399961665625
3.36736,0.20967866666666657,0.01660137852129689
3.48835,0.25987666666666653,0.016515020110649443
3.60933,0.2730439999999999,0.016318655879633933
3.73031,0.316374,0.016129050624248024
3.8513,0.34067866666666663,0.01585727877046444
3.97228,0.3925293333333332,0.015591835628377933
4.09326,0.4388379999999999,0.015296482678878974
4.21425,0.4713719999999998,0.014940105349810029
4.33523,0.49207866666666655,0.014546040871007556
4.45621,0.5068166666666665,0.014136529854776163
4.5772,0.5206613333333333,0.013739255781006156
4.69818,0.525618,0.013327262724634125
4.81916,0.5208953333333333,0.012917620549297943
4.94015,0.5018939999999997,0.01249223481374463
5.06113,0.4897966666666663,0.012087045955276987
5.18211,0.47337899999999977,0.011662812761070023
5.3031,0.4664991999999999,0.011260787618447378
5.42408,0.45682959999999995,0.01085908842361191
5.54506,0.46831393333333327,0.010533375671855838
5.66605,0.4699321999999999,0.010210520492322286
5.78703,0.46768793333333325,0.00990431488044142
5.90801,0.4741366666666666,0.009658775344941223
6.02899,0.49162686666666666,0.009479861794754416
6.14998,0.5173095999999999,0.00937141288610326
6.27096,0.5185952666666667,0.00921382634666691
6.39194,0.5121165333333333,0.009066003424314866
6.51293,0.5031933333333333,0.008943638940083492
6.63391,0.4939185999999999,0.008855585242914967
6.75489,0.4773203999999999,0.008770308318601653
6.87588,0.44259679999999996,0.008639424931152663
6.99686,0.43975759999999997,0.008637415761747775
7.11784,0.45198486666666665,0.008674383527621237
7.23883,0.4770665333333333,0.008725938982364909
7.35981,0.4986446666666667,0.008728766939646554
7.48079,0.5236917333333333,0.008724926028953547
7.60178,0.5587257333333333,0.008750058587217193
7.72276,0.5677318,0.008688784583053668
7.84374,0.5946298666666666,0.008712438896321359
7.96473,0.6020479333333333,0.008690747888666174
8.08571,0.6073702666666666,0.00866757131629283
8.20669,0.5693248,0.008490411032206994
8.32767,0.5193669333333333,0.008265027323337238
8.44866,0.45274299999999995,0.00796951381158084
8.56964,0.3798193999999999,0.007637155701233862
8.69062,0.3202246666666666,0.007351415165555239
8.81161,0.27306166666666665,0.007114349665345385
8.93259,0.23744613333333334,0.006910979770211072
9.05357,0.19770966666666667,0.006655544161898243
9.17456,0.17165840000000004,0.006438307733217585
9.29554,0.15168353333333334,0.006233861704732487
9.41652,0.14049340000000002,0.0060677633188177885
9.53751,0.12182713333333334,0.0058551303120053235
9.65849,0.10608,0.005673819138872942
9.77947,0.09193140000000001,0.00550888575576453
9.90046,0.0818464,0.005379165137502823
10.0214,0.0794338,0.00529247623086014
10.1424,0.07168993333333332,0.005181106878644413
10.2634,0.07010493333333331,0.005113423756615522
10.3844,0.06033399999999998,0.0049947516262676276
10.5054,0.058180733333333304,0.004938558025030969
10.6264,0.05012279999999998,0.0048627793422768234
10.7473,0.047089866666666653,0.004839670879417869
10.8683,0.04306459999999998,0.00481533868294811
10.9893,0.046200733333333306,0.004838807820642601
11.1103,0.044769933333333296,0.004821127617296555
11.2313,0.04387719999999998,0.004795965208845777
11.3523,0.03767099999999999,0.004717433476670362
11.4732,0.03690173333333333,0.004672107340303446
11.5942,0.03743746666666667,0.004635322423500225
11.7152,0.03586133333333333,0.0045861863292706384
11.8362,0.03391999999999999,0.0045269697508674486
11.9572,0.02912766666666665,0.004438484286283776
12.0782,0.027224799999999973,0.004368919992811292
12.1991,0.031745733333333304,0.004353051204112913
12.3201,0.03239839999999997,0.004317753766399737
12.4411,0.034651066666666654,0.004291791986213478
12.5621,0.03133593333333333,0.004236550134190685
12.6831,0.0322408,0.004226762954562642
12.8041,0.03241166666666667,0.0042372219645914755
12.925,0.033371266666666656,0.004254531930642325
13.046,0.033836399999999975,0.004271584212095295
13.167,0.03127599999999998,0.004254268933468959
13.288,0.030979399999999976,0.004243223536168386
13.409,0.026523199999999986,0.004175271549983626
13.53,0.027584066666666643,0.004131742218312109
13.6509,0.024121999999999984,0.004044157031998304
13.7719,0.026639333333333317,0.004002165515187885
13.8929,0.025855199999999995,0.003941360769454349
14.0139,0.02636693333333332,0.00388847514180599
14.1349,0.026654333333333325,0.0038281916063679176
14.2559,0.027883133333333317,0.003769488954598546
14.3768,0.02829973333333332,0.003705741039692631
14.4978,0.029745999999999988,0.003652672233780694
14.6188,0.03005629999999999,0.0035918018886419052
14.7398,0.027516,0.003513728841130333
14.8608,0.024239073333333333,0.0034435182725653653
14.9817,0.022090913333333326,0.0033917292977419192
15.1027,0.024501059999999995,0.0033829639861104707
15.2237,0.024655073333333326,0.0033466608404981828
15.3447,0.025723673333333336,0.00331191873709412
15.4657,0.02211751333333334,0.00322346780821042
15.5867,0.01905925333333334,0.003137656485120773
15.7076,0.01790386666666667,0.003077228788729236
15.8286,0.019788179999999995,0.0030562639401587465
15.9496,0.02321244666666666,0.0030665716592885935
16.0706,0.02357773333333333,0.0030413868798547954
16.1916,0.023350626666666666,0.0030047405379577566
16.3126,0.02119299333333333,0.002946501533380901
16.4335,0.01835055999999999,0.0028936943703209415
16.5545,0.016537379999999994,0.002853265100221772
16.6755,0.016431339999999992,0.0028363692849379743
16.7965,0.017103053333333326,0.0028129321633887064
16.9175,0.016353479999999993,0.0027844744427097112
17.0385,0.014168659999999996,0.002719571978450367
17.1594,0.014031173333333334,0.0026905090723165714
17.2804,0.014776859999999996,0.0026571769969573177
17.4014,0.01817230666666666,0.002677950457551944
17.5224,0.02039082666666666,0.0026595747989020097
17.6434,0.018868399999999994,0.002600227947138652
17.7644,0.016167306666666662,0.002526591604123451
17.8853,0.01320127333333333,0.002470187522211849
18.0063,0.013169913333333333,0.0024568638181212514
18.1273,0.013629646666666665,0.002445117414776913
18.2483,0.015046579999999997,0.0024505934781508653
18.3693,0.01785630666666666,0.0024702767151112627
18.4903,0.016746639999999997,0.0024270917158171926
18.6112,0.016770546666666664,0.0023902226627975707
18.7322,0.01576370666666666,0.002349205670979023
18.8532,0.018314253333333325,0.002356600377258261
18.9742,0.01828397999999999,0.002338421167483071
19.0952,0.017962153333333328,0.00230865240606203
19.2162,0.015138573333333327,0.0022527968209514345
19.3371,0.01416198666666666,0.002216718576895939
19.4581,0.011299926666666663,0.0021471347177147502
19.5791,0.009770433333333332,0.0020870593038724234
19.7001,0.010702433333333332,0.002093586871414596
19.8211,0.013578266666666667,0.002148854318822009
19.9421,0.014770719999999998,0.002187538342295284
20.063,0.011968079999999999,0.0021452080673313614
20.184,0.01106051333333333,0.0021287264178908058
20.305,0.01319128,0.0021608897728342268
20.426,0.015773239999999997,0.002198165534607134
20.547,0.017617526666666668,0.002217875041745339
20.668,0.017220913333333334,0.002208531038501786
20.7889,0.015987260000000003,0.002201572797761132
20.9099,0.012352413333333331,0.002149600718117359
21.0309,0.01199241333333333,0.0021483797612556507
21.1519,0.012333686666666663,0.002156119135819107
21.2729,0.012517079999999996,0.0021688378434439643
21.3939,0.013118119999999997,0.002169166633642515
21.5148,0.01364757333333333,0.002162533870596045
21.6358,0.014296759999999995,0.002163169124699428
21.7568,0.01382217333333333,0.0021693687818917897
21.8778,0.015750679999999996,0.002205930042784071
21.9988,0.015674039999999997,0.0022152389927189947
22.1198,0.01437608666666666,0.0021985254030698746
22.2407,0.010711433333333329,0.00214355804380194
22.3617,0.013105079999999998,0.0021751307627062588
22.4827,0.016072873333333335,0.002213147612390501
22.6037,0.018012193333333336,0.002212445558842371
22.7247,0.01792530666666667,0.002176358588645314
22.8457,0.017737279999999998,0.0021341754373294724
22.9666,0.018796686666666666,0.00213802396412804
23.0876,0.018832066666666664,0.002130748137418613
23.2086,0.01820745333333333,0.002132541113535889
23.3296,0.01787857333333333,0.002150048172572471
23.4506,0.015962886666666662,0.002155870720643724
23.5716,0.014149573333333328,0.002150754854107429
23.6925,0.012569159999999998,0.002154854268098477
23.8135,0.012375446666666665,0.0021851249503585727
23.9345,0.012327933333333334,0.002195104640094813
24.0555,0.011348813333333334,0.0022844675436724617
24.1563,0.011008893333333332,0.002022536198985049
24.2571,0.01128139333333333,0.0017337068096099759
24.3784,0.01359659333333333,0.00119237402750442
24.5003,0.01349132666666666,0.0011285481713684672
24.6228,0.01439656666666666,0.0010954837969374281
24.7459,0.014147653333333328,0.001088898042043933
24.8696,0.015310066666666662,0.0010892982977156543
24.994,0.015078853333333328,0.001075924987580867
25.119,0.01559478666666666,0.0010718663948432296
25.2446,0.015779793333333327,0.0010676196134645627
25.3708,0.016181413333333332,0.0010684274946200138
25.4976,0.01509141333333333,0.0010579320452312195
25.6251,0.01424709333333333,0.001051790486149531
25.7533,0.014088253333333332,0.0010486852661476232
25.882,0.012717346666666667,0.0010335688642250963
26.0114,0.012921086666666665,0.0010317164298798386
26.1415,0.012198886666666665,0.0010242875469092326
26.2722,0.013081659999999997,0.0010286072435104771
26.4036,0.014178806666666662,0.0010362250728599245
26.5356,0.014472013333333329,0.0010321501588418873
26.6682,0.015072213333333327,0.001030330061485369
26.8016,0.015191739999999997,0.0010232073076404844
26.9356,0.014717946666666662,0.0010154514828961548
27.0703,0.014643419999999996,0.001014306588954028
27.2056,0.014257659999999995,0.001012631393653628
27.3417,0.014701753333333328,0.00101903015050499
27.4784,0.015360253333333327,0.0010252618437103982
27.6158,0.01420303333333333,0.0010115930234898486
27.7538,0.014403633333333332,0.0010067848646666167
27.8926,0.014442926666666666,0.001000680360658465
28.0321,0.01630472666666667,0.0010092169177647917
28.1722,0.01686634,0.0010064805471436925
28.3131,0.01606104,0.0009911351621821201
28.4547,0.014936959999999996,0.0009773231563242302
28.5969,0.014240039999999994,0.000969201907069477
28.7399,0.014249226666666661,0.000967920444076314
28.8836,0.015549473333333329,0.0009774232950619593
29.028,0.01617587333333333,0.0009792131480135806
29.1732,0.01728953333333333,0.0009896184328344827
29.319,0.016050479999999995,0.0009769186888591202
29.4656,0.015883139999999997,0.0009741020248089463
29.613,0.015679993333333336,0.0009695354492706517
29.761,0.01591316,0.0009716476551407124
29.9098,0.015200853333333332,0.0009641572869471729
30.0594,0.014919666666666664,0.0009605444397976713
30.2097,0.01570863333333333,0.0009681586268770445
30.3607,0.017255806666666665,0.0009820665519281267
30.5125,0.017581999999999993,0.0009820096476362472
30.6651,0.018013019999999998,0.0009789045755923074
30.8184,0.01728261333333333,0.0009651471440933531
30.9725,0.017216079999999998,0.0009608294748668407
31.1274,0.017174179999999997,0.000960485481257612
31.283,0.017005853333333334,0.000961466029427515
31.4394,0.017064906666666664,0.0009635158515736925
31.5966,0.016888946666666668,0.000961036941968876
31.7546,0.01690692,0.0009585951737447183
31.9134,0.016773906666666664,0.0009520466414764912
32.0729,0.015938179999999996,0.000939447068661372
32.2333,0.016618559999999994,0.0009394041865298333
32.3945,0.01640303333333333,0.0009352698271329689
32.5564,0.016290186666666664,0.000931206500572719
32.7192,0.015397573333333331,0.0009228941144294099
32.8828,0.014442206666666664,0.0009135214970521737
33.0472,0.014038126666666664,0.0009132899988970279
33.2125,0.013167293333333333,0.0009058368648966423
33.3785,0.012626933333333331,0.0009012759794276852
33.5454,0.011844113333333331,0.000892378226806947
33.7132,0.012447999999999996,0.0008947979242364042
33.8817,0.01374210666666666,0.0009018760969036833
34.0511,0.014330106666666658,0.0009031767704649824
34.2214,0.013562119999999995,0.0008946896389080032
34.3925,0.01304795333333333,0.000885738497901547
34.5645,0.012816893333333332,0.0008789898777498332
34.7373,0.012665766666666665,0.0008724885480012522
34.911,0.012286173333333327,0.0008661089669951081
35.0855,0.013127819999999995,0.000868587512243489
35.2609,0.013839439999999995,0.0008713021203019459
35.4373,0.013270319999999999,0.0008654696350575603
35.6144,0.01152403333333333,0.0008510527982380934
35.7925,0.011566479999999997,0.0008529262475879402
35.9715,0.012337913333333329,0.0008613578628047435
36.1513,0.012771493333333332,0.0008675504424947802
36.3321,0.011659346666666666,0.0008589869862672218
36.5137,0.01054436,0.0008501842063113929
36.6963,0.011391373333333331,0.0008562251150428969
36.8798,0.01229221333333333,0.0008630538061403433
37.0642,0.01432457333333333,0.0008789734904370615
37.2495,0.014316766666666661,0.0008782159280111267
37.4358,0.01369287333333333,0.0008729298951900114
37.6229,0.011936593333333327,0.0008588283967946616
37.8111,0.011513726666666663,0.0008575073908939665
38.0001,0.011925786666666664,0.0008643139988162738
38.1901,0.012295886666666662,0.0008697270244671282
38.3811,0.011883826666666663,0.0008667871793773194
38.573,0.011971026666666664,0.000867349416925177
38.7658,0.011727666666666662,0.0008635559528384172
38.9597,0.011610486666666664,0.0008604001339782426
39.1545,0.009908413333333328,0.0008430813097344499
39.3502,0.010784693333333328,0.0008466996049361964
39.547,0.011281619999999994,0.0008484304035282511
39.7447,0.011933213333333328,0.0008536743101037487
39.9434,0.011199566666666664,0.0008474001126344562
40.1432,0.011384473333333327,0.0008480187733239034
40.3439,0.012688479999999995,0.0008545487163968802
40.5456,0.01270628,0.0008517989981239054
40.7483,0.012859313333333334,0.0008485159514409719
40.9521,0.011870200000000001,0.0008378333734882292
41.1568,0.012088719999999999,0.0008379355940969848
41.3626,0.011430859999999998,0.0008360090061678627
41.5694,0.012476419999999995,0.0008480491602383018
41.7773,0.011974193333333327,0.0008500464378784125
41.9862,0.012198639999999995,0.0008548967477236326
42.1961,0.010904026666666665,0.0008472617076454135
42.4071,0.01164703333333333,0.0008525929919578013
42.6191,0.010700086666666666,0.0008426834839476933
42.8322,0.012164059999999999,0.0008484645397160423
43.0464,0.012961966666666666,0.0008481346695212972
43.2616,0.013774186666666669,0.0008505660088675592
43.4779,0.013534206666666668,0.0008473904439746507
43.6953,0.012328806666666666,0.0008380724697067936
43.9138,0.012913853333333329,0.0008413546432359346
44.1333,0.011873219999999993,0.0008330096722060847
44.354,0.012273886666666662,0.0008330556166960815
44.5758,0.01267988,0.0008326490311956839
44.7987,0.013461633333333336,0.0008332618895529384
45.0226,0.012950093333333332,0.0008281542346012608
45.2478,0.011665759999999996,0.0008171118290121344
45.474,0.011385106666666662,0.0008154331111324283
45.7014,0.011840493333333328,0.0008156150480961522
45.9299,0.01275060666666666,0.0008218029765133624
46.1595,0.013054959999999992,0.0008212361259405102
46.3903,0.013069933333333327,0.0008220181391204888
46.6223,0.013368779999999993,0.000823393900075373
46.8554,0.013887579999999993,0.0008293935905649514
47.0897,0.013602353333333327,0.0008286040631796213
47.3251,0.012943713333333329,0.0008268278266303223
47.5617,0.013243566666666665,0.0008303385552933615
47.7995,0.014199473333333329,0.0008389116525308253
48.0385,0.015153779999999995,0.0008459325073379738
48.2787,0.015452619999999993,0.0008460440396963847
48.5201,0.014956459999999998,0.0008384052723588463
48.7627,0.01505985333333333,0.0008351114940458882
49.0065,0.014444439999999998,0.0008271805730522878
49.2516,0.014430519999999997,0.0008234634193669782
49.4978,0.013697999999999997,0.0008142332806877618
49.7453,0.013777619999999997,0.0008124451573698854
49.994,0.013932433333333329,0.0008102387576694772
50.244,0.013838906666666661,0.0008063237547059563
50.4952,0.013996359999999994,0.0008037531266919658
50.7477,0.014059546666666662,0.0008018713707247566
51.0015,0.013921853333333333,0.0007981096201611517
51.2565,0.013563546666666669,0.0007942385329069738
51.5127,0.01281546,0.0007900868892815946
51.7703,0.013115166666666664,0.0007941457570793355
52.0292,0.013200106666666664,0.0007956050558176882
52.2893,0.013827146666666663,0.0007989816860537752
52.5507,0.013990606666666662,0.0007992533022273561
52.8135,0.013846086666666662,0.0007983612331528461
53.0776,0.01371469333333333,0.0007972298549485797
53.343,0.012939853333333334,0.0007911607564790132
53.6097,0.01318504,0.0007908630106060649
53.8777,0.013572613333333334,0.0007897014447039815
54.1471,0.0148302,0.0007918917375194387
54.4178,0.015509573333333332,0.0007918491222154213
54.6899,0.01599171333333333,0.0007921689949959471
54.9634,0.016486366666666665,0.0007949046671083688
55.2382,0.016177813333333332,0.0007908759748770838
55.5144,0.015803619999999997,0.0007865046872132705
55.792,0.015964186666666665,0.0007841067395821963
56.0709,0.01675232,0.0007848313028608264
56.3513,0.017401279999999998,0.0007850048934958586
56.633,0.016914559999999995,0.0007809323943600297
56.9162,0.016950399999999997,0.0007821801789570823
57.2008,0.016249346666666664,0.0007780819614385106
57.4868,0.015639173333333332,0.0007746305315846459
57.7742,0.014638393333333333,0.0007675082170869573
58.0631,0.014473833333333333,0.000766397112721597
58.3534,0.015439306666666664,0.000771331766801924
58.6452,0.01573394666666666,0.0007743175610335134
58.9384,0.016546099999999994,0.0007810724092189603
59.2331,0.01631966666666666,0.0007816237855871299
59.5293,0.01673699333333333,0.0007845130273941353
59.8269,0.01621889333333333,0.0007823604072051591
60.126,0.015905899999999997,0.0007795617421010062
60.4267,0.01583640666666666,0.0007777636592981758
60.7288,0.01678721999999999,0.0007809763008260877
61.0324,0.017642879999999993,0.0007848120193844015
61.3376,0.01797393333333333,0.0007840946637526195
61.6443,0.017208086666666664,0.0007772751728610804
61.9525,0.017000973333333332,0.0007731380807042887
62.2623,0.01644155333333333,0.0007676029033640303
62.5736,0.017847926666666666,0.0007734357259811574
62.8865,0.018563346666666664,0.0007754483127602165
63.2009,0.020190673333333332,0.0007826242332057504
63.5169,0.020333119999999996,0.0007811868529277174
63.8345,0.01913958666666666,0.000772007325652347
64.1537,0.017779619999999996,0.0007635516079710075
64.4744,0.017026179999999995,0.00075897939175975
64.7968,0.01791189333333333,0.0007647784780758413
65.1208,0.018941626666666666,0.0007716138526568843
65.4464,0.020189066666666665,0.0007801003127025823
65.7736,0.021490753333333334,0.0007887631792702068
66.1025,0.022930739999999998,0.0007994028131115544
66.433,0.022597099999999995,0.0008011077173419868
66.7652,0.022445426666666664,0.0008050632742994663
67.099,0.02139061333333333,0.0008029022343196933
67.4345,0.021338073333333332,0.000805152958461103
67.7716,0.021014946666666666,0.0008044793619862337
68.1105,0.02084834,0.0008041796637778013
68.4511,0.021839266666666662,0.0008093672093783443
68.7933,0.02193344,0.0008096639648240908
69.1373,0.02226777333333333,0.000811609154290961
69.483,0.02268857333333333,0.0008152521392850734
69.8304,0.02430134666666666,0.0008258682183415624
70.1795,0.02519539333333333,0.0008338698001449492
70.5304,0.0251681,0.000839185931155241
70.8831,0.025705040000000002,0.000849701464808801
71.2375,0.0266575,0.000864939086481303
71.5937,0.028271979999999995,0.000884876750440296
71.9517,0.029894859999999992,0.000907208891059704
72.3114,0.03128672666666666,0.0009269717036882338
72.673,0.03332640666666666,0.0009477372589453964
73.0363,0.03478537999999999,0.0009599491134411471
73.4015,0.03648831333333333,0.000967464492747236
73.7685,0.0348411,0.0009503005266155427
74.1374,0.03201289333333333,0.0009201455940194103
74.5081,0.028731019999999996,0.0008830018350168425
74.8806,0.02697405333333333,0.0008526553586508443
75.255,0.025458186666666667,0.0008249629875024023
75.6313,0.023318833333333334,0.0007969782553963857
76.0094,0.02221862,0.0007793231907372505
76.3895,0.02105089333333333,0.0007629031104531631
76.7714,0.021209159999999994,0.0007545797168552396
77.1553,0.020617579999999993,0.0007426381962170034
77.5411,0.020572753333333325,0.0007353373745537183
77.9288,0.020294566666666666,0.0007269874915567667
78.3184,0.02082075333333333,0.0007252212263744078
78.71,0.020984913333333334,0.0007236087996614991
79.1035,0.021163579999999998,0.0007226226524053432
79.4991,0.02142143333333333,0.0007216479948294275
79.8966,0.02214625333333333,0.0007233255078108181
80.296,0.02288593333333333,0.0007260560192923591
80.6975,0.023188673333333333,0.0007253451534995828
81.101,0.02233353333333333,0.000718002158207527
81.5065,0.02112089333333333,0.0007087406418655557
81.9141,0.019839606666666666,0.0006991326184106831
82.3236,0.01972355333333333,0.0006959274882747802
82.7352,0.02069144,0.0006996993944776889
83.1489,0.02164041333333333,0.0007026382693423725
83.5647,0.021515693333333336,0.0006988472501484141
83.9825,0.021186200000000002,0.0006937869694122412
84.4024,0.02100586,0.0006918060877606287
84.8244,0.02075399333333333,0.000689480460540479
85.2485,0.02015690666666666,0.0006859850675433426
85.6748,0.01885811333333333,0.0006779017334412611
86.1031,0.01843297333333333,0.0006757065568224782
86.5337,0.01831842,0.0006740019739272118
86.9663,0.019627259999999997,0.0006809949636586488
87.4012,0.020908899999999998,0.0006873974089796963
87.8382,0.022294799999999997,0.0006939218707846967
88.2774,0.022948766666666665,0.0006960071818042621
88.7187,0.023612626666666667,0.0006995110963573852
89.1623,0.02495628,0.0007083961070681665
89.6082,0.024829233333333332,0.000709479712447556
90.0562,0.024974046666666663,0.0007120706115906701
90.5065,0.02389940666666666,0.0007072076000983648
90.959,0.024169279999999994,0.0007088125695367805
91.4138,0.024200606666666662,0.000709332872467582
91.8709,0.024327593333333328,0.0007090074929546075
92.3302,0.024603959999999994,0.0007098163266388785
92.7919,0.025811193333333326,0.0007142803395486304
93.2558,0.027184333333333324,0.0007205251070442937
93.7221,0.02910776666666666,0.0007282671743909252
94.1907,0.03032429333333333,0.0007340800898895373
94.6617,0.03071104,0.0007362271121569062
95.135,0.030559499999999996,0.0007386567290582066
95.6107,0.029813359999999997,0.0007371573976690127
96.0887,0.028398926666666657,0.0007329668238322023
96.5692,0.026071859999999995,0.0007230737027689501
97.052,0.024303506666666662,0.0007168738559901752
97.5373,0.02345449333333333,0.0007149267650969573
98.0249,0.02330877333333333,0.0007173283691553757
98.5151,0.02218806,0.0007146929991852756
99.0076,0.022695773333333332,0.0007218305881040694
99.5027,0.02379572,0.000732061902889518
100.0,0.02522113333333333,0.0007443385868517394
100.5,0.02578111333333333,0.000752090128412221
101.003,0.025642079999999998,0.000756620199622858
101.508,0.026012186666666666,0.0007625107701304218
102.015,0.027136226666666666,0.0007714134396948096
102.525,0.027755579999999995,0.0007771841142286256
103.038,0.028344313333333326,0.0007823454887673774
103.553,0.026330199999999998,0.000773801506907869
104.071,0.02556299333333333,0.0007705851027645594
104.591,0.025354113333333327,0.000770293424505522
105.114,0.026520386666666652,0.0007766473128858999
105.64,0.027111126666666655,0.0007797166346957934
106.168,0.027324839999999993,0.0007800420714545536
106.699,0.027069619999999996,0.0007778892385380667
107.232,0.026513679999999998,0.0007722497605720286
107.768,0.026184246666666668,0.0007661658491318965
108.307,0.025623093333333333,0.00075873134834172
108.849,0.024936479999999997,0.0007519504393476415
109.393,0.024378199999999996,0.0007474599409065344
109.94,0.024409439999999994,0.0007468496144710496
110.49,0.024719619999999994,0.0007488253858440193
111.042,0.024024866666666655,0.000746535004589723
111.597,0.023522919999999992,0.0007455155492182723
112.155,0.02258932666666666,0.0007425219099899417
112.716,0.02133813333333333,0.0007390198939123508
113.28,0.020028653333333327,0.0007359006674234114
113.846,0.019216826666666666,0.0007355469752422343
114.415,0.019147246666666666,0.0007388266237586911
114.987,0.01957359333333333,0.0007442163715479524
115.562,0.02038881333333333,0.0007526461972153096
116.14,0.02187475333333333,0.0007645999819327461
116.721,0.023453393333333333,0.0007781127864944916
117.305,0.02470874,0.0007889922902146905
117.891,0.02485920666666666,0.0007938849044685955
118.481,0.02487900666666666,0.0007968710531430623
119.073,0.02496653333333333,0.0007982593404649616
119.668,0.02531271999999999,0.0007988693802819082
120.267,0.025472393333333322,0.0007982038731067813
120.868,0.025517659999999987,0.0007972538693590643
121.472,0.026187233333333323,0.0007989012961124934
122.08,0.026572173333333324,0.0007993412653957284
122.69,0.026578333333333322,0.000798199839852708
123.304,0.026258159999999985,0.0007966647762259299
123.92,0.02490930666666666,0.0007904367565708354
124.54,0.024573573333333328,0.0007890209793969008
125.162,0.024033073333333328,0.0007867155035549876
125.788,0.023762693333333324,0.0007857525832878665
126.417,0.023056219999999995,0.0007840070597491099
127.049,0.022600119999999998,0.0007849796453358237
127.684,0.02296396666666667,0.0007900812768502577
128.323,0.022783166666666663,0.0007938873274164569
128.964,0.022973126666666663,0.0008000997475459613
129.609,0.023892399999999994,0.0008099788795504348
130.257,0.026134879999999996,0.0008250949598189694
130.909,0.02912091333333333,0.0008439654146149725
131.563,0.030997786666666666,0.0008578135491391276
132.221,0.03119223333333333,0.000865009022554614
132.882,0.030390833333333325,0.0008680518498466681
133.546,0.029954299999999993,0.0008743673818250288
134.214,0.030244853333333335,0.0008833083896188868
134.885,0.03068156,0.0008947689239502629
135.56,0.02972848,0.0009023671927465745
136.238,0.02826993333333333,0.0009112134892536313
136.919,0.026635126666666658,0.0009189944512998978
137.603,0.026559913333333327,0.0009338660996914327
138.291,0.02729041333333332,0.0009508037089781817
138.983,0.027725839999999988,0.0009667183550305067
139.678,0.028501586666666655,0.0009819067255577565
140.376,0.028473279999999997,0.0009940638764584272
141.078,0.029540173333333333,0.0010092660400671811
141.783,0.030987973333333335,0.0010245416163692153
142.492,0.03243128666666666,0.0010393488927413483
143.205,0.03299324666666666,0.0010501589932348338
143.921,0.03177343333333333,0.0010557308406592616
144.64,0.031061699999999998,0.0010622178651193298
145.364,0.03004033333333333,0.0010670875612846607
146.09,0.02893133333333333,0.0010700581012950238
146.821,0.027974466666666663,0.0010727451065529656
147.555,0.027858599999999994,0.001076856666142301
148.293,0.0290554,0.0010839027685448134
149.034,0.02996153333333334,0.0010886645186053518
149.779,0.030432866666666673,0.0010910332665454746
150.528,0.0318586,0.0010944626371735533
151.281,0.032621599999999994,0.0010945602963952643
152.037,0.033082266666666665,0.001093012714498784
152.797,0.03481606666666666,0.0010956765468772658
153.561,0.03584186666666666,0.0010958177964446867
154.329,0.037248599999999986,0.0010967766267379454
155.101,0.03598019999999999,0.0010892915008560993
155.876,0.03634139999999999,0.0010863165034838299
156.656,0.03520093333333332,0.0010789164968228284
157.439,0.034912333333333316,0.0010735667300524711
158.226,0.033422866666666655,0.0010652151461553044
159.017,0.032720333333333324,0.0010591351608924455
159.812,0.030901933333333326,0.0010502109045693842
160.612,0.029268399999999993,0.0010424154006536933
161.415,0.029509086666666663,0.0010410911674686963
162.222,0.03007157333333333,0.0010412545754320708
163.033,0.030377793333333326,0.0010402520494551095
163.848,0.02913315999999999,0.001034715226999412
164.667,0.028475059999999986,0.0010300732532822876
165.491,0.028706499999999982,0.0010281742495221538
166.318,0.029220653333333315,0.0010255313992861349
167.15,0.02925473999999998,0.0010211361656592784
167.985,0.029906686666666654,0.001018333015254724
168.825,0.030258726666666652,0.00101581891911261
169.669,0.030764053333333326,0.0010133451325240687
170.518,0.030826826666666654,0.001009114171552236
171.37,0.03059126666666666,0.0010036761070312142
172.227,0.029540273333333325,0.0009956957055350239
173.088,0.028016386666666664,0.0009860187169760577
173.954,0.027682733333333327,0.0009810051107815676
174.823,0.026671786666666662,0.000974416222086503
175.698,0.02535363999999999,0.0009657322661352197
176.576,0.02369436666666666,0.0009536222156649758
177.459,0.02265799999999999,0.0009425690494590951
178.346,0.02348211333333332,0.0009389367653993887
179.238,0.023052199999999985,0.0009313845152746169
180.134,0.024656133333333316,0.0009333945215861893
181.035,0.024151819999999984,0.0009286663740863382
181.94,0.02538530666666665,0.0009316808566382709
182.85,0.025891613333333327,0.0009308070233631794
183.764,0.02846907333333333,0.0009370013801571716
184.683,0.030411153333333336,0.0009401271769892506
185.606,0.03403334,0.0009507581182548775
186.534,0.03688683333333333,0.0009583880827129593
187.467,0.039470679999999994,0.0009663468246748219
188.404,0.04010935333333332,0.0009676870418890603
189.346,0.039721293333333324,0.0009662785827996671
190.293,0.04011276,0.0009671153490391468
191.244,0.03959696,0.0009643066017431039
192.201,0.03707192666666667,0.0009538515359796129
193.162,0.03275476666666667,0.0009356392171290053
194.128,0.028145059999999996,0.0009137171018972751
195.098,0.02562121333333333,0.0008974175120612603
196.074,0.024532539999999995,0.0008853497432352182
197.054,0.02483393333333333,0.0008790283533194796
198.039,0.025562573333333328,0.0008761531183808253
199.029,0.02572952666666666,0.0008741995138670196
200.025,0.025381899999999985,0.0008720423907654949
201.025,0.026477346666666658,0.0008755686582231382
202.03,0.028015519999999995,0.000880513303996658
203.04,0.030283319999999996,0.0008877793761990893
204.055,0.031294653333333325,0.0008898351924028778
205.075,0.03131059333333333,0.0008875354951214313
206.101,0.02968758666666666,0.0008794602681920567
207.131,0.02763890666666666,0.0008697570506531631
208.167,0.026575979999999992,0.0008632740394948628
209.208,0.025988826666666662,0.0008583032959280122
210.254,0.02569037333333333,0.0008548214306287731
211.305,0.024991439999999993,0.0008513737934402779
212.362,0.024632653333333327,0.0008492200062117132
213.424,0.024599013333333326,0.0008481867417701522
214.491,0.024138839999999995,0.0008447889631828506
215.563,0.024056819999999996,0.0008444701073272715
216.641,0.023967666666666665,0.0008458335294956751
217.724,0.024516746666666665,0.000851916313650323
218.813,0.02506130666666666,0.0008599849246595999
219.907,0.024830333333333333,0.0008677048607226871
221.006,0.025651339999999998,0.0008793638943584921
222.111,0.027083593333333336,0.0008924022612033705
223.222,0.03063687333333333,0.0009112960411718881
224.338,0.03288499333333333,0.0009235005003107589
225.46,0.03352951999999999,0.0009270018349621056
226.587,0.032278206666666656,0.0009211833010885751
227.72,0.030034186666666664,0.0009101777275746142
228.859,0.029486539999999995,0.0009053841772541766
230.003,0.03005436666666667,0.0009056226292186435
231.153,0.03141192666666666,0.0009109600212191287
232.309,0.030752439999999992,0.0009114258964457835
233.47,0.029908593333333316,0.0009117743214380288
234.638,0.029324599999999992,0.0009138752586076018
235.811,0.031520559999999996,0.0009261439959831061
236.99,0.03253552,0.0009353947074413738
238.175,0.03340066,0.0009435276110116405
239.366,0.03213107333333333,0.0009434125147251334
240.562,0.03136886,0.0009430403836461912
241.765,0.03044784,0.0009402596744169488
242.974,0.03048443333333333,0.0009383950697031135
244.189,0.030339599999999994,0.0009332081091058354
245.41,0.03186870666666666,0.0009327309176303504
246.637,0.03348271333333333,0.0009319186071686256
247.87,0.03512540666666666,0.0009312109789799994
249.109,0.03446398666666666,0.0009204816964123851
250.355,0.03050775333333333,0.0008967806611184253
251.607,0.026619426666666664,0.0008737159952262647
252.865,0.022690439999999996,0.0008508878911388191
254.129,0.021374393333333325,0.000838535928023229
255.4,0.019484373333333332,0.0008250329118922066
256.677,0.020254853333333333,0.0008231203819925463
257.96,0.020564573333333332,0.0008196738797429676
259.25,0.022109026666666663,0.0008217699694880828
260.546,0.021929053333333327,0.000817357219850252
261.849,0.021859159999999992,0.0008151196791661946
263.158,0.021486379999999992,0.0008133043126429097
264.474,0.02186952666666666,0.0008164159089551789
265.796,0.022809026666666662,0.0008231695180594469
267.125,0.023609513333333325,0.000831801895289711
268.461,0.023891779999999994,0.0008409596392859768
269.803,0.024433266666666658,0.0008541478532897895
271.152,0.023887899999999997,0.0008655910243190937
272.508,0.023009419999999996,0.0008777398225108243
273.871,0.023864313333333335,0.0008963828618323014
275.24,0.027566213333333332,0.0009237722876062766
276.616,0.03215154666666666,0.0009532370776471786
277.999,0.03349614666666666,0.0009699730508412191
279.389,0.03245649333333332,0.0009772171553563038
280.786,0.03147324666666665,0.0009848025509979145
282.19,0.032601506666666655,0.0009995718689652419
283.601,0.03350697333333332,0.0010126831950588826
285.019,0.034493813333333324,0.001023660769655434
286.444,0.033997659999999985,0.0010277925601907983
287.876,0.03451363333333332,0.0010329440001800678
289.316,0.03334713999999998,0.0010296409148772853
290.762,0.032242106666666645,0.0010237348636254519
292.216,0.03296123333333331,0.0010207586449325053
293.677,0.03402948666666666,0.0010171726955054278
295.146,0.03333433333333333,0.0010057125925728263
296.621,0.02925772,0.0009826479070072747
298.104,0.024272666666666658,0.0009557966595712476
299.595,0.02145585333333333,0.0009383077345157077
301.093,0.019976239999999985,0.0009255275083129619
302.598,0.019460666666666654,0.0009153623401213557
304.111,0.020056939999999985,0.0009079683432756158
305.632,0.020236439999999987,0.0008993189588698032
307.16,0.02132321999999999,0.0008943897789003033
308.696,0.020867553333333323,0.0008838031479775976
310.239,0.02104647333333333,0.000875283839769325
311.791,0.021113060000000003,0.000866288810292118
313.35,0.02289794666666667,0.000861416155841582
314.916,0.024721433333333334,0.0008547800190172387
316.491,0.027216599999999997,0.0008487033951156841
318.073,0.02937277333333333,0.0008409660585260792
319.664,0.03341827333333333,0.0008406644897656192
321.262,0.03725670666666666,0.0008413239257495692
322.868,0.03908078666666666,0.000834876734992125
324.483,0.035170926666666665,0.0008060725750520924
326.105,0.028452706666666668,0.0007647239289695771
327.736,0.022007166666666668,0.0007245361030872713
329.374,0.019807966666666666,0.0007043387197345701
331.021,0.020290499999999996,0.0006977495585660454
332.676,0.022450406666666665,0.0007008393590247499
334.34,0.023689886666666663,0.0007005489702927428
336.011,0.022594659999999996,0.000688808715420436
337.691,0.021314166666666662,0.0006762728993214598
339.38,0.02062136,0.0006676978653347335
341.077,0.023050246666666663,0.0006760710397481976
342.782,0.02651299333333333,0.0006898292501992036
344.496,0.03012586666666666,0.0007037224821201639
346.218,0.03248983333333333,0.0007124483574262925
347.95,0.0319595,0.0007071418245622993
349.689,0.030694499999999996,0.000698943331177657
351.438,0.029056319999999997,0.0006900896161127513
353.195,0.02745150666666666,0.0006824061379455101
354.961,0.026149893333333327,0.0006763974972377773
356.736,0.025406586666666658,0.0006724438937852849
358.519,0.024810073333333328,0.0006687792592740831
360.312,0.023807799999999997,0.0006614340238034664
362.114,0.022713786666666666,0.0006538020061059294
363.924,0.022867939999999996,0.0006532663782340826
365.744,0.023992446666666667,0.000659681266964521
367.572,0.024244119999999994,0.0006610653954025997
369.41,0.023534226666666665,0.0006570541139959242
371.257,0.021096106666666666,0.0006434939256352239
373.114,0.018375366666666667,0.0006282523544948054
374.979,0.016169839999999998,0.0006161673457158389
376.854,0.014912126666666668,0.0006091203009059432
378.738,0.015093193333333333,0.0006129328207851494
380.632,0.016036279999999997,0.000621566031417934
382.535,0.01744071333333333,0.0006345490275893161
384.448,0.019443753333333327,0.000649067214520715
386.37,0.022892833333333328,0.0006725633978781842
388.302,0.026941646666666662,0.0006970499039795039
390.244,0.031002133333333327,0.0007200916526824407
392.195,0.033977726666666666,0.000735309056901237
394.156,0.03577931999999999,0.0007451777535660424
396.127,0.03699801333333333,0.0007526885660861307
398.107,0.03773733333333333,0.0007589037522668633
400.098,0.038747199999999996,0.0007668673501528121
402.098,0.03861271333333333,0.0007690581965537011
404.109,0.03520434,0.0007538489452119849
406.129,0.030940133333333335,0.0007331250831184387
408.16,0.02708496666666667,0.0007143264633333573
410.201,0.025974033333333334,0.0007097541971241686
412.252,0.02399392666666667,0.0007003539635872959
414.313,0.021666480000000002,0.0006886813668160689
416.384,0.018843060000000002,0.0006748591952377226
418.466,0.01778942,0.0006714549551476936
420.559,0.017593606666666664,0.0006741223535598729
422.662,0.018474106666666667,0.000682544868494776
424.775,0.01883876,0.0006871840819851531
426.899,0.019133426666666665,0.0006907455086743436
429.033,0.017956939999999998,0.0006859903849828282
431.178,0.017074439999999996,0.000683002387983787
433.334,0.016181213333333333,0.0006797930394831782
435.501,0.016356886666666664,0.0006831759316993928
437.678,0.016375019999999997,0.0006864738067486625
439.867,0.016089599999999996,0.0006876830778041744
442.066,0.016145919999999994,0.0006920805808648457
444.276,0.016492719999999995,0.0006979009218000313
446.498,0.017046053333333328,0.0007056176594653321
448.73,0.018141026666666664,0.0007160783559065151
450.974,0.020203819999999997,0.0007323014300973791
453.229,0.02418755333333333,0.0007601190725625382
455.495,0.028226619999999994,0.0007874940618550014
457.773,0.030926646666666658,0.0008071480726808709
460.061,0.03172989333333333,0.0008154932677632054
462.362,0.03225132,0.0008229512543714576
464.673,0.03299451333333333,0.0008312038717517568
466.997,0.03204434666666666,0.0008312544360161
469.332,0.028847539999999998,0.0008180311303853634
471.679,0.02521352,0.0008029854364180932
474.037,0.02261093333333333,0.0007925815459028665
476.407,0.020668326666666664,0.0007848837036920396
478.789,0.019512099999999998,0.0007802069313321094
481.183,0.018227466666666664,0.0007728062791417322
483.589,0.017211446666666665,0.0007649366389934965
486.007,0.016481879999999997,0.0007565018536550691
488.437,0.0165316,0.0007533054200300611
490.879,0.016171579999999998,0.0007474747665472655
493.334,0.015233353333333335,0.0007401326343562425
495.8,0.0143093,0.0007323171244302415
498.279,0.0139337,0.000729170596448077
500.771,0.01384547333333333,0.0007251409919947369
503.274,0.013976073333333328,0.0007229984871817583
505.791,0.014697299999999993,0.0007251249842708344
508.32,0.015050966666666662,0.0007270835833770727
510.861,0.015323786666666662,0.0007288355882712279
513.416,0.01565869333333333,0.0007325661830633462
515.983,0.01567111333333333,0.000734444736056355
518.563,0.016652366666666665,0.0007440034088691322
521.155,0.017949553333333333,0.0007549385267898015
523.761,0.01954773333333333,0.000767602493168321
526.38,0.020208079999999996,0.0007739636718833198
529.012,0.019494699999999997,0.0007719654167564761
531.657,0.019772666666666668,0.0007776226837209248
534.315,0.020420466666666668,0.0007860909578419591
536.987,0.023660793333333333,0.0008125334930568161
539.672,0.027752106666666658,0.0008444276778555073
542.37,0.03109900666666666,0.0008694857458247631
545.082,0.029854733333333328,0.0008656357845686475
547.807,0.025621439999999995,0.0008421667255320252
550.546,0.02243869333333333,0.0008256687191921736
553.299,0.022281233333333327,0.000827137055870294
556.066,0.023029413333333325,0.0008349560345064085
558.846,0.021775399999999997,0.0008301228086796689
561.64,0.02038151333333333,0.0008254881629969021
564.448,0.019490133333333333,0.0008270238115599278
567.271,0.019439386666666666,0.0008364926713207554
570.107,0.019102373333333332,0.0008455827488569315
572.958,0.019334366666666665,0.0008564519337076398
575.822,0.019903259999999996,0.0008679266394290859
578.702,0.022159459999999995,0.0008857641685991944
581.595,0.023381919999999997,0.0008936801554468777
584.503,0.024628226666666662,0.0009007366316084482
587.426,0.023840899999999998,0.0008966811149745488
590.363,0.024889326666666663,0.0009058412228668383
593.314,0.027433626666666662,0.0009247836494645053
596.281,0.033717159999999996,0.0009661662690719669
599.262,0.04190055333333333,0.001017736560666528
602.259,0.049565380000000006,0.0010627441266940348
605.27,0.05088142666666666,0.0010731087619286312
608.296,0.04657128,0.0010509639292010824
611.338,0.0381665,0.0010050153397091342
614.395,0.03024455333333333,0.0009582853854358835
617.467,0.022813093333333333,0.0009114032796008094
620.554,0.019671986666666662,0.0008907132186452231
623.657,0.019231406666666662,0.0008879823643569104
626.775,0.01944008666666666,0.0008910551007127572
629.909,0.019110386666666663,0.0008897490113579471
633.058,0.01908471333333333,0.0008914038930870039
636.224,0.02287597333333333,0.0009188967567120912
639.405,0.025573319999999997,0.0009405435606704597
642.602,0.028793873333333327,0.0009641281380929957
645.815,0.029408446666666657,0.0009710827035139695
649.044,0.02899247999999999,0.0009700063807164708
652.289,0.026784679999999998,0.0009567926537912426
655.551,0.023997973333333332,0.0009370571696091973
658.828,0.023586286666666664,0.000935082619756731
662.122,0.02489122,0.0009452717974847235
665.433,0.02786660666666667,0.0009689031828488678
668.76,0.029525946666666667,0.0009813282307611908
672.104,0.02875176,0.0009775185252889642
675.464,0.026452906666666665,0.0009633932494026864
678.842,0.024922286666666665,0.0009551996586147724
682.236,0.025811506666666664,0.000964492654373733
685.647,0.026773226666666664,0.0009752435848265464
689.075,0.02738930666666666,0.000982877250791776
692.521,0.027326199999999995,0.0009842710642051589
695.983,0.027794886666666664,0.000987742376270925
699.463,0.02911838,0.0009973654458622476
702.961,0.030310879999999995,0.001007578417525681
706.475,0.030196279999999995,0.0010092904626939109
710.008,0.02990117333333333,0.0010140083982119893
713.558,0.030108039999999996,0.0010218096751728712
717.126,0.030428286666666665,0.0010308125455007703
720.711,0.03120604,0.0010411748193028018
724.315,0.03158866,0.001050319439159133
727.936,0.0336639,0.0010679450057035293
731.576,0.034191686666666665,0.0010745820084988086
735.234,0.032330420000000006,0.001062916566065695
738.91,0.029157100000000002,0.001043517344529655
742.605,0.025383226666666665,0.001019142066501907
746.318,0.024267526666666664,0.0010136218124637128
750.049,0.023563566666666664,0.0010109468459944975
753.8,0.02336485333333333,0.0010121738681779047
757.569,0.022513846666666663,0.001009205998241742
761.356,0.02218244666666666,0.0010107107666088805
765.163,0.024260166666666663,0.0010309835815959653
768.989,0.02647151333333333,0.0010526384970250286
772.834,0.02879698,0.0010747374412218085
776.698,0.030956979999999995,0.001095029881284017
780.582,0.035641873333333324,0.0011324243972467016
784.485,0.04014706,0.0011687902428480863
788.407,0.040664306666666664,0.0011766707169322173
792.349,0.036243726666666656,0.001149089522689643
796.311,0.030492419999999996,0.00111166900472038
800.292,0.027679939999999993,0.0010964242237147283
804.294,0.029280599999999993,0.0011142434361999475
808.315,0.03184815999999999,0.0011369805206688656
812.357,0.03298676,0.0011507135731831791
816.419,0.03318243333333333,0.0011609770568627865
820.501,0.03298958,0.0011680136749579984
824.603,0.03269643333333333,0.0011721424703917183
828.726,0.031829859999999995,0.0011706822244573652
832.87,0.031904993333333326,0.0011737225817448423
837.034,0.03235043333333333,0.0011768557382891075
841.219,0.03264376,0.0011788068777552627
845.425,0.03362686666666667,0.001190678446614926
849.653,0.03362446666666667,0.0011952205417839095
853.901,0.032312060000000004,0.0011909357574548026
858.17,0.02860304666666667,0.0011658478990600218
862.461,0.02716044,0.0011607129272113565
866.773,0.028636840000000004,0.00117769948322142
871.107,0.03219880666666666,0.001210648181058211
875.463,0.03319826666666667,0.001220031618686809
879.84,0.03102246,0.0012033048723108831
884.239,0.029512099999999996,0.001189974482164872
888.661,0.03056616666666666,0.0011985409341906796
893.104,0.033061919999999995,0.0012171056737780277
897.569,0.03264771999999999,0.0012164265117623103
902.057,0.031107173333333328,0.0012087080244005258
906.568,0.03047567999999999,0.0012134946943014532
911.1,0.030704386666666663,0.0012256450182472174
915.656,0.031651059999999995,0.00124535801750804
920.234,0.031616559999999995,0.001254102281283132
924.835,0.03073052666666666,0.0012528144254927251
929.46,0.030717493333333328,0.0012582754405123088
934.107,0.033185059999999995,0.001283075345518294
938.777,0.038729639999999996,0.001330778158067427
943.471,0.04043386,0.0013442195316871917
948.189,0.03715273333333333,0.0013183015351624057
952.93,0.03202115999999999,0.0012779223216050513
957.694,0.02880945333333333,0.001254862964209771
962.483,0.02726892666666666,0.0012486125604262606
967.295,0.026506499999999995,0.0012481540540659768
972.132,0.026392379999999997,0.0012525428151213037
976.992,0.026087786666666665,0.0012558813335773408
981.877,0.024287199999999995,0.0012454961773941964
986.787,0.02220311333333333,0.0012307465867511295
991.72,0.022818886666666663,0.0012401493075427114
996.679,0.02425281333333333,0.001258117795877989
1001.66,0.025500706666666664,0.0012727931713066695
1006.67,0.024984966666666664,0.0012688132373139518
1011.7,0.024576346666666665,0.0012704733249798413
1016.76,0.02487466,0.0012790908388844876
1021.85,0.024721546666666663,0.0012838839520811667
1026.96,0.026082586666666664,0.0012993714467197848
1032.09,0.026664966666666665,0.0013110983724467227
1037.25,0.0274962,0.0013219814768196346
1042.44,0.02665267333333333,0.0013176925389648206
1047.65,0.026359099999999996,0.0013166064630183835
1052.89,0.02676491333333333,0.0013262535947001655
1058.15,0.026738246666666663,0.0013299160099261072
1063.44,0.026266493333333328,0.0013269975320913162
1068.76,0.026141826666666663,0.0013275250553407018
1074.1,0.028014679999999997,0.0013484411522668189
1079.47,0.03059074,0.0013784263479443184
1084.87,0.03313928,0.001408355612866138
1090.3,0.03740457333333333,0.00145776893499713
1095.75,0.042447133333333324,0.0015116228691038573
1101.23,0.04469313999999999,0.0015377220566069655
1106.73,0.04080172666666666,0.001507064414752365
1112.27,0.03436138666666666,0.001453041818601393
1117.83,0.03037288,0.0014210944451749543
1123.42,0.03145763333333333,0.0014371938593079378
1129.03,0.037152160000000004,0.0015025009235645895
1134.68,0.043558780000000005,0.0015715489276447402
1140.35,0.045033573333333334,0.001596718444270136
1146.05,0.04009886,0.0015603165352491783
1151.78,0.03100351333333333,0.0014844980304834809
1157.54,0.02440176666666666,0.0014246903433156584
1163.33,0.02231825333333333,0.001411573715542259
1169.15,0.024376093333333328,0.0014380066755661771
1174.99,0.027515866666666663,0.001478612245771765
1180.87,0.028473466666666662,0.0014929147705521869
1186.77,0.028845826666666664,0.0015023639905164274
1192.71,0.02918432,0.001509381008734964
1198.67,0.03058196,0.0015271909896885122
1204.66,0.03175242666666667,0.0015459025340380725
1210.69,0.033842819999999996,0.0015804349836655027
1216.74,0.03312627333333333,0.0015859068405677413
1222.82,0.032512013333333326,0.0015912335846268594
1228.94,0.03150260666666666,0.0015904663416246474
1235.08,0.03477653333333333,0.0016339035374118972
1241.26,0.0368217,0.0016592171369916194
1247.46,0.04108154666666667,0.0017036612154174835
1253.7,0.04431586,0.0017398635734374882
1259.97,0.045744759999999995,0.0017626618672317415
1266.27,0.04139813999999999,0.0017280972274534914
1272.6,0.03604377999999999,0.0016849856269115966
1278.96,0.031539153333333333,0.001649903792777964
1285.36,0.029275179999999998,0.001639637001493115
1291.79,0.02892343333333333,0.0016492176655531082
1298.24,0.02921203333333333,0.001660861383032177
1304.74,0.030167026666666662,0.0016782864653150115
1311.26,0.030051126666666664,0.0016765470119120167
1317.82,0.03491221333333333,0.0017315877331680954
1324.41,0.039852446666666666,0.001787004230806905
1331.03,0.044195960000000006,0.0018424206335008785
1337.68,0.04406618,0.0018555683672507942
1344.37,0.04133042,0.0018474979313930983
1351.09,0.03795616666666666,0.0018362484643050531
1357.85,0.03513670666666666,0.0018288795948620202
1364.64,0.03515062666666666,0.0018491073666790326
1371.46,0.03536621999999999,0.0018628570054700627
1378.32,0.03443301333333333,0.0018602937956886747
1385.21,0.033217619999999996,0.0018432967888189417
1392.14,0.03211181333333332,0.001824057181294977
1399.1,0.034161113333333326,0.0018391130604231787
1406.09,0.034550359999999995,0.0018475986972259727
1413.12,0.03731274,0.0018925686067282562
1420.19,0.035953,0.0018994882351314173
1427.29,0.03885277333333333,0.0019560584306482823
1434.43,0.03821329333333333,0.00196595861180556
1441.6,0.037918766666666666,0.001969643620205104
1448.81,0.03757123999999999,0.0019623212782661254
1456.05,0.03900681333333332,0.00197224160134638
1463.33,0.041599259999999985,0.0019945932091666656
1470.65,0.04171336666666666,0.0020003978405113984
1478.0,0.038897459999999995,0.0019783545961152217
1485.39,0.035489019999999996,0.0019557855578929573
1492.82,0.03071574666666666,0.0019137392303926887
1500.28,0.028698686666666664,0.001905552386725114
1507.78,0.028491419999999996,0.0019110999371555637
1515.32,0.02875572666666666,0.0019190964318735466
1522.9,0.030204519999999995,0.0019392735553280425
1530.51,0.03142249999999999,0.001965988190060945
1538.16,0.03138765999999999,0.0019746295850969118
1545.86,0.030274446666666656,0.001971575283726527
1553.58,0.02724785333333332,0.0019425752667175259
1561.35,0.026785279999999988,0.0019458152383815318
1569.16,0.025403246666666657,0.001929469511743117
1577.0,0.027833219999999992,0.0019604437436860508
1584.89,0.029920706666666665,0.001984375183897664
1592.81,0.03372902,0.002026774877238439
1600.78,0.03527983333333333,0.002039179238972277
1608.78,0.035301799999999994,0.002039068280843756
1616.83,0.03468324,0.0020341044441252822
1624.91,0.03356689333333333,0.0020310305602744853
1633.03,0.032705653333333334,0.0020315323355282557
1641.2,0.030415273333333333,0.0020189913009336564
1649.41,0.028101426666666665,0.0019986774537676436
1657.65,0.028178426666666662,0.0020100541227710484
1665.94,0.027766719999999995,0.0020130441133507236
1674.27,0.02723915333333333,0.002012003459354989
1682.64,0.02580278666666666,0.0019983330324739278
1691.06,0.025806366666666664,0.0020018381459886085
1699.51,0.0263827,0.0020173225457336594
1708.01,0.02678390666666667,0.002023281099924905
1716.55,0.02571168,0.0020148217923495536
1725.13,0.024982486666666665,0.002000370110424902
1733.76,0.023624786666666658,0.0019827388318487357
1742.43,0.02371866666666666,0.001978997694221216
1751.14,0.024694606666666657,0.0019941469174636502
1759.89,0.027006473333333326,0.0020225028388938734
1768.69,0.028719039999999994,0.0020506923370065375
1777.54,0.030073993333333326,0.002076597610161284
1786.42,0.029062599999999994,0.002077658656451108
1795.36,0.028437526666666664,0.002088948558251894
1804.33,0.0268585,0.0021006960393295045
1813.35,0.026245433333333335,0.00212713110904168
1822.42,0.025640120000000002,0.0021386170532950595
1831.53,0.025965413333333333,0.002147911342287148
1840.69,0.025254086666666665,0.0021374094776654804
1849.89,0.0244158,0.002129812503954802
1859.14,0.023707866666666667,0.0021195584867765896
1868.44,0.02395364,0.0021236821867347917
1877.78,0.024856539999999996,0.0021369404494353344
1887.17,0.025678259999999994,0.002149369140959479
1896.61,0.026032586666666663,0.0021482857117510645
1906.09,0.026564066666666664,0.002152250820042951
1915.62,0.025607986666666666,0.0021431688719205804
1925.2,0.025244179999999995,0.002151893980506784
1934.82,0.025410639999999998,0.0021735391838079306
1944.5,0.026275633333333333,0.002197344166959438
1954.22,0.02597552,0.0022042395527624085
1963.99,0.025944560000000002,0.002213199768026275
1973.81,0.023132766666666665,0.0021768744081806833
1983.68,0.022324419999999998,0.0021681085198754337
1993.6,0.022039599999999993,0.0021665300891072596
2003.57,0.02487859333333333,0.0022110861073785034
2013.59,0.02459275333333333,0.002202847977844842
2023.65,0.02342386666666666,0.0021871297895598237
2033.77,0.022859586666666664,0.0021924037931946344
2043.94,0.02359641333333333,0.0022205503774240794
2054.16,0.022070573333333333,0.00220789885251295
2064.43,0.020038026666666663,0.0021795521972050435
2074.75,0.02188431333333333,0.002209023050840046
2085.13,0.023945386666666662,0.0022368723009693688
2095.55,0.026652859999999994,0.002288828628310123
2106.03,0.025924373333333327,0.0023015800096084717
2116.56,0.02555231333333333,0.0023264280544994767
2127.14,0.02414908666666666,0.0023255554927346807
2137.78,0.020653159999999997,0.0022738549199716133
2148.47,0.019525086666666663,0.0022558889648244857
2159.21,0.019623613333333328,0.00225723477029297
2170.01,0.021689219999999995,0.0022907191316726525
2180.86,0.022183033333333328,0.002296124743462922
2191.76,0.022242139999999997,0.002300135959831844
2202.72,0.02217605333333333,0.002309988179801889
2213.73,0.02259936,0.002334260221117698
2224.8,0.020873406666666663,0.00233217806714839
2235.93,0.018023053333333327,0.002314522795851735
2247.11,0.016806179999999993,0.002316884038014179
2258.34,0.01807415333333333,0.0023454372428082576
2269.63,0.020192793333333327,0.0023900403659646513
2280.98,0.01906452666666666,0.002379548910136821
2292.39,0.01809407999999999,0.002381262381389334
2303.85,0.018998053333333327,0.00240805256133988
2315.37,0.021621519999999995,0.002460478968898355
2326.94,0.02356678666666666,0.0024808231338963108
2338.58,0.02367444666666666,0.0024622239948418807
2350.27,0.025090993333333325,0.0024600656546439298
2362.02,0.024712219999999993,0.002438761776454054
2373.83,0.025562286666666663,0.0024539521889125897
2385.7,0.02570573333333333,0.0024704212301385185
2397.63,0.028302546666666664,0.002525732808823082
2409.62,0.02995597333333333,0.002563968796141811
2421.67,0.02993759333333333,0.00256928133690969
2433.77,0.030184573333333332,0.0025707100899728073
2445.94,0.029060366666666664,0.0025329859576016427
2458.17,0.02864213333333333,0.0025172325002057318
2470.46,0.026931659999999996,0.002491713437413433
2482.82,0.02774244,0.0025222496009026014
2495.23,0.028352706666666665,0.002557961942118156
2507.71,0.027824286666666663,0.0025823461592859053
2520.25,0.02815267333333333,0.002617847685372852
2532.85,0.028984606666666666,0.0026461691283191503
2545.51,0.029247826666666667,0.0026582902788348755
2558.24,0.027434120000000003,0.002630610188333582
2571.03,0.02616350666666667,0.002611370158468879
2583.88,0.02390312666666667,0.002575861408780803
2596.8,0.024166373333333335,0.002590286687203647
2609.79,0.02602141333333333,0.002638880915635683
2622.84,0.027359839999999996,0.0026827765777178605
2635.95,0.026952133333333326,0.00269669795201811
2649.13,0.02401552666666666,0.002649765495390531
2662.38,0.02541333333333333,0.002670677417130301
2675.69,0.024595906666666664,0.002638137427064363
2689.07,0.02375261333333333,0.0026027306130810644
2702.51,0.022822626666666665,0.0025688533992803526
2716.02,0.025868466666666666,0.002626418349270267
2729.61,0.02783560666666667,0.0026745236852131673
2743.25,0.027479866666666665,0.0026748666640836923
2756.97,0.028622886666666663,0.0026960745309272637
2770.75,0.030606046666666664,0.0027263069604957463
2784.61,0.03242491333333333,0.0027495361126428416
2798.53,0.03040494,0.0027036348154914213
2812.52,0.02942077333333333,0.0026916638692801973
2826.59,0.028786213333333328,0.002699976779310848
2840.72,0.029559533333333325,0.0027429496825425808
2854.92,0.03044797333333333,0.0027829081274569193
2869.2,0.03216016,0.002823458171849707
2883.54,0.03132185333333333,0.0028132614416951883
2897.96,0.030892219999999998,0.0028211314093647684
2912.45,0.02974768,0.002819845516949466
2927.01,0.029973219999999995,0.0028590632833827858
2941.65,0.030830913333333328,0.0029046137688961905
2956.36,0.03127160666666666,0.002946553310678012
2971.14,0.0314238,0.0029577766183863327
2985.99,0.029823619999999995,0.0029267980012973606
3000.92,0.03082100666666666,0.0029278926315885745
3015.93,0.032360413333333324,0.0029402621507729544
3031.01,0.0359604,0.002980437843597108
3046.16,0.039266119999999995,0.0030262851965813724
3061.39,0.042613973333333326,0.0030947997965846586
3076.7,0.04151004666666666,0.003101463686377342
3092.08,0.03802614666666666,0.003074977066146239
3107.54,0.032763099999999996,0.0030144614989144874
3123.08,0.02847295333333333,0.0029764685426186214
3138.7,0.02778555333333333,0.0029935143708332743
3154.39,0.027861759999999996,0.003015047673741753
3170.16,0.02958868,0.0030693295805681517
3186.01,0.02922386,0.003088026047203402
3201.94,0.027963093333333335,0.0030784626563781984
3217.95,0.026343513333333332,0.0030541490383689893
3234.04,0.025843706666666667,0.0030533538995106495
3250.21,0.026414319999999998,0.003062874463522932
3266.47,0.027718146666666665,0.0030796760996632242
3282.8,0.02694625333333333,0.003059969429607354
3299.21,0.028893299999999997,0.0031045433122601322
3315.71,0.02981954666666666,0.0031205733400694884
3332.29,0.029433746666666663,0.0031051881601717253
3348.95,0.026904179999999993,0.0030498412420897508
3365.69,0.024846539999999997,0.003006877617249421
3382.52,0.02526502,0.003014944727943265
3399.43,0.026966766666666662,0.0030602055411518433
3416.43,0.02901748,0.0031131986542653448
3433.51,0.030745799999999997,0.003150911446708361
3450.68,0.03026066,0.00313607280169358
3467.93,0.030587126666666666,0.003140060538414082
3485.27,0.02946733333333333,0.0031233792413289953
3502.7,0.02962852,0.0031489809502511196
3520.21,0.027897053333333335,0.003147892996398208
3537.81,0.027141493333333332,0.0031715498962500963
3555.5,0.023470059999999997,0.0031156290414950092
3573.28,0.020948473333333332,0.00306378629889597
3591.15,0.02018675333333333,0.0030351924907726473
3609.1,0.023667253333333332,0.0031028931978276876
3627.15,0.02571817333333333,0.003153834097447176
3645.28,0.024982726666666663,0.003155363437179235
3663.51,0.023943979999999997,0.003155405710209703
3681.83,0.022896279999999998,0.0031506264057980598
3700.24,0.025742059999999994,0.0032207725784294534
3718.74,0.026677299999999994,0.00324155635392699
3737.33,0.02842948666666666,0.003277677249739991
3756.02,0.028094473333333328,0.0032715501041851365
3774.8,0.030271059999999995,0.003319622409521635
3793.67,0.031184693333333333,0.0033434701311377407
3812.64,0.031709879999999996,0.003351480831708276
3831.7,0.030184826666666664,0.0033240698612326293
3850.86,0.02874857333333333,0.0033047945296938237
3870.12,0.02443197333333333,0.00324590070199533
3889.47,0.02090607333333333,0.003216910226939301
3908.92,0.018079219999999993,0.0031948703781929347
3928.46,0.019943379999999997,0.003260980731808761
3948.1,0.023359919999999996,0.0033309261009794593
3967.84,0.02801562666666666,0.0034134771339218834
3987.68,0.02960641333333333,0.003413173551559441
4007.62,0.03006861333333333,0.003407032783019657
4027.66,0.02700013333333333,0.003344722933472235
4047.8,0.025671219999999998,0.0033648063903943515
4068.04,0.022231373333333332,0.0033320946386852022
4088.38,0.020827506666666662,0.003352861308807416
4108.82,0.01968119333333333,0.003362414416964955
4129.36,0.019814613333333328,0.0033807601017774424
4150.01,0.02011726666666666,0.0033622410689120234
4170.76,0.020753979999999998,0.0033605352281516113
4191.61,0.02294317333333333,0.0034180404256642597
4212.57,0.02316314666666667,0.0034276199276487922
4233.63,0.02441504666666667,0.0034418079988659707
4254.8,0.022785633333333333,0.0033798204434401543
4276.08,0.02638718666666666,0.0034579230067748926
4297.46,0.02825486666666666,0.0034819917025705593
4318.94,0.030025146666666662,0.0035019450742875893
4340.54,0.026450466666666665,0.0034159382872104437
4362.24,0.022843813333333327,0.0033763824221276304
4384.05,0.019260359999999997,0.003358678766191055
4405.97,0.021459346666666664,0.0034829931470893127
4428.0,0.023607526666666663,0.0035827223400084402
4450.14,0.024275139999999997,0.0036220664451688655
4472.39,0.020930906666666662,0.0035451846594288677
4494.75,0.01775614,0.003460749804230933
4517.23,0.018469766666666665,0.0034819104158232833
4539.81,0.019938459999999998,0.0035498558540880375
4562.51,0.02063726666666666,0.0036303988121285575
4585.33,0.022152479999999995,0.0037247721977053997
4608.25,0.023619053333333334,0.0037793338534915263
4631.29,0.025214013333333334,0.003791571679982795
4654.45,0.028235879999999998,0.0038021754450231365
4677.72,0.03193918666666666,0.0038215316138958387
4701.11,0.03547514666666666,0.0038511352428049345
4724.62,0.036480559999999995,0.0038715105067619274
4748.24,0.03496882,0.0038579825403336275
4771.98,0.0353749,0.003915806072347812
4795.84,0.034127566666666664,0.003923894567879723
4819.82,0.03435827333333333,0.003966479351459399
4843.92,0.03323135333333333,0.003954406372755615
4868.14,0.030784813333333327,0.003911459428165286
4892.48,0.02808387999999999,0.0038671081246289918
4916.94,0.02670048666666666,0.003852758602138127
4941.53,0.02938851333333333,0.003934747039203467
4966.23,0.030848486666666668,0.0039659886005497065
4991.07,0.03139988,0.003974041120385087
5016.02,0.03005244,0.003935305805272402
5041.1,0.02868534,0.003908323894323499
5066.31,0.027846713333333332,0.0039066277134445935
5091.64,0.02586394666666666,0.0038882724997334685
5117.1,0.02334434666666666,0.00385363665669225
5142.68,0.019229993333333327,0.003763720751588188
5168.4,0.017486673333333327,0.003728468032717638
5194.24,0.020812406666666665,0.0038213071059523887
5220.21,0.02394735333333333,0.0038909885067949274
5246.31,0.02477514,0.003903819080895812
5272.54,0.023353566666666666,0.0038668557486452875
5298.9,0.021819453333333332,0.003827200874996474
5325.4,0.02007266,0.0037819517017752147
5352.03,0.0207556,0.0038098476674186797
5378.79,0.02359304,0.003920690430022016
5405.68,0.028065326666666668,0.004076384324297153
5432.71,0.029384093333333333,0.004143375188065884
5459.87,0.028062399999999998,0.004138084161669074
5487.17,0.026899093333333332,0.0041429226872845325
5514.61,0.02692746,0.004177854215967543
5542.18,0.028140526666666665,0.0042365008029769625
5569.89,0.027321073333333327,0.00422656788645187
5597.74,0.02522396666666666,0.004181341971706532
5625.73,0.02547164666666666,0.004181116699780042
5653.86,0.02750935333333333,0.004214168456547402
5682.13,0.0298797,0.004254393146760495
5710.54,0.030725946666666663,0.004273490235300207
5739.09,0.031124753333333328,0.00430277006913629
5767.79,0.03006394666666666,0.004324324018902993
5796.62,0.026000473333333326,0.004294753691773254
5825.61,0.02459078666666666,0.004318433670776528
5854.74,0.02499423333333333,0.004339699224350615
5884.01,0.029127833333333332,0.004409402020483603
5913.43,0.03157135999999999,0.0044197622918774465
5943.0,0.032009039999999996,0.004401987205783568
5972.71,0.03068162666666666,0.00438812993479632
6002.57,0.02808197333333333,0.004381373084929781
6032.59,0.026415513333333328,0.004401981900937299
6062.75,0.02405055333333333,0.004395716823604795
6093.06,0.02223795333333333,0.004389446373483563
6123.53,0.023236893333333328,0.004450080744531672
6154.15,0.027349406666666663,0.0045660179975256345
6184.92,0.026673406666666663,0.004526687025946803
6215.84,0.02275837333333333,0.0043760496909735075
6246.92,0.01858642,0.0042114793124851295
6278.16,0.01980838,0.004216406354876784
6309.55,0.022411039999999997,0.004298362792612916
6341.09,0.02354274,0.004368006531370574
6372.8,0.02431716666666666,0.004440535675766457
6404.66,0.025232979999999995,0.004498040228574168
6436.69,0.024979826666666666,0.0045036848176329275
6468.87,0.021437426666666665,0.0044067981210784875
6501.22,0.018276333333333335,0.0043225822786987465
6533.72,0.01560704666666667,0.004280045938660627
6566.39,0.01684566666666667,0.004347682911093065
6599.22,0.017381300000000002,0.004398603489004764
6632.22,0.018506646666666664,0.004438095917205085
6665.38,0.020033413333333326,0.004488108954163658
6698.71,0.02316025333333333,0.004561746290033383
6732.2,0.02539341333333333,0.004617628837039538
6765.86,0.025915859999999995,0.004641824594821548
6799.69,0.02538064666666666,0.00465229163473797
6833.69,0.023790686666666658,0.004637269627651311
6867.86,0.022268873333333328,0.004603541502746433
6902.2,0.02253018666666666,0.004618966454100936
6936.71,0.02162467333333333,0.004555722688288507
6971.39,0.022636766666666662,0.004537747613364733
7006.25,0.02358625333333333,0.004521749558848802
7041.28,0.02741155333333333,0.004614059651991219
7076.49,0.030245453333333335,0.004685214906427238
7111.87,0.030091453333333334,0.004678914342720637
7147.43,0.02962921333333333,0.004678855072291796
7183.16,0.02876816666666666,0.004670557466896216
7219.08,0.026638959999999996,0.004636528169115383
7255.18,0.025360926666666665,0.004642191351713015
7291.45,0.025906306666666667,0.0047158825412862955
7327.91,0.03252226666666667,0.004971003377780206
7364.55,0.03533768666666666,0.005100554289251752
7401.37,0.03358261333333333,0.005078978719292864
7438.38,0.026100419999999992,0.0048577050421951765
7475.57,0.02181366666666666,0.004734056627308784
7512.95,0.020973693333333324,0.004747848461084616
7550.51,0.023201906666666657,0.004865742041997796
7588.26,0.025995566666666657,0.004991784097084684
7626.21,0.02682507333333332,0.005056864190048875
7664.34,0.026059273333333327,0.005082165939549702
7702.66,0.02430592666666666,0.005062660181219839
7741.17,0.024063399999999995,0.005080646334745348
7779.88,0.024498106666666658,0.005110811581659284
7818.78,0.023861953333333328,0.005130569502638994
7857.87,0.023771306666666665,0.0051590435324938115
7897.16,0.02535302,0.0052454303772406195
7936.65,0.029080746666666664,0.00541604304233512
7976.33,0.02961530666666666,0.005520860361153343
8016.21,0.02541991999999999,0.005730219409290984
8050.87,0.020502999999999993,0.005869265208404806
