energy_cm-1,intensity_per_mg,uncertainty_per_mg
-20.1034,3.8832240963855426e-05,1.6043585328696084e-05
-19.9824,3.059975903614455e-06,1.113611148261344e-05
-19.8614,2.2788506024096387e-05,1.3931222473582224e-05
-19.7404,8.363493975903614e-06,1.2376860613823546e-05
-19.6194,2.424115662650602e-05,1.4904934775089733e-05
-19.4985,1.945889156626506e-05,1.5006311004341045e-05
-19.3775,1.876826506024097e-05,1.508387256468092e-05
-19.2565,2.072216867469879e-05,1.5957907342311992e-05
-19.1355,-3.25356626506024e-06,1.2692304985635596e-05
-19.0145,1.7715060240963855e-05,1.507229003431392e-05
-18.8935,2.1436409638554217e-05,1.5138103563044414e-05
-18.7726,4.650433734939759e-05,1.7750893465696167e-05
-18.6516,1.1545855421686741e-05,1.3199299091791837e-05
-18.5306,5.413216867469879e-05,1.7940026411573823e-05
-18.4096,2.4515614457831328e-05,1.5337612560707103e-05
-18.2886,5.27623373493976e-05,1.9081059283219656e-05
-18.1676,3.427310843373494e-05,1.780816146906085e-05
-18.0467,1.4194867469879515e-05,1.604660101084471e-05
-17.9257,1.3586385542168662e-05,1.6769557926110058e-05
-17.8047,2.2767228915662634e-05,1.841560483947951e-05
-17.6837,5.619999999999991e-06,1.608060917567287e-05
-17.5627,1.1272024096385524e-05,1.7199493017066763e-05
-17.4417,2.043980722891567e-05,1.7977449740878413e-05
-17.3208,3.918799999999998e-05,2.0054180241332284e-05
-17.1998,2.33642891566265e-05,1.841056491794631e-05
-17.0788,2.3033253012048026e-06,1.6921097584904746e-05
-16.9578,1.590799999999999e-05,1.828849056062502e-05
-16.8368,1.2682626506024082e-05,1.8475245489954006e-05
-16.7158,2.0603397590361444e-05,2.026512689856235e-05
-16.5949,8.918385542168676e-06,1.9368903152991862e-05
-16.4739,9.464708433734939e-05,2.6462134840460336e-05
-16.3529,0.00010408872289156624,2.673541045445488e-05
-16.2319,0.0001402401927710843,2.9684974720526622e-05
-16.1109,5.3494457831325294e-05,2.219247424308157e-05
-15.9899,9.005118072289156e-05,2.5193432185164454e-05
-15.869,0.00020158563855421686,3.2975815246490014e-05
-15.748,0.00044290966265060237,4.601568602368667e-05
-15.627,0.00045159804819277106,4.6034378989340595e-05
-15.506,0.00037111296385542163,4.260121120183733e-05
-15.385,0.000429898578313253,4.546275012561578e-05
-15.264,0.0003835159277108434,4.405846624634428e-05
-15.1431,0.00037360296385542164,4.376770318600194e-05
-15.0221,0.0004078874698795181,4.606852506987927e-05
-14.9011,0.00047400546987951805,4.920050712532221e-05
-14.7801,0.0004602591325301204,4.9128121441916244e-05
-14.6591,0.0004280003373493976,4.7671501798077786e-05
-14.5381,0.0004459024337349397,4.88702820292895e-05
-14.4172,0.00032823978313253015,4.389328293832758e-05
-14.2962,0.0004083640963855422,4.8188248099085845e-05
-14.1752,0.00042517807228915655,4.954907032207537e-05
-14.0542,0.000478315421686747,5.2140363180083655e-05
-13.9332,0.000496067469879518,5.414842519283711e-05
-13.8122,0.0007764226506024096,6.474541996596603e-05
-13.6913,0.0008071033734939759,6.610740300097826e-05
-13.5703,0.0007155440963855422,6.350045344484535e-05
-13.4493,0.0008704959036144578,6.831087950883608e-05
-13.3283,0.0010937638554216868,7.446038484935508e-05
-13.2073,0.0009805077108433733,7.114745384060193e-05
-13.0863,0.0008992142168674699,6.930262550365261e-05
-12.9654,0.0011269098795180722,7.564413745372098e-05
-12.8444,0.0012676192771084336,7.923099431720859e-05
-12.7234,0.0014480732530120482,8.379120481257277e-05
-12.6024,0.0011020339759036143,7.507400590736613e-05
-12.4814,0.0009227583132530119,6.966588930664325e-05
-12.3604,0.0012088980722891566,7.747066630681806e-05
-12.2395,0.001303897108433735,8.046903362747715e-05
-12.1185,0.0011033484337349398,7.543390543260512e-05
-11.9975,0.0008785477108433736,6.920814974405053e-05
-11.8765,0.0011376585542168674,7.666046607210028e-05
-11.7555,0.0010110927710843373,7.334228670912187e-05
-11.6345,0.0010275780722891566,7.420064516523326e-05
-11.5136,0.0010976809638554217,7.679506543514167e-05
-11.3926,0.0011789766265060241,7.93056600217437e-05
-11.2716,0.001215367469879518,8.066453572459096e-05
-11.1506,0.0012668756626506023,8.196441379279887e-05
-11.0296,0.0011795496385542169,7.944609745062085e-05
-10.9086,0.0013808761445783134,8.450483769027464e-05
-10.7877,0.0011814055421686745,8.025511083963159e-05
-10.6667,0.0014304106024096387,8.638706997868265e-05
-10.5457,0.0011519149397590362,7.968976223637257e-05
-10.4247,0.0010737349397590362,7.834670151552399e-05
-10.3037,0.0013076385542168674,8.432218346276039e-05
-10.1828,0.0009965214457831324,7.6785588966025e-05
-10.0618,0.0009514850602409639,7.569877857570352e-05
-9.94078,0.0010304831325301203,7.830778431231965e-05
-9.8198,0.001057272048192771,7.950047397845289e-05
-9.69882,0.000979861686746988,7.766581027691346e-05
-9.57783,0.0009217455421686747,7.614734579013806e-05
-9.45685,0.0009792773493975905,7.752999928460772e-05
-9.33587,0.0010286643373493974,7.945733804406015e-05
-9.21488,0.0013321021686746991,8.650250517712769e-05
-9.0939,0.0010625944578313254,8.049537609115395e-05
-8.97292,0.0010756660240963858,8.105621586440088e-05
-8.85194,0.0009553383132530121,7.836071753654329e-05
-8.73095,0.0010616722891566264,8.090153532846655e-05
-8.60997,0.0013198556626506026,8.748041819196002e-05
-8.48899,0.0012893455421686747,8.734399836132789e-05
-8.368,0.0011420221686746987,8.43141454311813e-05
-8.24702,0.0012729036144578313,8.803028890427535e-05
-8.12604,0.001029426746987952,8.293790294022351e-05
-8.00505,0.0010595373493975902,8.429988739844052e-05
-7.88407,0.0011599959036144576,8.607367876312862e-05
-7.76309,0.0014052224096385542,9.184713669124382e-05
-7.6421,0.0012336368674698795,8.844852840156132e-05
-7.52112,0.001157741204819277,8.676005632936698e-05
-7.40014,0.001282558795180723,9.053444774770459e-05
-7.27915,0.001193194939759036,8.956214440663886e-05
-7.15817,0.001140757108433735,8.914602073329911e-05
-7.03719,0.0014320756626506027,9.552050957323207e-05
-6.9162,0.001265698795180723,9.307591867928118e-05
-6.79522,0.0014260771084337346,9.63331487442036e-05
-6.67424,0.0013413734939759035,9.524819212025394e-05
-6.55326,0.0016431289156626505,0.00010089503979643916
-6.43227,0.0014566934939759036,9.742279082262846e-05
-6.31129,0.0014357910843373492,9.6914658248071e-05
-6.19031,0.0015522780722891565,0.00010046641286683291
-6.06932,0.0015337380722891562,0.00010071360372853793
-5.94834,0.0014342359036144576,9.965627643964271e-05
-5.82736,0.001508251325301205,0.00010243018191422666
-5.70637,0.0016953440963855416,0.00010726974270716876
-5.58539,0.001552844578313253,0.00010569958285945912
-5.46441,0.0013487573493975904,0.00010304585777945868
-5.34342,0.0015392450602409638,0.00010898131117927199
-5.22244,0.0016787455421686747,0.00011298189471309529
-5.10146,0.001571148674698795,0.0001128230912167792
-4.98047,0.0016952722891566264,0.00011713368690123354
-4.85949,0.0018114843373493973,0.0001218668561938035
-4.73851,0.0018174433734939755,0.00012492910114331296
-4.61752,0.0017493325301204817,0.0001276378091809959
-4.49654,0.0019116963855421683,0.00013484166935650343
-4.37556,0.002122766265060241,0.00014299740698288656
-4.25457,0.002130407228915663,0.0001500150146667278
-4.13359,0.002640414457831325,0.00016547937179430623
-4.01261,0.0028862626506024093,0.00017851275236003498
-3.89163,0.003261387951807228,0.00019598739940080695
-3.77064,0.004031775903614457,0.0002191008817776915
-3.64966,0.005009055421686748,0.0002453216263695095
-3.52868,0.00586289638554217,0.0002718603773655911
-3.40769,0.007361428915662649,0.00030503339729779494
-3.28671,0.01014327469879518,0.00034632421513413
-3.16573,0.011382433734939761,0.0003800334695075459
-3.04474,0.010747204819277106,0.0004078046585682282
-2.92376,0.012940216867469883,0.000447975399556893
-2.80278,0.01651766265060241,0.0004888965809710467
-2.68179,0.02013289156626506,0.0005239243526431037
-2.56081,0.026748361445783127,0.00056400162185526
-2.43983,0.034375662650602413,0.0006010796608908445
-2.31884,0.04153489156626505,0.0006338734839610058
-2.19786,0.050632674698795184,0.0006714960154950886
-2.07688,0.06103489156626506,0.0007124843879512676
-1.95589,0.0715104578313253,0.000752439570719545
-1.83491,0.08293414457831325,0.0007923326682481132
-1.71393,0.09632922891566265,0.0008342366408423029
-1.59295,0.11056156626506024,0.000875600591808989
-1.47196,0.12449154216867471,0.0009133158869709143
-1.35098,0.14194879518072287,0.0009554610232083634
-1.23,0.15844096385542167,0.0009928165837110219
-1.10901,0.17728024096385545,0.0010331777674527829
-0.988029,0.19666845783132528,0.0010717629828904916
-0.867046,0.2143166746987952,0.0011054323068119772
-0.746063,0.22893571084337347,0.001131414766623967
-0.62508,0.23761310843373493,0.0011454502571120802
-0.504097,0.24004402409638553,0.0011478732364294995
-0.383113,0.24058778313253013,0.0011468008648841848
-0.26213,0.2354226987951807,0.0011359530310180571
-0.141147,0.22784033734939757,0.0011222636901294964
-0.0201639,0.21774149397590362,0.0011040790829415505
0.100819,0.20936804819277105,0.0010902462993251129
0.221802,0.19803293975903616,0.0010716514985506375
0.342786,0.18182746987951806,0.0010438979535508292
0.463769,0.1604663855421687,0.0010045151913347535
0.584752,0.13711727710843374,0.0009590597844738844
0.705735,0.11458096385542169,0.0009105612952262239
0.826718,0.09153975903614457,0.0008575129652806006
0.947701,0.06991139759036144,0.0008016435003206406
1.06868,0.051517132530120475,0.000747198679979923
1.18967,0.036884578313253015,0.0006974296305164077
1.31065,0.02559250602409637,0.00065321697759969
1.43163,0.016768891566265057,0.0006109240745909362
1.55262,0.012160361445783124,0.0005800093276406445
1.6736,0.00901146987951808,0.0005526521012511162
1.79458,0.005892457831325296,0.0005241992943464286
1.91557,0.00616216867469879,0.0005094671069791313
2.03655,0.006238650602409639,0.0004966518195936713
2.15753,0.004523542168674693,0.0004796424564513817
2.27852,0.00514250602409638,0.0004752731453294928
2.3995,0.004389493975903609,0.00046809531668477614
2.52048,0.0041263132530120405,0.0004642612164960594
2.64147,0.003384240963855418,0.00045973715191532217
2.76245,0.003411614457831317,0.0004576417220113081
2.88343,0.003610795180722891,0.0004580198058070001
3.00442,0.0029959759036144533,0.00045381210861439113
3.1254,0.0042008674698795195,0.0004562942839069356
3.24638,0.003649638554216871,0.0004509886669699009
3.36736,0.0038169879518072268,0.00044875212496087673
3.48835,0.005125855421686741,0.00044964156121419906
3.60933,0.005103783132530117,0.00044354658803909925
3.73031,0.005208337349397589,0.00043791746609219404
3.8513,0.005825132530120483,0.0004316559013735962
3.97228,0.00688575903614458,0.0004271625678831791
4.09326,0.0066266746987951805,0.00041609899624164593
4.21425,0.0069452048192771105,0.00040670574128544334
4.33523,0.007675903614457829,0.0003982738118166709
4.45621,0.00732812048192771,0.00038567371655868175
4.5772,0.008061397590361445,0.00037862132615483783
4.69818,0.007406192771084334,0.00036363006055340803
4.81916,0.007579686746987951,0.00035441318834877005
4.94015,0.007393590361445779,0.0003441201612820496
5.06113,0.0067278313253012,0.00033041674856491577
5.18211,0.007097975903614458,0.000322730298558599
5.3031,0.006085722891566264,0.0003065251448578648
5.42408,0.006883501204819277,0.0003022332525388686
5.54506,0.00678606265060241,0.00029220422122304483
5.66605,0.006710819277108433,0.0002833647591788563
5.78703,0.0064275349397590375,0.00027390448139118164
5.90801,0.006935185542168674,0.0002707699470124752
6.02899,0.007323906024096385,0.0002681188352553163
6.14998,0.007199590361445785,0.0002619939856518713
6.27096,0.007701067469879517,0.00026223672620918936
6.39194,0.007289171084337349,0.00025564493303676327
6.51293,0.007624455421686746,0.0002563891183500249
6.63391,0.0067844457831325285,0.00024781507970920926
6.75489,0.00688622891566265,0.0002483913416141569
6.87588,0.006187809638554216,0.00024223473400885877
6.99686,0.006327327710843374,0.00024396252140422236
7.11784,0.006572330120481926,0.000246250069558007
7.23883,0.00698898795180723,0.0002486677123134811
7.35981,0.006665797590361446,0.0002437057153629478
7.48079,0.006999322891566265,0.0002440723136466081
7.60178,0.007556363855421686,0.0002462270850077944
7.72276,0.008211146987951808,0.0002492150098024081
7.84374,0.00766398795180723,0.0002428310232307363
7.96473,0.008030872289156627,0.0002445126827969076
8.08571,0.008258065060240963,0.00024584292300227674
8.20669,0.007386301204819276,0.00023711775419175062
8.32767,0.007388012048192771,0.00023670430792443138
8.44866,0.006124708433734938,0.00022430414101058316
8.56964,0.005492231325301204,0.0002173482787784097
8.69062,0.00476007469879518,0.00020958868191738004
8.81161,0.0035354289156626505,0.00019593196763612167
8.93259,0.003242665060240964,0.0001920444390457177
9.05357,0.002916344578313254,0.00018674684694747882
9.17456,0.002691869879518072,0.0001817203806326944
9.29554,0.002703318072289158,0.00017951254742900607
9.41652,0.0022311204819277105,0.00017088222118162482
9.53751,0.0017780939759036143,0.0001620455908761618
9.65849,0.002158163855421687,0.00016476895730695775
9.77947,0.0016544771084337348,0.00015669026566153465
9.90046,0.0014818915662650606,0.00015209500473754777
10.0214,0.001297332530120482,0.00014750022185397254
10.1424,0.0011306000000000003,0.00014341238950659084
10.2634,0.0010847879518072288,0.00014138895108036466
10.3844,0.000994766265060241,0.00013828569262757927
10.5054,0.0008849638554216866,0.00013551349242113078
10.6264,0.0009454891566265058,0.00013611931372924875
10.7473,0.0007195036144578312,0.00013230983251362252
10.8683,0.0007540385542168669,0.00013314883419207493
10.9893,0.000688467469879518,0.00013201028702177528
11.1103,0.0006897975903614455,0.0001317577291322545
11.2313,0.000725069879518072,0.0001320910764958214
11.3523,0.0006082481927710842,0.00012908686693257035
11.4732,0.0007379710843373493,0.00013017942357130164
11.5942,0.000779132530120482,0.00013003488655663999
11.7152,0.0005941060240963854,0.00012563882655890134
11.8362,0.0003279421686746988,0.00011966992181003318
11.9572,0.00048310843373493967,0.0001212675877942036
12.0782,0.0004975156626506023,0.00012000664659697762
12.1991,0.0005916096385542165,0.00012054723892576207
12.3201,0.0004064313253012042,0.00011560690049745785
12.4411,0.0004819012048192771,0.0001164025450980199
12.5621,0.0005366698795180721,0.00011606982439410431
12.6831,0.00048425783132530144,0.00011493931143318925
12.8041,0.0004952819277108432,0.00011540281293574166
12.925,0.0005217253012048195,0.00011655632129615044
13.046,0.0005199662650602404,0.00011655752692641856
13.167,0.0006379132530120478,0.0001192877444503705
13.288,0.0004218433734939761,0.0001147998966360162
13.409,0.000444269879518072,0.00011434233025613717
13.53,0.0005010626506024095,0.00011416336967905049
13.6509,0.0005145253012048191,0.00011273715639798243
13.7719,0.0004252795180722892,0.00010945557086029484
13.8929,0.0003414963855421685,0.00010581370955602709
14.0139,0.00036412289156626513,0.00010523883334262127
14.1349,0.00045606506024096366,0.00010574077172474529
14.2559,0.0005642819277108434,0.00010600182306481754
14.3768,0.00047213975903614443,0.00010246870641394186
14.4978,0.0004552072289156627,0.00010062044005870665
14.6188,0.0005304481927710842,0.00010017236631749927
14.7398,0.0005222590361445784,9.855347395539063e-05
14.8608,0.0004958590361445782,9.762837781766059e-05
14.9817,0.0004523303614457829,9.562796692420985e-05
15.1027,0.0005564580722891566,9.747793264464587e-05
15.2237,0.000359093253012048,9.140376110799529e-05
15.3447,0.0003224392771084336,8.917312448528256e-05
15.4657,0.00035985325301204825,8.877722131762789e-05
15.5867,0.0004248224096385544,8.960861107163661e-05
15.7076,0.00024458048192771084,8.31622681272703e-05
15.8286,0.0004202368674698796,8.701199566013569e-05
15.9496,0.0002978216867469879,8.290101889575555e-05
16.0706,0.0003546925301204818,8.399847425740412e-05
16.1916,0.0004919086746987952,8.694827273965785e-05
16.3126,0.0006269045783132529,8.969658021892122e-05
16.4335,0.0005219130120481926,8.659587687939952e-05
16.5545,0.00043204963855421666,8.402438406015967e-05
16.6755,0.0003855053012048193,8.165312881995733e-05
16.7965,0.00027171879518072276,7.79396927511093e-05
16.9175,0.0002450573493975902,7.588172351917795e-05
17.0385,0.0002684146987951808,7.650287156373203e-05
17.1594,0.0004146409638554215,7.97923915088761e-05
17.2804,0.00042536867469879507,7.967362308140075e-05
17.4014,0.0003417118072289156,7.57020819366734e-05
17.5224,0.0004081498795180722,7.76273380478515e-05
17.6434,0.0003648501204819277,7.394001187424452e-05
17.7644,0.00039376867469879517,7.476423101491487e-05
17.8853,0.0003051272289156626,7.193211796049035e-05
18.0063,0.0002665971084337349,6.991850150087414e-05
18.1273,0.00021317012048192762,6.738752075416446e-05
18.2483,0.00031791397590361445,7.108066081494593e-05
18.3693,0.0004296561445783132,7.432807902048396e-05
18.4903,0.0003154313253012049,6.940456527951988e-05
18.6112,0.00041295855421686744,7.248408558763563e-05
18.7322,0.0004955431325301204,7.417545769325637e-05
18.8532,0.00031992867469879513,6.786436081000812e-05
18.9742,0.00030800481927710835,6.618729404019247e-05
19.0952,0.0004560681927710843,7.166153213968666e-05
19.2162,0.00034665301204819273,6.695775283861227e-05
19.3371,0.00041261036144578313,6.954546316489774e-05
19.4581,0.00037333734939759035,6.741936465544425e-05
19.5791,0.0004025484337349397,6.789285685379626e-05
19.7001,0.0003444587951807229,6.48929638979988e-05
19.8211,0.00027820481927710844,6.283877683421768e-05
19.9421,0.00034787132530120473,6.569690987777477e-05
20.063,0.00024110771084337348,6.183800029628501e-05
20.184,0.00038397204819277107,6.767385689680117e-05
20.305,0.0002776002409638554,6.336742138340123e-05
20.426,0.0002689269879518072,6.279183965590523e-05
20.547,0.000322798313253012,6.465969783438272e-05
20.668,0.0002714467469879518,6.205714016917381e-05
20.7889,0.00034732048192771077,6.569383402556417e-05
20.9099,0.00039191807228915665,6.833792659260126e-05
21.0309,0.0004283787951807229,6.918633770206083e-05
21.1519,0.000440566265060241,6.954516281931551e-05
21.2729,0.00027404120481927703,6.380172598920977e-05
21.3939,0.0002819327710843373,6.410914016476894e-05
21.5148,0.0002843508433734939,6.280343645440287e-05
21.6358,0.0002824840963855421,6.297346844744499e-05
21.7568,0.0003414527710843374,6.571601300571572e-05
21.8778,0.00022048024096385543,6.0965168724884626e-05
21.9988,0.000216944578313253,6.0445253380230935e-05
22.1198,0.0003612236144578313,6.709566259896489e-05
22.2407,0.00031984096385542164,6.577668793916862e-05
22.3617,0.00033325469879518063,6.612905720994566e-05
22.4827,0.0002596024096385542,6.237907185504975e-05
22.6037,0.00040455156626506024,6.798943424666508e-05
22.7247,0.0003632530120481928,6.493020092322465e-05
22.8457,0.0003740378313253012,6.462399227064939e-05
22.9666,0.0003869506024096385,6.493671986938497e-05
23.0876,0.00046212313253012044,6.764677204390419e-05
23.2086,0.0003962322891566266,6.495588084810847e-05
23.3296,0.00029953445783132527,6.209155062391094e-05
23.4506,0.00040438650602409634,6.694348616119957e-05
23.5716,0.00028261108433734933,6.331597492274345e-05
23.6925,0.00020714481927710848,6.0265252949326496e-05
23.8135,0.0003183715662650603,6.586589944543262e-05
23.9345,0.00018331662650602408,6.145579435209697e-05
24.0555,0.00026643469879518075,6.368633616052096e-05
24.1563,0.00029954915662650606,7.700269892730467e-05
24.2571,0.000354718313253012,3.702683638319023e-05
24.3784,0.0004171515662650603,3.712640581771674e-05
24.5003,0.0003650021686746988,3.416731473359466e-05
24.6228,0.00028334843373493967,3.2306552207726965e-05
24.7459,0.00030255542168674697,3.260378861628335e-05
24.8696,0.0003989968674698796,3.427104605227569e-05
24.994,0.0004304187951807228,3.462891742716461e-05
25.119,0.0003221549397590361,3.21142085842617e-05
25.2446,0.000349735421686747,3.242035368316933e-05
25.3708,0.0004224913253012048,3.397718001345057e-05
25.4976,0.00037115807228915666,3.3006528364450074e-05
25.6251,0.0003438149397590361,3.2491905763917385e-05
25.7533,0.0003824146987951806,3.3132549537054554e-05
25.882,0.0003929240963855422,3.3193369142072445e-05
26.0114,0.0003651098795180723,3.2642645769471266e-05
26.1415,0.0003842824096385542,3.288548765858863e-05
26.2722,0.0003385927710843373,3.199723703558564e-05
26.4036,0.0003977522891566265,3.291410357714644e-05
26.5356,0.00038660939759036135,3.2530741649259e-05
26.6682,0.0003560219277108434,3.172932646584077e-05
26.8016,0.0003580101204819277,3.15424984928314e-05
26.9356,0.00040914891566265054,3.244422466904366e-05
27.0703,0.00039002457831325307,3.222804913250135e-05
27.2056,0.000318032048192771,3.058726448961182e-05
27.3417,0.0003487166265060241,3.127082648079496e-05
27.4784,0.0002745906024096385,2.9898352871933226e-05
27.6158,0.0002597356626506024,2.922846812979924e-05
27.7538,0.0003531026506024096,3.096533006762767e-05
27.8926,0.00036900506024096385,3.124980638134009e-05
28.0321,0.00030656554216867466,2.976417805807482e-05
28.1722,0.0003772351807228916,3.0867132287940694e-05
28.3131,0.00035111036144578315,3.028786537132227e-05
28.4547,0.00038129325301204816,3.068995321311136e-05
28.5969,0.0003504009638554217,2.9996516945799947e-05
28.7399,0.00040213614457831323,3.1149469737357745e-05
28.8836,0.00035455662650602405,3.0011746303425235e-05
29.028,0.0003583592771084337,2.9944899135439978e-05
29.1732,0.0003340096385542168,2.9398219304549976e-05
29.319,0.0003619551807228915,3.0086802894949496e-05
29.4656,0.0003586079518072289,2.981786044267781e-05
29.613,0.00040022987951807224,3.064645593777906e-05
29.761,0.0003498474698795181,2.9621717547241266e-05
29.9098,0.00035759590361445783,2.975807516455326e-05
30.0594,0.00033773084337349393,2.930488288481012e-05
30.2097,0.00035614915662650603,2.9626695490547885e-05
30.3607,0.0003389031325301205,2.927350033561514e-05
30.5125,0.0003382322891566265,2.9221031062823744e-05
30.6651,0.00032512361445783127,2.8779566157152762e-05
30.8184,0.00033145566265060244,2.8626865479741904e-05
30.9725,0.00037457301204819275,2.9388204440297235e-05
31.1274,0.00037521036144578314,2.9410974322759562e-05
31.283,0.0003415363855421687,2.884585711633006e-05
31.4394,0.0003753732530120482,2.9574853305145962e-05
31.5966,0.0003570195180722892,2.9163976091349673e-05
31.7546,0.0003485378313253012,2.88386062355774e-05
31.9134,0.00036257108433734934,2.9026947276291004e-05
32.0729,0.0003830407228915662,2.92386281375999e-05
32.2333,0.0003443561445783132,2.842246108751751e-05
32.3945,0.0003659173493975903,2.8644727488940486e-05
32.5564,0.0003811506024096385,2.8973691091282127e-05
32.7192,0.0003719665060240964,2.8656500597974296e-05
32.8828,0.00036567108433734936,2.8577128088125526e-05
33.0472,0.0003563253012048193,2.8422715108409967e-05
33.2125,0.00030954192771084335,2.7628187344705227e-05
33.3785,0.00030682650602409644,2.7467595209703952e-05
33.5454,0.000321362891566265,2.771711740141791e-05
33.7132,0.00032438216867469873,2.775845301758462e-05
33.8817,0.00042398626506024085,2.9405934628691e-05
34.0511,0.0003234559036144578,2.739513412465159e-05
34.2214,0.0004020315662650602,2.8892499263530905e-05
34.3925,0.0003699795180722891,2.821535710391895e-05
34.5645,0.00037490771084337343,2.7990688159654777e-05
34.7373,0.0003413004819277109,2.7338133269247165e-05
34.911,0.0003515869879518072,2.7485761007780076e-05
35.0855,0.0003542019277108433,2.742709159890425e-05
35.2609,0.0003662985542168675,2.750685845847557e-05
35.4373,0.00040134554216867465,2.8108462551010585e-05
35.6144,0.00037774337349397586,2.769975043724009e-05
35.7925,0.00038075686746987956,2.7763168666497935e-05
35.9715,0.0003967616867469879,2.8030539766920458e-05
36.1513,0.0003798144578313253,2.779910574845877e-05
36.3321,0.0003369236144578313,2.7082842446653828e-05
36.5137,0.0003828455421686747,2.78398035557846e-05
36.6963,0.0003541824096385542,2.7404080296850746e-05
36.8798,0.00036999638554216865,2.7571170140965757e-05
37.0642,0.00040973855421686753,2.8138378389971002e-05
37.2495,0.00037096530120481923,2.753262203898157e-05
37.4358,0.000382849156626506,2.7605568300020162e-05
37.6229,0.0004242207228915662,2.8340572616796783e-05
37.8111,0.00034314795180722887,2.7005282085046985e-05
38.0001,0.0003532865060240964,2.730623965104659e-05
38.1901,0.0003602963855421687,2.7407318451522212e-05
38.3811,0.0003411479518072289,2.709441511980429e-05
38.573,0.00030901445783132524,2.6427256600389835e-05
38.7658,0.00038167228915662643,2.7721744617336558e-05
38.9597,0.0003251349397590361,2.6642122758159147e-05
39.1545,0.00035695614457831326,2.7073666195765237e-05
39.3502,0.0003773949397590361,2.735353681068352e-05
39.547,0.0004117836144578312,2.7804536824813077e-05
39.7447,0.00040287036144578324,2.7666618080331086e-05
39.9434,0.00036026096385542163,2.6945561305969725e-05
40.1432,0.0003558614457831324,2.6830867743243443e-05
40.3439,0.0003636995180722891,2.6879165077515606e-05
40.5456,0.00034292987951807237,2.641931540214277e-05
40.7483,0.0003631277108433735,2.672254222772954e-05
40.9521,0.00037796337349397586,2.6762587291856086e-05
41.1568,0.00034938722891566273,2.627407685630806e-05
41.3626,0.0003724272289156627,2.6706034296255534e-05
41.5694,0.0003708371084337348,2.6861883674796178e-05
41.7773,0.0003715074698795181,2.6828859052413865e-05
41.9862,0.00031788650602409635,2.6112276123815422e-05
42.1961,0.0003780231325301205,2.707363053116262e-05
42.4071,0.0003175563855421687,2.603936940098564e-05
42.6191,0.00034875903614457824,2.6545004944905173e-05
42.8322,0.00031981662650602404,2.58766818278896e-05
43.0464,0.00037595301204819274,2.6624833217954117e-05
43.2616,0.0004262387951807229,2.730643599181555e-05
43.4779,0.0003684944578313254,2.6410319222155772e-05
43.6953,0.0003581585542168675,2.6168083965419616e-05
43.9138,0.0003567026506024096,2.6160414095984655e-05
44.1333,0.00035877566265060234,2.6156146078188233e-05
44.354,0.0003713284337349396,2.625704011560438e-05
44.5758,0.0003751990361445784,2.6191891904820114e-05
44.7987,0.000345276626506024,2.560883925588344e-05
45.0226,0.0003285134939759036,2.5228875179263498e-05
45.2478,0.00037279156626506026,2.5977624884752743e-05
45.474,0.000338542891566265,2.5416018964242013e-05
45.7014,0.00036977301204819274,2.5860186107865877e-05
45.9299,0.0003611669879518072,2.5595765021846166e-05
46.1595,0.00037488915662650603,2.589005907425359e-05
46.3903,0.00035207493975903607,2.5369550189488082e-05
46.6223,0.0003179889156626506,2.48878945009725e-05
46.8554,0.0003466390361445782,2.5342023954457317e-05
47.0897,0.00034754963855421683,2.542409219617132e-05
47.3251,0.0003570253012048193,2.556441962918227e-05
47.5617,0.00032561108433734945,2.5163878958915765e-05
47.7995,0.00031258771084337344,2.485925590543426e-05
48.0385,0.0003544219277108433,2.5595056936791902e-05
48.2787,0.0003210113253012048,2.5095068903370537e-05
48.5201,0.00032045542168674686,2.4833498273219425e-05
48.7627,0.00035028843373493976,2.520787242965321e-05
49.0065,0.000355273734939759,2.531462192478209e-05
49.2516,0.00033765132530120477,2.48368339790885e-05
49.4978,0.00030914915662650597,2.429676780165997e-05
49.7453,0.00032478626506024093,2.452144807441303e-05
49.994,0.0003493508433734939,2.4833289424340025e-05
50.244,0.00034368096385542165,2.455560460973127e-05
50.4952,0.0003441202409638553,2.4560633165256525e-05
50.7477,0.00038394192771084337,2.505180682112087e-05
51.0015,0.00032517445783132533,2.410247138768842e-05
51.2565,0.00036842530120481925,2.4685632942858066e-05
51.5127,0.0003393549397590361,2.4251725701281588e-05
51.7703,0.00033067855421686743,2.4217012666075547e-05
52.0292,0.00031821590361445784,2.4050812297233785e-05
52.2893,0.0003798804819277109,2.487285813217354e-05
52.5507,0.00030491373493975903,2.3711959432201825e-05
52.8135,0.00037352048192771075,2.477269145299959e-05
53.0776,0.00032859180722891564,2.40931573783658e-05
53.343,0.0003286874698795181,2.402007507989836e-05
53.6097,0.00031344554216867473,2.3754424143867086e-05
53.8777,0.00032302024096385546,2.3861027510318236e-05
54.1471,0.0003457310843373494,2.3999562099696943e-05
54.4178,0.00036994385542168674,2.4102888263939596e-05
54.6899,0.00031009397590361443,2.3267595388869523e-05
54.9634,0.00032684457831325293,2.3437198300044536e-05
55.2382,0.00036737228915662646,2.401801160164096e-05
55.5144,0.0003155667469879517,2.3202003058598082e-05
55.792,0.00033009542168674697,2.3363512853379965e-05
56.0709,0.0003360457831325301,2.3274272781517617e-05
56.3513,0.0003603727710843373,2.3534889832589786e-05
56.633,0.0003337289156626506,2.3095890450614348e-05
56.9162,0.00035378120481927705,2.3488722190884412e-05
57.2008,0.00034642120481927723,2.3369737903022647e-05
57.4868,0.00032904265060240966,2.3037452008406405e-05
57.7742,0.00035269542168674703,2.3515940654803583e-05
58.0631,0.00036231349397590365,2.3588697510068514e-05
58.3534,0.00036987662650602403,2.3614970977200632e-05
58.6452,0.00037220891566265064,2.3651176102476136e-05
58.9384,0.0003317293975903614,2.314528367997476e-05
59.2331,0.00035367614457831317,2.3470256620755116e-05
59.5293,0.00032017156626506024,2.3017658489893828e-05
59.8269,0.00030774240963855415,2.2792671354404237e-05
60.126,0.0003618893975903614,2.3641538992504227e-05
60.4267,0.0003272248192771084,2.303469323863582e-05
60.7288,0.000326514939759036,2.293201403595203e-05
61.0324,0.00033962,2.3063869443807656e-05
61.3376,0.00032146433734939753,2.281434206050968e-05
61.6443,0.00033587951807228914,2.285445830384778e-05
61.9525,0.00034721710843373495,2.303267743402075e-05
62.2623,0.0003405831325301205,2.2877427658400556e-05
62.5736,0.0003268607228915662,2.2582454370888643e-05
62.8865,0.0003241643373493976,2.2441840601738645e-05
63.2009,0.00036897301204819277,2.3056257906635234e-05
63.5169,0.0003555665060240964,2.2744713188076007e-05
63.8345,0.00038666481927710834,2.313806442855111e-05
64.1537,0.000367699518072289,2.2909567378794484e-05
64.4744,0.00037497493975903603,2.29745402731832e-05
64.7968,0.0003878477108433736,2.312981679931731e-05
65.1208,0.0003518289156626506,2.265691224978462e-05
65.4464,0.00041766409638554217,2.3595039519544613e-05
65.7736,0.00038646963855421695,2.3148075520218462e-05
66.1025,0.0003949537349397591,2.3291826887837103e-05
66.433,0.00042608048192771086,2.38130805139882e-05
66.7652,0.00040749831325301197,2.3679939323309918e-05
67.099,0.0004038089156626506,2.3741900565752713e-05
67.4345,0.00039177277108433725,2.3633832708319462e-05
67.7716,0.0004162824096385543,2.3983990932006376e-05
68.1105,0.00040975614457831324,2.3916324772759016e-05
68.4511,0.000436352048192771,2.4233789069591927e-05
68.7933,0.00047463879518072275,2.4643605113120192e-05
69.1373,0.00048199493975903623,2.4760781798314726e-05
69.483,0.0004996159036144579,2.4999051570652404e-05
69.8304,0.00045230385542168676,2.4455088114662192e-05
70.1795,0.0004661024096385543,2.4648914968542397e-05
70.5304,0.0005269465060240964,2.551916957904517e-05
70.8831,0.0004851860240963855,2.5205046419695717e-05
71.2375,0.0004974086746987952,2.5540396343420553e-05
71.5937,0.0005673595180722892,2.6686862549114746e-05
71.9517,0.0005661889156626504,2.694259702230439e-05
72.3114,0.000631876626506024,2.80562629090776e-05
72.673,0.0007379354216867469,2.940454836791665e-05
73.0363,0.0007974327710843375,3.0157277216282708e-05
73.4015,0.0008489407228915662,3.0664450008451174e-05
73.7685,0.0008246739759036146,3.023451084881948e-05
74.1374,0.0007349816867469878,2.8833746116152243e-05
74.5081,0.0006537983132530121,2.7444187294127653e-05
74.8806,0.0005495773493975903,2.5818134515824253e-05
75.255,0.0005239431325301205,2.499741145779041e-05
75.6313,0.0005425742168674699,2.4825776948807008e-05
76.0094,0.0005268489156626505,2.4448434589075285e-05
76.3895,0.0004498197590361445,2.3310442993104305e-05
76.7714,0.0005161551807228914,2.384849340892321e-05
77.1553,0.000473910361445783,2.3107002057387878e-05
77.5411,0.00048302048192771076,2.312365749499851e-05
77.9288,0.00047277831325301205,2.278949307574526e-05
78.3184,0.0005066265060240963,2.3065820943494686e-05
78.71,0.00048212000000000005,2.2728997817152e-05
79.1035,0.0004591853012048192,2.2399632612362638e-05
79.4991,0.0005063674698795181,2.2898865516184236e-05
79.8966,0.00046400626506024105,2.2310611795643167e-05
80.296,0.0004831402409638553,2.251196749967967e-05
80.6975,0.0004663534939759035,2.2234593466118754e-05
81.101,0.0004954787951807229,2.2501284303301696e-05
81.5065,0.0004505424096385542,2.1932526829320992e-05
81.9141,0.0004382604819277109,2.1732263193476285e-05
82.3236,0.0004267166265060241,2.147189815551781e-05
82.7352,0.0005042657831325302,2.2403981965360427e-05
83.1489,0.00042380939759036144,2.1353770043656685e-05
83.5647,0.00044525180722891573,2.151632464725393e-05
83.9825,0.0004716409638554216,2.1750860218653772e-05
84.4024,0.00047488192771084334,2.1776615358659952e-05
84.8244,0.00048650457831325293,2.194255687283455e-05
85.2485,0.0005077566265060241,2.213213457534277e-05
85.6748,0.00045905469879518076,2.155029073117913e-05
86.1031,0.0004129265060240964,2.0974191091452733e-05
86.5337,0.0004612515662650603,2.1541329650731824e-05
86.9663,0.00042661783132530114,2.107290381461801e-05
87.4012,0.0004442869879518073,2.1301583311512246e-05
87.8382,0.0004926807228915662,2.1848717089784564e-05
88.2774,0.0004645093975903614,2.1439145078830306e-05
88.7187,0.0004935412048192771,2.1758135152408973e-05
89.1623,0.0004766346987951807,2.1575718435443026e-05
89.6082,0.0005007185542168675,2.1898951505691505e-05
90.0562,0.000505304578313253,2.1998004196055323e-05
90.5065,0.0004740098795180723,2.164713314387882e-05
90.959,0.0004786821686746988,2.1729075143127938e-05
91.4138,0.0004748855421686747,2.160772468296332e-05
91.8709,0.0004700518072289157,2.1593809397082857e-05
92.3302,0.00045448048192771084,2.1321756146439704e-05
92.7919,0.00044903493975903606,2.1245444877460795e-05
93.2558,0.00045607108433734934,2.1237287185952743e-05
93.7221,0.00046051566265060235,2.1281950215126372e-05
94.1907,0.00046965542168674696,2.1261888597579075e-05
94.6617,0.00046735759036144577,2.1305791472417275e-05
95.135,0.0004795089156626506,2.1476781227061712e-05
95.6107,0.00043230216867469874,2.1013634666661185e-05
96.0887,0.0004574115662650602,2.1349911844074343e-05
96.5692,0.0004446522891566264,2.127594547638403e-05
97.052,0.00044659132530120484,2.136383133327808e-05
97.5373,0.00045816506024096376,2.1590421112412175e-05
98.0249,0.0004553963855421687,2.158404833320856e-05
98.5151,0.00050059421686747,2.221167188039784e-05
99.0076,0.00047286819277108445,2.1979782449312103e-05
99.5027,0.0005009510843373493,2.2368213861979144e-05
100.0,0.0004976597590361445,2.2457540675300025e-05
100.5,0.0004950963855421686,2.2535233191582106e-05
101.003,0.0005006997590361447,2.2710633304106593e-05
101.508,0.0004624477108433736,2.241468017939987e-05
102.015,0.0004763954216867469,2.2597186210840696e-05
102.525,0.00047847951807228914,2.2696868222584567e-05
103.038,0.0004682640963855422,2.267368623433431e-05
103.553,0.00044284843373493975,2.2390519106644274e-05
104.071,0.0004931115662650603,2.2934252409237586e-05
104.591,0.0004922493975903613,2.2933378669026262e-05
105.114,0.0004967334939759034,2.3003990278702372e-05
105.64,0.0005012262650602409,2.3041569486046657e-05
106.168,0.0004971363855421685,2.2988366378987615e-05
106.699,0.00048358578313253004,2.2806425910252265e-05
107.232,0.00048519542168674705,2.2793630553661467e-05
107.768,0.0004993469879518072,2.2761006948416185e-05
108.307,0.0004776990361445783,2.237950276047409e-05
108.849,0.00046202843373493974,2.2180960818956492e-05
109.393,0.0004721236144578313,2.223502860671715e-05
109.94,0.0005058515662650602,2.2578286938895058e-05
110.49,0.0004907527710843372,2.2417178133181327e-05
111.042,0.00047902650602409634,2.230245973911542e-05
111.597,0.0004757195180722891,2.2303110896146578e-05
112.155,0.0004562595180722891,2.2135014794990585e-05
112.716,0.00047831108433734937,2.2403566465697583e-05
113.28,0.0004460824096385541,2.215695662958924e-05
113.846,0.0004463855421686747,2.2244989812322382e-05
114.415,0.00043458120481927706,2.219148986239257e-05
114.987,0.00044052409638554215,2.2346627253273555e-05
115.562,0.00044705590361445775,2.2492167761285906e-05
116.14,0.0004672542168674699,2.2837507623520294e-05
116.721,0.00045534481927710844,2.2836052814340588e-05
117.305,0.0004882163855421687,2.3331062953203533e-05
117.891,0.00047898120481927717,2.3331078069747374e-05
118.481,0.00042808698795180716,2.2866167429601444e-05
119.073,0.0004738910843373494,2.3407577017338117e-05
119.668,0.00046931228915662637,2.330224093260876e-05
120.267,0.0004922587951807228,2.3431612784969512e-05
120.868,0.00048540096385542156,2.3394030394405176e-05
121.472,0.0004817640963855421,2.333060312686576e-05
122.08,0.00044698072289156614,2.2880769136024697e-05
122.69,0.0004883180722891566,2.332625827911772e-05
123.304,0.00046868554216867464,2.3114074902675082e-05
123.92,0.0004422045783132528,2.2807197189216663e-05
124.54,0.00046449204819277117,2.3048891496635797e-05
125.162,0.0004999590361445782,2.342331671268217e-05
125.788,0.00044283469879518076,2.2813391368276786e-05
126.417,0.00044806506024096384,2.2914739123891026e-05
127.049,0.0004849455421686747,2.3331993564378477e-05
127.684,0.00045794433734939755,2.3166833175867205e-05
128.323,0.0005270414457831325,2.3932117063212447e-05
128.964,0.0004720780722891566,2.3529748564652147e-05
129.609,0.0004920513253012048,2.38909177715852e-05
130.257,0.0004952368674698795,2.404760304656354e-05
130.909,0.0004833893975903615,2.4052533782339e-05
131.563,0.0004675597590361446,2.4126605868481638e-05
132.221,0.0004908660240963855,2.4463641480971467e-05
132.882,0.00045174289156626503,2.4245629642869936e-05
133.546,0.0004926151807228917,2.4839763753657046e-05
134.214,0.00045649253012048193,2.4720183107799726e-05
134.885,0.0005146773493975903,2.5411563267509737e-05
135.56,0.0004858913253012048,2.5461215901789945e-05
136.238,0.0005212583132530121,2.6126105217668396e-05
136.919,0.0005028660240963856,2.6350165373447138e-05
137.603,0.0004963742168674698,2.660242505509637e-05
138.291,0.00048517831325301197,2.6930138057535813e-05
138.983,0.0005078118072289155,2.742371307982085e-05
139.678,0.0004949438554216867,2.7622264729713497e-05
140.376,0.0005176510843373493,2.8133942193595818e-05
141.078,0.0005572465060240965,2.8739103752773873e-05
141.783,0.0005265665060240966,2.8758654827076174e-05
142.492,0.0005351860240963855,2.9069103636041693e-05
143.205,0.00047384819277108416,2.8833588995611225e-05
143.921,0.0005082879518072289,2.9309522600609306e-05
144.64,0.00045120481927710826,2.914710661315649e-05
145.364,0.0005043156626506022,2.974262529061313e-05
146.09,0.0004914433734939756,2.977953718693559e-05
146.821,0.0004408072289156628,2.9542529202540746e-05
147.555,0.0004566457831325302,2.9818370263567502e-05
148.293,0.0004520265060240962,2.984815436025973e-05
149.034,0.0004751855421686747,3.0054050188652653e-05
149.779,0.00046471084337349405,3.003565209135246e-05
150.528,0.00048232771084337354,3.0115873910332973e-05
151.281,0.0005133204819277108,3.0269784675091147e-05
152.037,0.0005193975903614456,3.0253029665457197e-05
152.797,0.0005511108433734938,3.039156995610089e-05
153.561,0.0005905301204819277,3.0595183675130404e-05
154.329,0.0005661855421686744,3.033556350449325e-05
155.101,0.0005772337349397589,3.0312745502704688e-05
155.876,0.0005459012048192771,3.0003038319061798e-05
156.656,0.0005307831325301203,2.9762311992090444e-05
157.439,0.0005624216867469877,2.9917640378143235e-05
158.226,0.0005274096385542169,2.9509889794165816e-05
159.017,0.0006139108433734938,3.010833669797348e-05
159.812,0.00053324578313253,2.940933338930435e-05
160.612,0.0005109855421686747,2.916309972692688e-05
161.415,0.00045679518072289126,2.8747424817230087e-05
162.222,0.0004899934939759035,2.8913229708992464e-05
163.033,0.00044918385542168653,2.856140788603695e-05
163.848,0.0004603693975903612,2.8619409725638703e-05
164.667,0.0004273320481927709,2.8337562090782397e-05
165.491,0.00045289108433734914,2.8419254917102547e-05
166.318,0.00044368650602409615,2.8290690508270583e-05
167.15,0.0004177472289156626,2.793043783091526e-05
167.985,0.0004192436144578312,2.7808219955320158e-05
168.825,0.000393527951807229,2.7501393850844987e-05
169.669,0.00042212216867469886,2.767073066430644e-05
170.518,0.00037844819277108434,2.715827412566354e-05
171.37,0.00038039927710843355,2.7060392402015932e-05
172.227,0.00032327060240963857,2.6507418972924987e-05
173.088,0.0003450749397590359,2.653974738343714e-05
173.954,0.0003425720481927712,2.6393454916325184e-05
174.823,0.00031939156626506016,2.616452773612629e-05
175.698,0.00029253469879518063,2.5846235659149563e-05
176.576,0.0003282655421686747,2.593566699830792e-05
177.459,0.0003492973493975903,2.593092189516205e-05
178.346,0.0003479551807228915,2.5743133471181828e-05
179.238,0.00035410096385542146,2.568330469091023e-05
180.134,0.0003935414457831324,2.586221815352627e-05
181.035,0.0003860491566265057,2.5767098660425603e-05
181.94,0.0004368366265060241,2.6133128255815384e-05
182.85,0.00047334216867469863,2.6397832387864004e-05
183.764,0.0005335180722891566,2.680241196314151e-05
184.683,0.0005516002409638556,2.6836737648165398e-05
185.606,0.000560055903614458,2.6828111791484962e-05
186.534,0.0005787175903614457,2.6991988058909866e-05
187.467,0.000612690361445783,2.7150376733459183e-05
188.404,0.0006005563855421687,2.7082466115460207e-05
189.346,0.0006456696385542165,2.7479809175231844e-05
190.293,0.0006960255421686748,2.7817024693748248e-05
191.244,0.0006758503614457833,2.763503755745337e-05
192.201,0.0006979539759036144,2.780073643445721e-05
193.162,0.0007227472289156627,2.7916400643208196e-05
194.128,0.0007288204819277111,2.784781334080167e-05
195.098,0.0006133525301204819,2.6759599144780107e-05
196.074,0.000595325060240964,2.637732574892085e-05
197.054,0.0005283804819277109,2.5653065079278107e-05
198.039,0.0004721306024096386,2.5027661450293138e-05
199.029,0.0004420662650602408,2.4673056806941806e-05
200.025,0.00045008722891566247,2.4750156671112063e-05
201.025,0.00044759228915662634,2.4727727047823505e-05
202.03,0.0004656848192771085,2.4827260646182793e-05
203.04,0.0004438260240963856,2.4653349004472074e-05
204.055,0.0004558284337349397,2.4734656313952926e-05
205.075,0.0004544293975903616,2.462204523193975e-05
206.101,0.00044979855421686745,2.4527227860753324e-05
207.131,0.0004709306024096385,2.47196508890527e-05
208.167,0.0004978614457831325,2.4831094463983775e-05
209.208,0.0005323108433734939,2.504762446242988e-05
210.254,0.0004913334939759036,2.466291977329407e-05
211.305,0.0005043077108433735,2.4745111572627074e-05
212.362,0.0004809927710843373,2.4584061164664107e-05
213.424,0.000547250843373494,2.511409059239573e-05
214.491,0.0005167243373493974,2.4764957101607257e-05
215.563,0.0005100346987951806,2.4714257896510585e-05
216.641,0.0005763621686746989,2.537130388558491e-05
217.724,0.000509797108433735,2.483302076144164e-05
218.813,0.0004899857831325303,2.4814447488081854e-05
219.907,0.00048431012048192766,2.5023715954530607e-05
221.006,0.0004353438554216868,2.4825140741002207e-05
222.111,0.00044173421686746994,2.502138018806906e-05
223.222,0.0005156662650602409,2.584006467100597e-05
224.338,0.0005237214457831325,2.60070338343511e-05
225.46,0.0005930819277108433,2.6613608405170025e-05
226.587,0.0005963720481927712,2.6586194640981805e-05
227.72,0.0005325775903614457,2.5975132656082602e-05
228.859,0.0005144667469879518,2.5749571740930784e-05
230.003,0.0004946739759036143,2.5543330591360262e-05
231.153,0.0005059327710843374,2.5617133846352905e-05
232.309,0.0005420050602409637,2.5997118070768615e-05
233.47,0.0005385479518072287,2.612487214857162e-05
234.638,0.0005174563855421686,2.5984558537979878e-05
235.811,0.0004464149397590362,2.553084542010492e-05
236.99,0.00039064289156626506,2.5194848967877402e-05
238.175,0.0003451296385542168,2.4942281587321663e-05
239.366,0.00038702240963855425,2.539932927253881e-05
240.562,0.00035711566265060244,2.5249227958676626e-05
241.765,0.0003913026506024096,2.5518420222436586e-05
242.974,0.0003776,2.5372442649863504e-05
244.189,0.00035306481927710833,2.505863600673862e-05
245.41,0.0003341038554216867,2.4651368229751075e-05
246.637,0.00038586891566265067,2.4960488132786397e-05
247.87,0.0004092698795180722,2.5016443728101672e-05
249.109,0.00046716506024096366,2.5298868656896777e-05
250.355,0.0004093597590361446,2.4498367819219657e-05
251.607,0.0004181397590361445,2.440309071163829e-05
252.865,0.00039032554216867466,2.3969954349423097e-05
254.129,0.0003784349397590361,2.3653418321485564e-05
255.4,0.00037486337349397595,2.346273382823772e-05
256.677,0.00033325614457831333,2.3013940427129204e-05
257.96,0.0003147378313253012,2.2682547327520458e-05
259.25,0.00032102554216867466,2.259245316568229e-05
260.546,0.00031314963855421686,2.248534534344134e-05
261.849,0.00029883397590361446,2.2230867048719513e-05
263.158,0.00037798,2.299956673547246e-05
264.474,0.00037880698795180715,2.310823321383658e-05
265.796,0.00039219108433734924,2.3246135939853033e-05
267.125,0.00036690530120481933,2.3131198247200353e-05
268.461,0.00031903301204819277,2.294029347317108e-05
269.803,0.00029085975903614457,2.2925743734290467e-05
271.152,0.00025289518072289146,2.2925860155230023e-05
272.508,0.0002955137349397591,2.3798984320043972e-05
273.871,0.00028953759036144585,2.4127905418218923e-05
275.24,0.00030462265060240967,2.460433910899202e-05
276.616,0.00034744265060240967,2.5319915180067145e-05
277.999,0.00035364120481927707,2.5721180491765332e-05
279.389,0.0003382226506024096,2.5857939405459488e-05
280.786,0.00037010578313253,2.6376523219383773e-05
282.19,0.00039319855421686726,2.6917712508690947e-05
283.601,0.00037661759036144575,2.7044368986657567e-05
285.019,0.0003384238554216868,2.6930017260293683e-05
286.444,0.00033714457831325275,2.706260231683373e-05
287.876,0.00031376867469879507,2.6971352266093238e-05
289.316,0.0002822662650602407,2.673329189149879e-05
290.762,0.00030400626506024074,2.6849272716362178e-05
292.216,0.00027218915662650576,2.6472292015599107e-05
293.677,0.0003146322891566263,2.6562450567687392e-05
295.146,0.0002851840963855422,2.6100463133137344e-05
296.621,0.00033848481927710835,2.628003681712232e-05
298.104,0.0003156221686746989,2.5847238719023178e-05
299.595,0.00033076048192771083,2.5769865477961146e-05
301.093,0.0003626963855421687,2.595121263794027e-05
302.598,0.0003409686746987951,2.551995174692413e-05
304.111,0.00038288795180722884,2.563245529804322e-05
305.632,0.00036610265060240966,2.5245665171374073e-05
307.16,0.00037595421686746974,2.515149571592989e-05
308.696,0.0004422342168674698,2.5472494085463104e-05
310.239,0.0004534857831325302,2.541203163214429e-05
311.791,0.0004505007228915663,2.5147344122067266e-05
313.35,0.0004515433734939759,2.4887294305690093e-05
314.916,0.0005199913253012047,2.514852536764776e-05
316.491,0.0005439207228915662,2.5000753547743326e-05
318.073,0.0004741084337349397,2.389954122302193e-05
319.664,0.0004190638554216867,2.2928091889001343e-05
321.262,0.0003896231325301205,2.218070988845388e-05
322.868,0.00034786144578313256,2.137938871465142e-05
324.483,0.00028467879518072293,2.033017412745985e-05
326.105,0.00028642939759036145,2.0065510780194025e-05
327.736,0.0003237077108433735,2.025830747057517e-05
329.374,0.0003125978313253011,1.9932378199460083e-05
331.021,0.00030121975903614457,1.955934371364097e-05
332.676,0.0003182342168674699,1.954056664606915e-05
334.34,0.0003216559036144578,1.943241906576658e-05
336.011,0.0002771178313253012,1.8740074853905338e-05
337.691,0.0003591115662650602,1.960686335397784e-05
339.38,0.00042098385542168676,2.0231788856416092e-05
341.077,0.00046525012048192777,2.0686175319406224e-05
342.782,0.00043729060240963857,2.019142642688837e-05
344.496,0.0003825048192771084,1.9395790841453054e-05
346.218,0.00032435036144578313,1.8567670092328563e-05
347.95,0.00029632072289156625,1.8157028373810418e-05
349.689,0.00038205060240963855,1.923947602718336e-05
351.438,0.0004541527710843374,2.0087426469779283e-05
353.195,0.0005225310843373493,2.0952707452694647e-05
354.961,0.0005239019277108434,2.105079978116889e-05
356.736,0.0005217546987951808,2.0992540036925682e-05
358.519,0.0004446007228915662,2.0055502857566022e-05
360.312,0.00043086168674698783,1.9901320779601095e-05
362.114,0.00037498337349397594,1.9104043089633802e-05
363.924,0.00029239542168674697,1.798999811288499e-05
365.744,0.0002744997590361446,1.775282240306865e-05
367.572,0.00028267036144578314,1.784525194649539e-05
369.41,0.00030892939759036145,1.8238976539742723e-05
371.257,0.00033381084337349396,1.8627792032096734e-05
373.114,0.0003342756626506024,1.8652627862141774e-05
374.979,0.0003895665060240964,1.941359203492653e-05
376.854,0.00042969060240963854,1.9976180564746474e-05
378.738,0.0004541173493975903,2.029179290174246e-05
380.632,0.0004358255421686747,2.020081777981301e-05
382.535,0.00042470698795180723,2.0121901093733395e-05
384.448,0.00037103783132530125,1.953568052865504e-05
386.37,0.0003976763855421686,1.9892737763736155e-05
388.302,0.00041634240963855424,2.023294808427025e-05
390.244,0.0004748515662650603,2.0948902015101877e-05
392.195,0.0005308903614457831,2.1604085242793535e-05
394.156,0.0005664614457831326,2.2013013840702887e-05
396.127,0.0005849007228915662,2.230211355048185e-05
398.107,0.000618482891566265,2.272130341586214e-05
400.098,0.0006216886746987952,2.2840203695901287e-05
402.098,0.000654286265060241,2.3315833561367364e-05
404.109,0.0006394436144578315,2.3205040954365213e-05
406.129,0.0006349884337349397,2.3222984612344218e-05
408.16,0.0005391583132530122,2.2190789654963162e-05
410.201,0.0005157026506024097,2.198258177895093e-05
412.252,0.00043488843373493976,2.096441160493906e-05
414.313,0.00039429180722891567,2.0522334257699787e-05
416.384,0.00035791180722891564,2.0106699014079682e-05
418.466,0.000354404578313253,2.017333947320282e-05
420.559,0.00033534939759036144,1.9999317806905598e-05
422.662,0.00034201373493975896,2.0205582818758902e-05
424.775,0.00030841060240963857,1.9769601086525158e-05
426.899,0.00029927662650602405,1.9697452738620473e-05
429.033,0.0003009040963855422,1.9781628067282694e-05
431.178,0.00031199060240963856,2.0053873177061203e-05
433.334,0.00032479590361445785,2.023952910408389e-05
435.501,0.00033569228915662655,2.0479948210836297e-05
437.678,0.00033139686746987953,2.0479028102902812e-05
439.867,0.0003339404819277108,2.063085586528972e-05
442.066,0.00036617108433734943,2.1139491932793903e-05
444.276,0.0003484048192771083,2.1021185044628313e-05
446.498,0.0003922103614457831,2.1697997667582295e-05
448.73,0.00040176867469879514,2.191471505269703e-05
450.974,0.0003887219277108432,2.1843426686064194e-05
453.229,0.0003863992771084337,2.1896912057547598e-05
455.495,0.00035751686746987945,2.166443260546437e-05
457.773,0.0004911219277108433,2.3494751091184093e-05
460.061,0.0005772604819277108,2.466214333435152e-05
462.362,0.0005866896385542169,2.4852758410117536e-05
464.673,0.0006361361445783132,2.5587606355662472e-05
466.997,0.0006225771084337349,2.5531281069965828e-05
469.332,0.000636270361445783,2.5843101538738148e-05
471.679,0.0005703274698795181,2.5176480052834565e-05
474.037,0.0005278306024096384,2.4808266724179554e-05
476.407,0.00046841662650602407,2.4180628272138852e-05
478.789,0.0004201778313253013,2.3608230288642795e-05
481.183,0.00041597903614457835,2.3605937251342046e-05
483.589,0.0003930853012048193,2.3278299325668692e-05
486.007,0.00036973614457831336,2.285401239797077e-05
488.437,0.00035094650602409636,2.2482497867936472e-05
490.879,0.0003467559036144579,2.2409966538187998e-05
493.334,0.0003707486746987952,2.2677225776030944e-05
495.8,0.000361549156626506,2.2584943547729853e-05
498.279,0.0003489479518072289,2.2368276774986966e-05
500.771,0.00037519084337349394,2.274263676332339e-05
503.274,0.00042567469879518075,2.33034319507537e-05
505.791,0.0003953804819277108,2.2895057503233176e-05
508.32,0.0004020098795180722,2.2982097796487255e-05
510.861,0.0004566084337349398,2.3724250933327914e-05
513.416,0.000450201686746988,2.3682645519705334e-05
515.983,0.0004763896385542168,2.4113182140782777e-05
518.563,0.00045372,2.387859096855664e-05
521.155,0.00045149879518072286,2.3922328821813388e-05
523.761,0.0004306662650602409,2.369823344563062e-05
526.38,0.0004762096385542169,2.4393415366856268e-05
529.012,0.0005135426506024096,2.4978542695005386e-05
531.657,0.00046456819277108425,2.44256128062641e-05
534.315,0.0005256493975903615,2.534523923177821e-05
536.987,0.0004951450602409639,2.5031596932291274e-05
539.672,0.0005781643373493976,2.6350355149242636e-05
542.37,0.000608035421686747,2.6916225784133937e-05
545.082,0.00062018,2.7079230186300596e-05
547.807,0.0007016701204819277,2.8250157906823954e-05
550.546,0.0006672272289156627,2.790619357445184e-05
553.299,0.0006436337349397589,2.766884588800168e-05
556.066,0.0005059197590361446,2.5906895594883687e-05
558.846,0.00044008192771084336,2.5133434625073386e-05
561.64,0.00042228626506024097,2.5032887057938578e-05
564.448,0.0004020298795180722,2.48711150204466e-05
567.271,0.00046461759036144583,2.6060008565323517e-05
570.107,0.00043589180722891565,2.5922644976227002e-05
572.958,0.000496592048192771,2.7027128892479627e-05
575.822,0.000568978795180723,2.8164556622838364e-05
578.702,0.0005213710843373494,2.7694053528157238e-05
581.595,0.0005066727710843373,2.7421181834956025e-05
584.503,0.0005577375903614458,2.8095574651166012e-05
587.426,0.0005149098795180723,2.76058693613271e-05
590.363,0.0005675055421686748,2.836936722218215e-05
593.314,0.0005518301204819277,2.823280525586279e-05
596.281,0.0005398725301204819,2.818094530845539e-05
599.262,0.0005918284337349398,2.894165331086635e-05
602.259,0.0005920118072289157,2.9042134951865127e-05
605.27,0.0005980626506024096,2.9113503585567544e-05
608.296,0.0005637807228915662,2.8822984449749587e-05
611.338,0.0005519980722891566,2.8666191639585358e-05
614.395,0.0005122742168674698,2.818618892863669e-05
617.467,0.000514098313253012,2.8321095492733857e-05
620.554,0.0005463224096385542,2.8790441630437993e-05
623.657,0.0005485534939759035,2.881527630897151e-05
626.775,0.00047019662650602396,2.7733390308681066e-05
629.909,0.000464355421686747,2.7786549949584246e-05
633.058,0.0004638956626506024,2.776155284561831e-05
636.224,0.00047720602409638557,2.804866063597694e-05
639.405,0.0005391081927710843,2.9041855649477766e-05
642.602,0.00047843469879518065,2.825267616360571e-05
645.815,0.0005299645783132529,2.909081403255156e-05
649.044,0.0005272638554216866,2.9155668479321845e-05
652.289,0.000501404578313253,2.885519948774775e-05
655.551,0.00044818987951807235,2.8051445598187305e-05
658.828,0.0004341865060240965,2.776825560441179e-05
662.122,0.00039719180722891563,2.7262383996984063e-05
665.433,0.0004019766265060242,2.7447622629101204e-05
668.76,0.0004089559036144578,2.760244109050392e-05
672.104,0.0004257101204819278,2.7881276689980687e-05
675.464,0.0004156999999999999,2.7818316763514518e-05
678.842,0.0003735431325301205,2.7233194930759405e-05
682.236,0.00040108530120481925,2.7733923953417953e-05
685.647,0.0004197284337349397,2.808834012792177e-05
689.075,0.0003946342168674699,2.7874443313102896e-05
692.521,0.0004275062650602409,2.8420148265495007e-05
695.983,0.00041687879518072284,2.828816866279386e-05
699.463,0.00039518554216867464,2.7949715371361245e-05
702.961,0.00036491204819277107,2.7409339533525832e-05
706.475,0.0003997534939759036,2.8152017058182287e-05
710.008,0.0003956843373493975,2.8196599848798107e-05
713.558,0.00043697084337349394,2.913959973088377e-05
717.126,0.0004188197590361445,2.89418743748234e-05
720.711,0.0004222751807228915,2.9184492711183387e-05
724.315,0.00041970530120481926,2.9276361371013018e-05
727.936,0.0004127698795180723,2.935862642004207e-05
731.576,0.00046965855421686757,3.0242098769574136e-05
735.234,0.0004176686746987952,2.948876671781916e-05
738.91,0.0004854602409638554,3.078114155970164e-05
742.605,0.0005732180722891566,3.2206586005429494e-05
746.318,0.0005355250602409638,3.1691095248493126e-05
750.049,0.0004590313253012048,3.0469649701906447e-05
753.8,0.00047160746987951813,3.0784761599022754e-05
757.569,0.0004265932530120483,3.022806041351144e-05
761.356,0.0005282865060240964,3.203658656632897e-05
765.163,0.0006070809638554218,3.338194190333923e-05
768.989,0.0007268759036144579,3.5377703637754606e-05
772.834,0.0007111291566265059,3.529191838480066e-05
776.698,0.0007322315662650603,3.570310742215052e-05
780.582,0.0007639132530120481,3.631394176760653e-05
784.485,0.000762132530120482,3.634970442295951e-05
788.407,0.0007580479518072289,3.6423365049918e-05
792.349,0.0005585667469879518,3.348373016449262e-05
796.311,0.0004548657831325301,3.181801330863391e-05
800.292,0.00043771518072289155,3.1738090306218375e-05
804.294,0.00041831927710843375,3.1561488218801905e-05
808.315,0.0004272896385542169,3.173355796541625e-05
812.357,0.00045307518072289156,3.228454702558809e-05
816.419,0.0004365481927710843,3.234190801066565e-05
820.501,0.00038674891566265054,3.167550379984076e-05
824.603,0.0003849732530120481,3.1693428287701334e-05
828.726,0.00040085253012048195,3.2232734979026986e-05
832.87,0.0004369595180722891,3.3076982597262175e-05
837.034,0.00048489855421686754,3.3756660562865366e-05
841.219,0.000514782891566265,3.424262986002367e-05
845.425,0.0005786833734939758,3.5528625286167824e-05
849.653,0.0005615674698795181,3.536925956652502e-05
853.901,0.0005407093975903614,3.519428182529702e-05
858.17,0.0005456963855421687,3.556539216057503e-05
862.461,0.0006860055421686748,3.7980725588000936e-05
866.773,0.000690652530120482,3.8160057828907814e-05
871.107,0.0005702602409638555,3.626047800322687e-05
875.463,0.0004693645783132531,3.457816683717794e-05
879.84,0.0004237546987951808,3.3716622161376136e-05
884.239,0.00045111301204819274,3.4299889043629336e-05
888.661,0.0004345154216867469,3.3889173158080526e-05
893.104,0.00046062939759036146,3.435734804210844e-05
897.569,0.0005316498795180722,3.574395475319108e-05
902.057,0.0005247130120481927,3.585896991950017e-05
906.568,0.00048318554216867466,3.527423708160205e-05
911.1,0.0005269633734939758,3.6490428443451376e-05
915.656,0.0004972144578313252,3.617677375867819e-05
920.234,0.0005514448192771084,3.746141804238799e-05
924.835,0.0005753995180722892,3.805110631178268e-05
929.46,0.0005767048192771083,3.823256941504276e-05
934.107,0.0005892387951807229,3.8709226382924076e-05
938.777,0.0006649573493975904,4.001166907181722e-05
943.471,0.0007775209638554216,4.199400672394145e-05
948.189,0.0008291178313253011,4.2887545813290206e-05
952.93,0.0006854431325301204,4.051519243425376e-05
957.694,0.0005773363855421685,3.870099240269432e-05
962.483,0.0005241561445783133,3.791180958342624e-05
967.295,0.0005269975903614458,3.8271306394922624e-05
972.132,0.0005421980722891566,3.864473086294299e-05
976.992,0.0006349795180722891,4.063530929513635e-05
981.877,0.0006955532530120483,4.196133094707269e-05
986.787,0.000741681686746988,4.278498899956436e-05
991.72,0.0007453968674698795,4.302224599101251e-05
996.679,0.0006973378313253012,4.237792692693301e-05
1001.66,0.0006853766265060242,4.231037527232884e-05
1006.67,0.000571129156626506,4.016036283229161e-05
1011.7,0.0005020665060240964,3.8859898722245145e-05
1016.76,0.0005264493975903615,3.9733293769264605e-05
1021.85,0.000537909156626506,3.9931290679752e-05
1026.96,0.0006275407228915663,4.18699565711657e-05
1032.09,0.00077224,4.472693984178208e-05
1037.25,0.000743132530120482,4.451157286812136e-05
1042.44,0.0007061310843373493,4.371613967141482e-05
1047.65,0.0005811306024096386,4.147351098521269e-05
1052.89,0.0005929997590361446,4.188513728747181e-05
1058.15,0.0006191785542168676,4.2623891490359854e-05
1063.44,0.0005845872289156626,4.204911320792559e-05
1068.76,0.0004767640963855422,3.978731867878223e-05
1074.1,0.0005033363855421686,4.0501627474276033e-05
1079.47,0.0005790518072289157,4.226422377958812e-05
1084.87,0.000575077108433735,4.224264597951066e-05
1090.3,0.0005619510843373493,4.2256753535034565e-05
1095.75,0.000707549156626506,4.560380488499164e-05
1101.23,0.0007891455421686747,4.72096340336538e-05
1106.73,0.000669364578313253,4.50419138990943e-05
1112.27,0.0005042884337349397,4.186952706991685e-05
1117.83,0.0005698946987951807,4.3351733928823496e-05
1123.42,0.0006126715662650602,4.444090191743099e-05
1129.03,0.0006465204819277109,4.520722625692357e-05
1134.68,0.0005697366265060242,4.400605660311344e-05
1140.35,0.0006086457831325302,4.499922984864422e-05
1146.05,0.0005759395180722892,4.480195866818474e-05
1151.78,0.000692967469879518,4.7520618364577065e-05
1157.54,0.0006889248192771083,4.778678222195407e-05
1163.33,0.0005641209638554217,4.523938601508235e-05
1169.15,0.00045179590361445784,4.298966196753623e-05
1174.99,0.000443438313253012,4.282694990114741e-05
1180.87,0.00047923566265060236,4.387457856981379e-05
1186.77,0.0004803453012048193,4.4114058201599185e-05
1192.71,0.0004953380722891567,4.453875427722784e-05
1198.67,0.0005764884337349397,4.64442669515721e-05
1204.66,0.000567749156626506,4.647662688903042e-05
1210.69,0.000535310361445783,4.596352659452559e-05
1216.74,0.000617964096385542,4.8490282567868014e-05
1222.82,0.0006090402409638554,4.8509630961745206e-05
1228.94,0.0006778756626506023,5.0153552167320567e-05
1235.08,0.0006190373493975903,4.917414080004702e-05
1241.26,0.0006430448192771085,4.9896622620341993e-05
1247.46,0.0006251286746987952,4.9498811237790545e-05
1253.7,0.0007141281927710843,5.165854681616662e-05
1259.97,0.0007360946987951808,5.2366381895619416e-05
1266.27,0.0006264575903614458,5.044058431030328e-05
1272.6,0.0005835262650602409,4.9387605405182434e-05
1278.96,0.0005438431325301205,4.898322107770217e-05
1285.36,0.0005657253012048192,4.987848619242296e-05
1291.79,0.0005656922891566264,5.006833893453258e-05
1298.24,0.0005626089156626506,5.043934972222221e-05
1304.74,0.0004812626506024096,4.870187381947078e-05
1311.26,0.000524257108433735,4.969654238703436e-05
1317.82,0.0005365462650602411,5.008626713632809e-05
1324.41,0.0006343718072289157,5.2638960671320536e-05
1331.03,0.000709045060240964,5.4701083030753676e-05
1337.68,0.0008100431325301205,5.727060053837761e-05
1344.37,0.0008473255421686745,5.8514587005839216e-05
1351.09,0.0007321477108433734,5.6589490801195824e-05
1357.85,0.0006928640963855421,5.632950776777522e-05
1364.64,0.0005610559036144578,5.367477536435791e-05
1371.46,0.0005528098795180722,5.397225901399075e-05
1378.32,0.0005162734939759035,5.322212101375778e-05
1385.21,0.0005647616867469879,5.4619077722337884e-05
1392.14,0.0005395342168674699,5.351247288094831e-05
1399.1,0.0006317503614457832,5.56197008349477e-05
1406.09,0.000648686987951807,5.611817917150154e-05
1413.12,0.0006350214457831326,5.613778133738548e-05
1420.19,0.0005656640963855422,5.513673798013575e-05
1427.29,0.0005622686746987951,5.586453607588124e-05
1434.43,0.0005723000000000002,5.6723551974050125e-05
1441.6,0.0006446130120481929,5.8504249817774785e-05
1448.81,0.0006894086746987952,5.9656326949041624e-05
1456.05,0.0006748508433734939,5.897738557938668e-05
1463.33,0.0005877156626506023,5.6695334693992856e-05
1470.65,0.0006556971084337349,5.842984761458983e-05
1478.0,0.0005911161445783133,5.737247874575778e-05
1485.39,0.0005869865060240963,5.7515146813150945e-05
1492.82,0.0004994269879518074,5.567360295503664e-05
1500.28,0.0005429110843373494,5.727775227679959e-05
1507.78,0.00050415421686747,5.64813601553838e-05
1515.32,0.0005897257831325301,5.879677812653238e-05
1522.9,0.0006461727710843374,6.049240329422547e-05
1530.51,0.0006282889156626506,6.0283381943212584e-05
1538.16,0.0005788443373493976,5.9444878605134314e-05
1545.86,0.0005569616867469879,5.896089820509352e-05
1553.58,0.0005543281927710843,5.9235736670935974e-05
1561.35,0.0005508457831325301,5.952830637703268e-05
1569.16,0.0006122975903614457,6.116588361982796e-05
1577.0,0.0006172836144578312,6.122476601006868e-05
1584.89,0.000566950843373494,6.018303688889886e-05
1592.81,0.000560086265060241,5.972151977377516e-05
1600.78,0.0006627419277108434,6.221088474536186e-05
1608.78,0.000663697108433735,6.234243615885051e-05
1616.83,0.0006803946987951806,6.316125492450006e-05
1624.91,0.0005908855421686747,6.065559163502216e-05
1633.03,0.0005414484337349397,6.0064919141607775e-05
1641.2,0.0006782956626506025,6.42641286287027e-05
1649.41,0.000553730843373494,6.11026302102166e-05
1657.65,0.0005055551807228915,5.986525734359799e-05
1665.94,0.0005572571084337349,6.163908442599562e-05
1674.27,0.0006198812048192771,6.360240186088957e-05
1682.64,0.000482349156626506,5.9587684513221886e-05
1691.06,0.0006206378313253012,6.419670096433773e-05
1699.51,0.0006638901204819278,6.547814493684917e-05
1708.01,0.0005997407228915661,6.406295408517562e-05
1716.55,0.0004967019277108433,6.0765435080969135e-05
1725.13,0.0006859698795180723,6.667072701133145e-05
1733.76,0.000642833734939759,6.525858618297418e-05
1742.43,0.0005247850602409639,6.18956754992972e-05
1751.14,0.0005884787951807228,6.387614985095973e-05
1759.89,0.0005857267469879518,6.387819235697876e-05
1768.69,0.0006192163855421686,6.456607503336942e-05
1777.54,0.0007047751807228914,6.771743464905885e-05
1786.42,0.0006402407228915663,6.617001457399636e-05
1795.36,0.0005540033734939759,6.396878042489201e-05
1804.33,0.000535284578313253,6.415527461436686e-05
1813.35,0.0005173578313253012,6.469989177175282e-05
1822.42,0.0005631455421686747,6.663233846185168e-05
1831.53,0.0005305539759036144,6.535594995492505e-05
1840.69,0.0005055925301204819,6.467401415961493e-05
1849.89,0.0005365072289156626,6.594079909677078e-05
1859.14,0.0005392026506024096,6.646267119934282e-05
1868.44,0.0005019780722891567,6.506677894143313e-05
1877.78,0.0004932460240963856,6.475098008904196e-05
1887.17,0.0004896375903614458,6.4863672309554e-05
1896.61,0.0005005414457831326,6.507027213091824e-05
1906.09,0.0005517481927710843,6.658087831986072e-05
1915.62,0.0005527139759036144,6.680717317991309e-05
1925.2,0.0005227168674698796,6.633282791791519e-05
1934.82,0.0004530491566265059,6.434980774332352e-05
1944.5,0.0006254860240963856,7.055716562345596e-05
1954.22,0.0005896527710843373,6.929871782511537e-05
1963.99,0.0005593185542168675,6.890337484053837e-05
1973.81,0.0005565392771084337,6.920357831047898e-05
1983.68,0.0005348228915662649,6.84581693756194e-05
1993.6,0.00040247108433734934,6.390031918730768e-05
2003.57,0.00046574578313253006,6.653883485801255e-05
2013.59,0.0005543130120481928,6.929334589481374e-05
2023.65,0.0005162238554216867,6.783443451177933e-05
2033.77,0.0004479559036144577,6.622524456334468e-05
2043.94,0.0005154884337349398,6.878465442998673e-05
2054.16,0.0005389573493975904,7.000256149450627e-05
2064.43,0.00046359180722891556,6.790447140945573e-05
2074.75,0.0005657277108433734,7.15222640890382e-05
2085.13,0.0005922460240963854,7.196660725961231e-05
2095.55,0.0004759607228915662,6.807208518536879e-05
2106.03,0.0004969207228915664,6.955742135497679e-05
2116.56,0.0005666718072289156,7.3052209327445e-05
2127.14,0.0004368995180722891,6.894712206602535e-05
2137.78,0.00043518240963855414,6.891901650270272e-05
2148.47,0.0005977684337349397,7.451656634260171e-05
2159.21,0.0005298968674698794,7.26367330009676e-05
2170.01,0.0004553002409638553,6.981862543201385e-05
2180.86,0.0005104602409638552,7.153545516051812e-05
2191.76,0.0004550696385542167,6.988852195676487e-05
2202.72,0.0004919016867469879,7.17730633783061e-05
2213.73,0.0005451727710843373,7.385394792587638e-05
2224.8,0.000537412048192771,7.412191674094984e-05
2235.93,0.0004599009638554217,7.241607091675083e-05
2247.11,0.00041634915662650587,7.135667482148625e-05
2258.34,0.0003617250602409638,6.918720275921233e-05
2269.63,0.0004925156626506024,7.43725432586695e-05
2280.98,0.0003959939759036144,7.149654066561507e-05
2292.39,0.00035144795180722886,6.973059945975017e-05
2303.85,0.00041524409638554207,7.281421300331155e-05
2315.37,0.00034733397590361434,7.02444059371093e-05
2326.94,0.0004319202409638555,7.329568406859422e-05
2338.58,0.0005524525301204818,7.693782630044107e-05
2350.27,0.0005432518072289156,7.647944772460955e-05
2362.02,0.0005647267469879517,7.673837917756555e-05
2373.83,0.0005414751807228914,7.610717672528983e-05
2385.7,0.000474078313253012,7.428535431497425e-05
2397.63,0.00047458987951807223,7.447377289138897e-05
2409.62,0.00046263951807228916,7.364153035733506e-05
2421.67,0.00045737445783132534,7.411008229174753e-05
2433.77,0.00048818698795180716,7.547273145382685e-05
2445.94,0.0005315339759036144,7.630888748130989e-05
2458.17,0.0006501031325301205,8.076179506691242e-05
2470.46,0.000600230361445783,7.98075170402335e-05
2482.82,0.0005720481927710845,7.849597899092813e-05
2495.23,0.0005493253012048194,7.79755537679986e-05
2507.71,0.0004808797590361445,7.652523461990173e-05
2520.25,0.0005102293975903613,7.841404504443022e-05
2532.85,0.0005711718072289156,8.117526789527132e-05
2545.51,0.0005727448192771085,8.149570070777395e-05
2558.24,0.0004375963855421687,7.631923836736639e-05
2571.03,0.0005941980722891566,8.223565780731548e-05
2583.88,0.0005472768674698794,8.081590830838023e-05
2596.8,0.0005514621686746988,8.151403471500618e-05
2609.79,0.000496193734939759,7.936485109963392e-05
2622.84,0.0005375060240963856,8.173430778227346e-05
2635.95,0.0005942257831325302,8.513681365351821e-05
2649.13,0.0006745428915662651,8.836741735161273e-05
2662.38,0.0006086527710843373,8.505468472100407e-05
2675.69,0.000493975421686747,8.059063370534375e-05
2689.07,0.0005954997590361445,8.413077728837339e-05
2702.51,0.0005842493975903615,8.305666096364205e-05
2716.02,0.0004944144578313252,7.975561017363767e-05
2729.61,0.0005810987951807229,8.351234861587031e-05
2743.25,0.0007002665060240964,8.87367837678591e-05
2756.97,0.000607526265060241,8.503522979840626e-05
2770.75,0.0006444778313253012,8.626331699334735e-05
2784.61,0.0006320518072289156,8.548502872566067e-05
2798.53,0.0005213612048192771,8.0781044061508e-05
2812.52,0.0005017992771084338,8.025366860304488e-05
2826.59,0.00046729518072289157,7.933598517322761e-05
2840.72,0.0005345325301204819,8.282889164687028e-05
2854.92,0.0005563987951807229,8.443408094062833e-05
2869.2,0.0005156869879518073,8.313066228954227e-05
2883.54,0.0005751031325301205,8.539356403108266e-05
2897.96,0.0006395961445783133,8.848123181335132e-05
2912.45,0.0006370327710843374,8.933811200590594e-05
2927.01,0.0005901679518072288,8.782456817403007e-05
2941.65,0.0005735060240963855,8.870474268531723e-05
2956.36,0.0004994939759036144,8.608979857938853e-05
2971.14,0.0005294532530120482,8.784555618165979e-05
2985.99,0.000600582891566265,9.004505771889304e-05
3000.92,0.0005863236144578312,8.9668632856588e-05
3015.93,0.0007605925301204821,9.623177688641217e-05
3031.01,0.0006937445783132529,9.324744901336793e-05
3046.16,0.0006425990361445783,9.016160380153533e-05
3061.39,0.0005935173493975903,8.809415074167735e-05
3076.7,0.0006328513253012047,9.10941452395954e-05
3092.08,0.0008364546987951805,0.00010010645384924136
3107.54,0.0007832763855421686,9.887165499256935e-05
3123.08,0.000686284578313253,9.673334067098954e-05
3138.7,0.0005960409638554216,9.392553773448183e-05
3154.39,0.0005023956626506023,8.95227009840507e-05
3170.16,0.000424101686746988,8.653239945584548e-05
3186.01,0.0004473019277108434,8.855057294373134e-05
3201.94,0.0004981069879518072,9.083524352622964e-05
3217.95,0.0004542944578313254,8.916188452568332e-05
3234.04,0.0005826339759036145,9.553095293238189e-05
3250.21,0.0006933910843373494,0.00010039403400766753
3266.47,0.0006000069879518072,9.609243194970662e-05
3282.8,0.000544066265060241,9.34157494143633e-05
3299.21,0.00048026602409638556,9.14539326303727e-05
3315.71,0.00043320987951807224,8.925060944602811e-05
3332.29,0.0005811739759036144,9.531248029433365e-05
3348.95,0.0005184696385542169,9.258771570990394e-05
3365.69,0.000574418313253012,9.523290130436159e-05
3382.52,0.0005475038554216867,9.40017059571897e-05
3399.43,0.0005062556626506025,9.211130139896801e-05
3416.43,0.000546221204819277,9.479492225154185e-05
3433.51,0.0006466163855421686,9.944722548758558e-05
3450.68,0.0006576696385542169,9.996371415173034e-05
3467.93,0.0005149173493975904,9.375862296206872e-05
3485.27,0.0006146115662650602,9.802305621623546e-05
3502.7,0.0006325638554216868,9.938597418379612e-05
3520.21,0.0004642361445783132,9.301852428252788e-05
3537.81,0.0005235718072289156,9.637297365110616e-05
3555.5,0.0005500616867469881,9.805537063680622e-05
3573.28,0.0006060144578313254,0.00010097379296932873
3591.15,0.0006418506024096386,0.00010255435259020652
3609.1,0.0006472597590361446,0.00010295566202207546
3627.15,0.0006703373493975904,0.00010416170317419557
3645.28,0.0005572946987951807,9.917825499890713e-05
3663.51,0.0005872122891566264,0.00010131570657754267
3681.83,0.0006311200000000001,0.00010430037136141832
3700.24,0.0005947874698795182,0.00010253673470703227
3718.74,0.0004956814457831325,9.742778556961703e-05
3737.33,0.0006311672289156627,0.00010455075828598232
3756.02,0.0006509146987951807,0.00010516475748516945
3774.8,0.0005323580722891566,9.919500508625926e-05
3793.67,0.0005263812048192771,9.887062367396404e-05
3812.64,0.0005002219277108434,9.790369884127917e-05
3831.7,0.0005026106024096385,9.76613893111161e-05
3850.86,0.0005723660240963855,0.00010217292362046387
3870.12,0.0005580368674698796,0.00010225527309539689
3889.47,0.0005488624096385543,0.00010317344499468281
3908.92,0.0006925395180722891,0.00011177327470777481
3928.46,0.0006289253012048191,0.0001090423263047604
3948.1,0.0007166597590361447,0.0001134626908802399
3967.84,0.0006826554216867469,0.00011139338606993424
3987.68,0.000649495421686747,0.00010832465611536651
4007.62,0.0005512797590361446,0.00010247959450125155
4027.66,0.00039838674698795183,9.56251209453208e-05
4047.8,0.0005695961445783132,0.00010612595790610133
4068.04,0.0005940334939759037,0.00010859672962080868
4088.38,0.0005857175903614457,0.00010874288629341356
4108.82,0.0005420395180722891,0.00010857472297846265
4129.36,0.0004840101204819277,0.00010636145543726381
4150.01,0.0005492303614457831,0.00010904674939796042
4170.76,0.0006447896385542169,0.00011206498272926824
4191.61,0.0007317756626506024,0.00011738003646036076
4212.57,0.0007293433734939759,0.00011779673062997812
4233.63,0.0006930043373493977,0.00011484826098119132
4254.8,0.0006944973493975904,0.0001149611545241215
4276.08,0.0006682513253012047,0.00011453401662591122
4297.46,0.0007014002409638554,0.0001157464565841617
4318.94,0.0007546339759036145,0.00011719819289736963
4340.54,0.000712,0.0001148997164346802
4362.24,0.0007594407228915664,0.00011839247283408227
4384.05,0.0006551187951807228,0.00011547906195960297
4405.97,0.0005562510843373494,0.00011211737147490639
4428.0,0.000534713734939759,0.00011157477606202377
4450.14,0.0005855216867469879,0.00011522524919762577
4472.39,0.0005384310843373494,0.00011299670809200139
4494.75,0.00048690530120481927,0.0001098813899270543
4517.23,0.00047569759036144573,0.00010961930371800253
4539.81,0.000498554939759036,0.0001113814423944696
4562.51,0.0005738195180722891,0.00011698625186142472
4585.33,0.0005271604819277108,0.00011648077430063604
4608.25,0.0004542686746987951,0.00011251007707688808
4631.29,0.0005520053012048193,0.00011692806560090687
4654.45,0.0006219373493975904,0.00012042528414159837
4677.72,0.0005774903614457832,0.00011548874167676075
4701.11,0.0006558284337349397,0.00011833122231638293
4724.62,0.000713593734939759,0.00012189478890823317
4748.24,0.0006975655421686746,0.00012186147783517574
4771.98,0.0006545245783132529,0.00011930235451427977
4795.84,0.0005216532530120481,0.00011492433845089417
4819.82,0.000570947469879518,0.00011815064756993483
4843.92,0.0005645549397590361,0.0001177784514294753
4868.14,0.0006048224096385541,0.00012034188560538417
4892.48,0.0006681592771084336,0.00012439442085162493
4916.94,0.0006060284337349397,0.00012147863937573335
4941.53,0.0005828106024096385,0.00012100441395088462
4966.23,0.000633110843373494,0.00012343577056415507
4991.07,0.0005497937349397589,0.00011903447801492746
5016.02,0.0006570175903614458,0.00012479791036485997
5041.1,0.0007086792771084338,0.00012822670769338477
5066.31,0.0006017093975903614,0.000122871870329182
5091.64,0.0005699828915662651,0.00012158303547719333
5117.1,0.0005837877108433734,0.00012383619866028082
5142.68,0.0005345479518072289,0.00012173562419950633
5168.4,0.0004237568674698794,0.0001152878934517385
5194.24,0.00039652674698795176,0.00011414932798495845
5220.21,0.00048567445783132527,0.00011820626913996867
5246.31,0.000514041686746988,0.00011947957446826881
5272.54,0.0005291587951807229,0.00012191709009990444
5298.9,0.0005983489156626505,0.00012587764621319002
5325.4,0.0007132243373493977,0.00013161897416262599
5352.03,0.0007536542168674699,0.00013523796287726438
5378.79,0.0006769937349397591,0.00013153700089551176
5405.68,0.000602513734939759,0.0001277078082717388
5432.71,0.0005930778313253011,0.00012828672373996387
5459.87,0.0005508660240963855,0.00012648512273112723
5487.17,0.0005647272289156628,0.00012790192517445878
5514.61,0.0005701402409638553,0.0001297293932516406
5542.18,0.0005379792771084337,0.00012780924788719284
5569.89,0.0005417055421686747,0.00012808897169630293
5597.74,0.0005953780722891567,0.00013257988291749472
5625.73,0.000765221204819277,0.00014284180230384575
5653.86,0.0007416530120481927,0.00013985451687935623
5682.13,0.000687121686746988,0.00013640322110810923
5710.54,0.0005428819277108434,0.00012760599953057846
5739.09,0.0004721896385542168,0.00012331212997821527
5767.79,0.0005678532530120482,0.00013062320114324964
5796.62,0.0006290937349397588,0.000136777185137451
5825.61,0.0005675556626506023,0.00013544922984504317
5854.74,0.0005297067469879519,0.00013287828444933028
5884.01,0.0005076496385542169,0.0001303894813554952
5913.43,0.0005987267469879518,0.00013461317371622227
5943.0,0.0006587980722891566,0.00013761142291485642
5972.71,0.0006812007228915662,0.00013899208756873763
6002.57,0.0005394672289156625,0.00013203932883061028
6032.59,0.0004133190361445783,0.00012678906431570953
6062.75,0.00044616602409638565,0.00012997342997641458
6093.06,0.0004588144578313253,0.00013243507811950823
6123.53,0.00041393108433734936,0.00013033863415918634
6154.15,0.00044777590361445776,0.0001317610678723806
6184.92,0.0005149968674698794,0.00013540728082869834
6215.84,0.0006251431325301204,0.0001422504804928371
6246.92,0.0006577060240963856,0.0001432135791055952
6278.16,0.000642393734939759,0.00014194397195766163
6309.55,0.0007384453012048192,0.00014774064891702086
6341.09,0.0006674949397590361,0.00014364977680141562
6372.8,0.0003842431325301205,0.00012774769784915628
6404.66,0.00033899807228915667,0.00012561763848926272
6436.69,0.00041151469879518066,0.0001302095686616546
6468.87,0.000618606265060241,0.00014419963988386813
6501.22,0.000657413734939759,0.00014780554098380174
6533.72,0.0006229065060240963,0.0001453931658585023
6566.39,0.0006149284337349398,0.00014677448804815778
6599.22,0.0006784349397590362,0.00015051362562674668
6632.22,0.0007398775903614458,0.00015516967340767907
6665.38,0.0006839686746987952,0.00015201409370736913
6698.71,0.0007405734939759037,0.0001550594623226441
6732.2,0.00078701156626506,0.0001564105665479577
6765.86,0.0007563274698795179,0.0001554924857741216
6799.69,0.0007518522891566264,0.00015683879275241083
6833.69,0.0008357761445783131,0.00016133733903203428
6867.86,0.0007584012048192769,0.0001576738309234968
6902.2,0.0006482289156626507,0.0001509764713488974
6936.71,0.0005797489156626506,0.00014615579294695826
6971.39,0.0007037513253012049,0.0001526559664729156
7006.25,0.0007241744578313252,0.00015288151271133785
7041.28,0.0007037689156626506,0.00015139067896458524
7076.49,0.0006391573493975903,0.00014735347740144894
7111.87,0.0007809503614457831,0.00015586977598225113
7147.43,0.0008667412048192771,0.00016114924341415317
7183.16,0.0009101727710843373,0.00016468147017473426
7219.08,0.0009774607228915661,0.000169201450292002
7255.18,0.0007910469879518073,0.00016038875223894192
7291.45,0.0008378751807228916,0.00016483200543065415
7327.91,0.0008760600000000001,0.0001677973360236562
7364.55,0.000817116626506024,0.00016550591854061684
7401.37,0.000688978313253012,0.00015934751280865159
7438.38,0.0006780007228915663,0.00015794083510353648
7475.57,0.0005970156626506025,0.00015201736363637826
7512.95,0.00046206072289156614,0.00014434699424604054
7550.51,0.0006748727710843373,0.00015949475426843237
7588.26,0.0006894257831325301,0.0001605295168370572
7626.21,0.0006291893975903613,0.00015796034528321024
7664.34,0.0005392139759036143,0.0001535286368318178
7702.66,0.0006926703614457831,0.000164413354224468
7741.17,0.0006725371084337348,0.0001634684333371381
7779.88,0.0005504696385542168,0.00015637364879815812
7818.78,0.0006849910843373493,0.00016605324702186953
7857.87,0.000539264096385542,0.00015853598431081795
7897.16,0.000476190843373494,0.0001548687291644097
7936.65,0.000555867469879518,0.0001615042846677191
7976.33,0.0005786843373493975,0.00016535774370291637
8016.21,0.0006277387951807229,0.00017086993549674366
8050.87,0.0007195450602409638,0.0002048134337670509
